metadata_index,observation_date,year,title,source_path,source_url,file_name,file_extension,duplicate_count,title_date_in_path,status,anomaly_codes,plan_generated_at_utc,selection_basis,selection_note
61,2022-01-04,2022,PKRV04012022,/Upload/WebDoc/IndustryStatictics/PKRV040120221900.csv,https://www.mufap.com.pk/Upload/WebDoc/IndustryStatictics/PKRV040120221900.csv,PKRV040120221900.csv,.csv,1,TRUE,READY,,2026-09-28T20:26:13+00:00,AUTO_READY,No metadata anomaly detected.
64,2022-01-05,2022,PKRV05012022,/Upload/WebDoc/IndustryStatictics/PKRV050120221901.csv,https://www.mufap.com.pk/Upload/WebDoc/IndustryStatictics/PKRV050120221901.csv,PKRV050120221901.csv,.csv,1,TRUE,READY,,2026-09-28T20:26:13+00:00,AUTO_READY,No metadata anomaly detected.
67,2022-01-06,2022,PKRV06012022,/Upload/WebDoc/IndustryStatictics/PKRV060120221902.csv,https://www.mufap.com.pk/Upload/WebDoc/IndustryStatictics/PKRV060120221902.csv,PKRV060120221902.csv,.csv,1,TRUE,READY,,2026-09-28T20:26:13+00:00,AUTO_READY,No metadata anomaly detected.
70,2022-01-07,2022,PKRV07012022,/Upload/WebDoc/IndustryStatictics/PKRV070120221903.csv,https://www.mufap.com.pk/Upload/WebDoc/IndustryStatictics/PKRV070120221903.csv,PKRV070120221903.csv,.csv,1,TRUE,READY,,2026-09-28T20:26:13+00:00,AUTO_READY,No metadata anomaly detected.
73,2022-01-10,2022,PKRV10012022,/Upload/WebDoc/IndustryStatictics/PKRV100120221904.csv,https://www.mufap.com.pk/Upload/WebDoc/IndustryStatictics/PKRV100120221904.csv,PKRV100120221904.csv,.csv,1,TRUE,READY,,2026-09-28T20:26:13+00:00,AUTO_READY,No metadata anomaly detected.
76,2022-01-11,2022,PKRV11012022,/Upload/WebDoc/IndustryStatictics/PKRV110120221905.csv,https://www.mufap.com.pk/Upload/WebDoc/IndustryStatictics/PKRV110120221905.csv,PKRV110120221905.csv,.csv,1,TRUE,READY,,2026-09-28T20:26:13+00:00,AUTO_READY,No metadata anomaly detected.
79,2022-01-12,2022,PKRV12012022,/Upload/WebDoc/IndustryStatictics/PKRV120120221906.csv,https://www.mufap.com.pk/Upload/WebDoc/IndustryStatictics/PKRV120120221906.csv,PKRV120120221906.csv,.csv,1,TRUE,READY,,2026-09-28T20:26:13+00:00,AUTO_READY,No metadata anomaly detected.
82,2022-01-13,2022,PKRV13012022,/Upload/WebDoc/IndustryStatictics/PKRV130120221907.csv,https://www.mufap.com.pk/Upload/WebDoc/IndustryStatictics/PKRV130120221907.csv,PKRV130120221907.csv,.csv,1,TRUE,READY,,2026-09-28T20:26:13+00:00,AUTO_READY,No metadata anomaly detected.
85,2022-01-14,2022,PKRV14012022,/Upload/WebDoc/IndustryStatictics/PKRV140120221908.csv,https://www.mufap.com.pk/Upload/WebDoc/IndustryStatictics/PKRV140120221908.csv,PKRV140120221908.csv,.csv,1,TRUE,READY,,2026-09-28T20:26:13+00:00,AUTO_READY,No metadata anomaly detected.
88,2022-01-17,2022,PKRV17012022,/Upload/WebDoc/IndustryStatictics/PKRV170120221909.csv,https://www.mufap.com.pk/Upload/WebDoc/IndustryStatictics/PKRV170120221909.csv,PKRV170120221909.csv,.csv,1,TRUE,READY,,2026-09-28T20:26:13+00:00,AUTO_READY,No metadata anomaly detected.
91,2022-01-18,2022,PKRV18012022,/Upload/WebDoc/IndustryStatictics/PKRV180120221910.csv,https://www.mufap.com.pk/Upload/WebDoc/IndustryStatictics/PKRV180120221910.csv,PKRV180120221910.csv,.csv,1,TRUE,READY,,2026-09-28T20:26:13+00:00,AUTO_READY,No metadata anomaly detected.
94,2022-01-19,2022,PKRV19012022,/Upload/WebDoc/IndustryStatictics/PKRV190120221911.csv,https://www.mufap.com.pk/Upload/WebDoc/IndustryStatictics/PKRV190120221911.csv,PKRV190120221911.csv,.csv,1,TRUE,READY,,2026-09-28T20:26:13+00:00,AUTO_READY,No metadata anomaly detected.
97,2022-01-20,2022,PKRV20012022,/Upload/WebDoc/IndustryStatictics/PKRV200120221912.csv,https://www.mufap.com.pk/Upload/WebDoc/IndustryStatictics/PKRV200120221912.csv,PKRV200120221912.csv,.csv,1,TRUE,READY,,2026-09-28T20:26:13+00:00,AUTO_READY,No metadata anomaly detected.
100,2022-01-21,2022,PKRV21012022,/Upload/WebDoc/IndustryStatictics/PKRV210120221913.csv,https://www.mufap.com.pk/Upload/WebDoc/IndustryStatictics/PKRV210120221913.csv,PKRV210120221913.csv,.csv,1,TRUE,READY,,2026-09-28T20:26:13+00:00,AUTO_READY,No metadata anomaly detected.
102,2022-01-24,2022,PKRV24012022,/Upload/WebDoc/IndustryStatictics/PKRV240120221914.csv,https://www.mufap.com.pk/Upload/WebDoc/IndustryStatictics/PKRV240120221914.csv,PKRV240120221914.csv,.csv,1,TRUE,READY,,2026-09-28T20:26:13+00:00,AUTO_READY,No metadata anomaly detected.
105,2022-01-25,2022,PKRV25012022,/Upload/WebDoc/IndustryStatictics/PKRV250120221915.csv,https://www.mufap.com.pk/Upload/WebDoc/IndustryStatictics/PKRV250120221915.csv,PKRV250120221915.csv,.csv,1,TRUE,READY,,2026-09-28T20:26:13+00:00,AUTO_READY,No metadata anomaly detected.
108,2022-01-26,2022,PKRV26012022,/Upload/WebDoc/IndustryStatictics/PKRV260120221916.csv,https://www.mufap.com.pk/Upload/WebDoc/IndustryStatictics/PKRV260120221916.csv,PKRV260120221916.csv,.csv,1,TRUE,READY,,2026-09-28T20:26:13+00:00,AUTO_READY,No metadata anomaly detected.
111,2022-01-27,2022,PKRV27012022,/Upload/WebDoc/IndustryStatictics/PKRV270120221917.csv,https://www.mufap.com.pk/Upload/WebDoc/IndustryStatictics/PKRV270120221917.csv,PKRV270120221917.csv,.csv,1,TRUE,READY,,2026-09-28T20:26:13+00:00,AUTO_READY,No metadata anomaly detected.
114,2022-01-28,2022,PKRV28012022,/Upload/WebDoc/IndustryStatictics/PKRV280120221918.csv,https://www.mufap.com.pk/Upload/WebDoc/IndustryStatictics/PKRV280120221918.csv,PKRV280120221918.csv,.csv,1,TRUE,READY,,2026-09-28T20:26:13+00:00,AUTO_READY,No metadata anomaly detected.
118,2022-01-31,2022,PKRV31012022,/Upload/WebDoc/IndustryStatictics/PKRV310120221919.csv,https://www.mufap.com.pk/Upload/WebDoc/IndustryStatictics/PKRV310120221919.csv,PKRV310120221919.csv,.csv,1,TRUE,READY,,2026-09-28T20:26:13+00:00,AUTO_READY,No metadata anomaly detected.
120,2022-02-01,2022,PKRV01022022,/Upload/WebDoc/IndustryStatictics/PKRV010220221920.csv,https://www.mufap.com.pk/Upload/WebDoc/IndustryStatictics/PKRV010220221920.csv,PKRV010220221920.csv,.csv,1,TRUE,READY,,2026-09-28T20:26:13+00:00,AUTO_READY,No metadata anomaly detected.
123,2022-02-02,2022,PKRV02022022,/Upload/WebDoc/IndustryStatictics/PKRV020220221921.csv,https://www.mufap.com.pk/Upload/WebDoc/IndustryStatictics/PKRV020220221921.csv,PKRV020220221921.csv,.csv,1,TRUE,READY,,2026-09-28T20:26:13+00:00,AUTO_READY,No metadata anomaly detected.
126,2022-02-03,2022,PKRV03022022,/Upload/WebDoc/IndustryStatictics/PKRV030220221922.csv,https://www.mufap.com.pk/Upload/WebDoc/IndustryStatictics/PKRV030220221922.csv,PKRV030220221922.csv,.csv,1,TRUE,READY,,2026-09-28T20:26:13+00:00,AUTO_READY,No metadata anomaly detected.
129,2022-02-04,2022,PKRV04022022,/Upload/WebDoc/IndustryStatictics/PKRV040220221923.csv,https://www.mufap.com.pk/Upload/WebDoc/IndustryStatictics/PKRV040220221923.csv,PKRV040220221923.csv,.csv,1,TRUE,READY,,2026-09-28T20:26:13+00:00,AUTO_READY,No metadata anomaly detected.
132,2022-02-07,2022,PKRV07022022,/Upload/WebDoc/IndustryStatictics/PKRV070220221924.csv,https://www.mufap.com.pk/Upload/WebDoc/IndustryStatictics/PKRV070220221924.csv,PKRV070220221924.csv,.csv,1,TRUE,READY,,2026-09-28T20:26:13+00:00,AUTO_READY,No metadata anomaly detected.
135,2022-02-08,2022,PKRV08022022,/Upload/WebDoc/IndustryStatictics/PKRV080220221925.csv,https://www.mufap.com.pk/Upload/WebDoc/IndustryStatictics/PKRV080220221925.csv,PKRV080220221925.csv,.csv,1,TRUE,READY,,2026-09-28T20:26:13+00:00,AUTO_READY,No metadata anomaly detected.
138,2022-02-09,2022,PKRV09022022,/Upload/WebDoc/IndustryStatictics/PKRV090220221926.csv,https://www.mufap.com.pk/Upload/WebDoc/IndustryStatictics/PKRV090220221926.csv,PKRV090220221926.csv,.csv,1,TRUE,READY,,2026-09-28T20:26:13+00:00,AUTO_READY,No metadata anomaly detected.
141,2022-02-10,2022,PKRV10022022,/Upload/WebDoc/IndustryStatictics/PKRV100220221927.csv,https://www.mufap.com.pk/Upload/WebDoc/IndustryStatictics/PKRV100220221927.csv,PKRV100220221927.csv,.csv,1,TRUE,READY,,2026-09-28T20:26:13+00:00,AUTO_READY,No metadata anomaly detected.
144,2022-02-11,2022,PKRV11022022,/Upload/WebDoc/IndustryStatictics/PKRV110220221928.csv,https://www.mufap.com.pk/Upload/WebDoc/IndustryStatictics/PKRV110220221928.csv,PKRV110220221928.csv,.csv,1,TRUE,READY,,2026-09-28T20:26:13+00:00,AUTO_READY,No metadata anomaly detected.
147,2022-02-14,2022,PKRV14022022,/Upload/WebDoc/IndustryStatictics/PKRV140220221929.csv,https://www.mufap.com.pk/Upload/WebDoc/IndustryStatictics/PKRV140220221929.csv,PKRV140220221929.csv,.csv,1,TRUE,READY,,2026-09-28T20:26:13+00:00,AUTO_READY,No metadata anomaly detected.
150,2022-02-15,2022,PKRV15022022,/Upload/WebDoc/IndustryStatictics/PKRV150220221930.csv,https://www.mufap.com.pk/Upload/WebDoc/IndustryStatictics/PKRV150220221930.csv,PKRV150220221930.csv,.csv,1,TRUE,READY,,2026-09-28T20:26:13+00:00,AUTO_READY,No metadata anomaly detected.
153,2022-02-16,2022,PKRV16022022,/Upload/WebDoc/IndustryStatictics/PKRV160220221931.csv,https://www.mufap.com.pk/Upload/WebDoc/IndustryStatictics/PKRV160220221931.csv,PKRV160220221931.csv,.csv,1,TRUE,READY,,2026-09-28T20:26:13+00:00,AUTO_READY,No metadata anomaly detected.
156,2022-02-17,2022,PKRV17022022,/Upload/WebDoc/IndustryStatictics/PKRV170220221932.csv,https://www.mufap.com.pk/Upload/WebDoc/IndustryStatictics/PKRV170220221932.csv,PKRV170220221932.csv,.csv,1,TRUE,READY,,2026-09-28T20:26:13+00:00,AUTO_READY,No metadata anomaly detected.
159,2022-02-18,2022,PKRV18022022,/Upload/WebDoc/IndustryStatictics/PKRV180220221933.csv,https://www.mufap.com.pk/Upload/WebDoc/IndustryStatictics/PKRV180220221933.csv,PKRV180220221933.csv,.csv,1,TRUE,READY,,2026-09-28T20:26:13+00:00,AUTO_READY,No metadata anomaly detected.
162,2022-02-21,2022,PKRV21022022,/Upload/WebDoc/IndustryStatictics/PKRV210220221934.csv,https://www.mufap.com.pk/Upload/WebDoc/IndustryStatictics/PKRV210220221934.csv,PKRV210220221934.csv,.csv,1,TRUE,READY,,2026-09-28T20:26:13+00:00,AUTO_READY,No metadata anomaly detected.
165,2022-02-22,2022,PKRV22022022,/Upload/WebDoc/IndustryStatictics/PKRV220220221935.csv,https://www.mufap.com.pk/Upload/WebDoc/IndustryStatictics/PKRV220220221935.csv,PKRV220220221935.csv,.csv,1,TRUE,READY,,2026-09-28T20:26:13+00:00,AUTO_READY,No metadata anomaly detected.
168,2022-02-23,2022,PKRV23022022,/Upload/WebDoc/IndustryStatictics/PKRV230220221936.csv,https://www.mufap.com.pk/Upload/WebDoc/IndustryStatictics/PKRV230220221936.csv,PKRV230220221936.csv,.csv,1,TRUE,READY,,2026-09-28T20:26:13+00:00,AUTO_READY,No metadata anomaly detected.
171,2022-02-24,2022,PKRV24022022,/Upload/WebDoc/IndustryStatictics/PKRV240220221937.csv,https://www.mufap.com.pk/Upload/WebDoc/IndustryStatictics/PKRV240220221937.csv,PKRV240220221937.csv,.csv,1,TRUE,READY,,2026-09-28T20:26:13+00:00,AUTO_READY,No metadata anomaly detected.
174,2022-02-25,2022,PKRV25022022,/Upload/WebDoc/IndustryStatictics/PKRV250220221938.csv,https://www.mufap.com.pk/Upload/WebDoc/IndustryStatictics/PKRV250220221938.csv,PKRV250220221938.csv,.csv,1,TRUE,READY,,2026-09-28T20:26:13+00:00,AUTO_READY,No metadata anomaly detected.
177,2022-02-28,2022,PKRV28022022,/Upload/WebDoc/IndustryStatictics/PKRV280220221939.csv,https://www.mufap.com.pk/Upload/WebDoc/IndustryStatictics/PKRV280220221939.csv,PKRV280220221939.csv,.csv,1,TRUE,READY,,2026-09-28T20:26:13+00:00,AUTO_READY,No metadata anomaly detected.
180,2022-03-01,2022,PKRV01032022,/Upload/WebDoc/IndustryStatictics/PKRV010320221940.csv,https://www.mufap.com.pk/Upload/WebDoc/IndustryStatictics/PKRV010320221940.csv,PKRV010320221940.csv,.csv,1,TRUE,READY,,2026-09-28T20:26:13+00:00,AUTO_READY,No metadata anomaly detected.
183,2022-03-02,2022,PKRV02032022,/Upload/WebDoc/IndustryStatictics/PKRV020320221941.csv,https://www.mufap.com.pk/Upload/WebDoc/IndustryStatictics/PKRV020320221941.csv,PKRV020320221941.csv,.csv,1,TRUE,READY,,2026-09-28T20:26:13+00:00,AUTO_READY,No metadata anomaly detected.
186,2022-03-03,2022,PKRV03032022,/Upload/WebDoc/IndustryStatictics/PKRV030320221942.csv,https://www.mufap.com.pk/Upload/WebDoc/IndustryStatictics/PKRV030320221942.csv,PKRV030320221942.csv,.csv,1,TRUE,READY,,2026-09-28T20:26:13+00:00,AUTO_READY,No metadata anomaly detected.
189,2022-03-04,2022,PKRV04032022,/Upload/WebDoc/IndustryStatictics/PKRV040320221943.csv,https://www.mufap.com.pk/Upload/WebDoc/IndustryStatictics/PKRV040320221943.csv,PKRV040320221943.csv,.csv,1,TRUE,READY,,2026-09-28T20:26:13+00:00,AUTO_READY,No metadata anomaly detected.
192,2022-03-07,2022,PKRV07032022,/Upload/WebDoc/IndustryStatictics/PKRV070320221944.csv,https://www.mufap.com.pk/Upload/WebDoc/IndustryStatictics/PKRV070320221944.csv,PKRV070320221944.csv,.csv,1,TRUE,READY,,2026-09-28T20:26:13+00:00,AUTO_READY,No metadata anomaly detected.
195,2022-03-08,2022,PKRV08032022,/Upload/WebDoc/IndustryStatictics/PKRV080320221945.csv,https://www.mufap.com.pk/Upload/WebDoc/IndustryStatictics/PKRV080320221945.csv,PKRV080320221945.csv,.csv,1,TRUE,READY,,2026-09-28T20:26:13+00:00,AUTO_READY,No metadata anomaly detected.
198,2022-03-09,2022,PKRV09032022,/Upload/WebDoc/IndustryStatictics/PKRV090320221946.csv,https://www.mufap.com.pk/Upload/WebDoc/IndustryStatictics/PKRV090320221946.csv,PKRV090320221946.csv,.csv,1,TRUE,READY,,2026-09-28T20:26:13+00:00,AUTO_READY,No metadata anomaly detected.
201,2022-03-10,2022,PKRV10032022,/Upload/WebDoc/IndustryStatictics/PKRV100320221947.csv,https://www.mufap.com.pk/Upload/WebDoc/IndustryStatictics/PKRV100320221947.csv,PKRV100320221947.csv,.csv,1,TRUE,READY,,2026-09-28T20:26:13+00:00,AUTO_READY,No metadata anomaly detected.
204,2022-03-11,2022,PKRV11032022,/Upload/WebDoc/IndustryStatictics/PKRV110320221948.csv,https://www.mufap.com.pk/Upload/WebDoc/IndustryStatictics/PKRV110320221948.csv,PKRV110320221948.csv,.csv,1,TRUE,READY,,2026-09-28T20:26:13+00:00,AUTO_READY,No metadata anomaly detected.
207,2022-03-14,2022,PKRV14032022,/Upload/WebDoc/IndustryStatictics/PKRV140320221949.csv,https://www.mufap.com.pk/Upload/WebDoc/IndustryStatictics/PKRV140320221949.csv,PKRV140320221949.csv,.csv,1,TRUE,READY,,2026-09-28T20:26:13+00:00,AUTO_READY,No metadata anomaly detected.
210,2022-03-15,2022,PKRV15032022,/Upload/WebDoc/IndustryStatictics/PKRV150320221950.csv,https://www.mufap.com.pk/Upload/WebDoc/IndustryStatictics/PKRV150320221950.csv,PKRV150320221950.csv,.csv,1,TRUE,READY,,2026-09-28T20:26:13+00:00,AUTO_READY,No metadata anomaly detected.
213,2022-03-16,2022,PKRV16032022,/Upload/WebDoc/IndustryStatictics/PKRV160320221951.csv,https://www.mufap.com.pk/Upload/WebDoc/IndustryStatictics/PKRV160320221951.csv,PKRV160320221951.csv,.csv,1,TRUE,READY,,2026-09-28T20:26:13+00:00,AUTO_READY,No metadata anomaly detected.
216,2022-03-17,2022,PKRV17032022,/Upload/WebDoc/IndustryStatictics/PKRV170320221952.csv,https://www.mufap.com.pk/Upload/WebDoc/IndustryStatictics/PKRV170320221952.csv,PKRV170320221952.csv,.csv,1,TRUE,READY,,2026-09-28T20:26:13+00:00,AUTO_READY,No metadata anomaly detected.
219,2022-03-18,2022,PKRV18032022,/Upload/WebDoc/IndustryStatictics/PKRV180320221953.csv,https://www.mufap.com.pk/Upload/WebDoc/IndustryStatictics/PKRV180320221953.csv,PKRV180320221953.csv,.csv,1,TRUE,READY,,2026-09-28T20:26:13+00:00,AUTO_READY,No metadata anomaly detected.
222,2022-03-21,2022,PKRV21032022,/Upload/WebDoc/IndustryStatictics/PKRV210320221954.csv,https://www.mufap.com.pk/Upload/WebDoc/IndustryStatictics/PKRV210320221954.csv,PKRV210320221954.csv,.csv,1,TRUE,READY,,2026-09-28T20:26:13+00:00,AUTO_READY,No metadata anomaly detected.
225,2022-03-22,2022,PKRV22032022,/Upload/WebDoc/IndustryStatictics/PKRV220320221955.csv,https://www.mufap.com.pk/Upload/WebDoc/IndustryStatictics/PKRV220320221955.csv,PKRV220320221955.csv,.csv,1,TRUE,READY,,2026-09-28T20:26:13+00:00,AUTO_READY,No metadata anomaly detected.
228,2022-03-24,2022,PKRV24032022,/Upload/WebDoc/IndustryStatictics/PKRV240320221956.csv,https://www.mufap.com.pk/Upload/WebDoc/IndustryStatictics/PKRV240320221956.csv,PKRV240320221956.csv,.csv,1,TRUE,READY,,2026-09-28T20:26:13+00:00,AUTO_READY,No metadata anomaly detected.
231,2022-03-25,2022,PKRV25032022,/Upload/WebDoc/IndustryStatictics/PKRV250320221957.csv,https://www.mufap.com.pk/Upload/WebDoc/IndustryStatictics/PKRV250320221957.csv,PKRV250320221957.csv,.csv,1,TRUE,READY,,2026-09-28T20:26:13+00:00,AUTO_READY,No metadata anomaly detected.
234,2022-03-28,2022,PKRV28032022,/Upload/WebDoc/IndustryStatictics/PKRV280320221958.csv,https://www.mufap.com.pk/Upload/WebDoc/IndustryStatictics/PKRV280320221958.csv,PKRV280320221958.csv,.csv,1,TRUE,READY,,2026-09-28T20:26:13+00:00,AUTO_READY,No metadata anomaly detected.
237,2022-03-29,2022,PKRV29032022,/Upload/WebDoc/IndustryStatictics/PKRV290320221959.csv,https://www.mufap.com.pk/Upload/WebDoc/IndustryStatictics/PKRV290320221959.csv,PKRV290320221959.csv,.csv,1,TRUE,READY,,2026-09-28T20:26:13+00:00,AUTO_READY,No metadata anomaly detected.
240,2022-03-30,2022,PKRV30032022,/Upload/WebDoc/IndustryStatictics/PKRV300320221960.csv,https://www.mufap.com.pk/Upload/WebDoc/IndustryStatictics/PKRV300320221960.csv,PKRV300320221960.csv,.csv,2,TRUE,REVIEW,DUPLICATE_OBSERVATION_DATE,2026-09-28T20:26:13+00:00,ANOMALY_RESOLUTION,Byte-identical duplicate; canonical 20-tenor PKRV; lower metadata index selected deterministically.
244,2022-03-31,2022,PKRV31032022,/Upload/WebDoc/IndustryStatictics/PKRV310320221961.csv,https://www.mufap.com.pk/Upload/WebDoc/IndustryStatictics/PKRV310320221961.csv,PKRV310320221961.csv,.csv,2,TRUE,REVIEW,DUPLICATE_OBSERVATION_DATE,2026-09-28T20:26:13+00:00,ANOMALY_RESOLUTION,Byte-identical duplicate; contains complete 20-tenor PKRV curve plus trailing blank row; lower metadata index selected.
248,2022-04-01,2022,PKRV01042022,/Upload/WebDoc/IndustryStatictics/PKRV010420221964.csv,https://www.mufap.com.pk/Upload/WebDoc/IndustryStatictics/PKRV010420221964.csv,PKRV010420221964.csv,.csv,1,TRUE,READY,,2026-09-28T20:26:13+00:00,AUTO_READY,No metadata anomaly detected.
251,2022-04-05,2022,PKRV05042022,/Upload/WebDoc/IndustryStatictics/PKRV050420221965.csv,https://www.mufap.com.pk/Upload/WebDoc/IndustryStatictics/PKRV050420221965.csv,PKRV050420221965.csv,.csv,1,TRUE,READY,,2026-09-28T20:26:13+00:00,AUTO_READY,No metadata anomaly detected.
254,2022-04-06,2022,PKRV06042022,/Upload/WebDoc/IndustryStatictics/PKRV060420221966.csv,https://www.mufap.com.pk/Upload/WebDoc/IndustryStatictics/PKRV060420221966.csv,PKRV060420221966.csv,.csv,1,TRUE,READY,,2026-09-28T20:26:13+00:00,AUTO_READY,No metadata anomaly detected.
257,2022-04-07,2022,PKRV07042022,/Upload/WebDoc/IndustryStatictics/PKRV070420221967.csv,https://www.mufap.com.pk/Upload/WebDoc/IndustryStatictics/PKRV070420221967.csv,PKRV070420221967.csv,.csv,1,TRUE,READY,,2026-09-28T20:26:13+00:00,AUTO_READY,No metadata anomaly detected.
260,2022-04-08,2022,PKRV08042022,/Upload/WebDoc/IndustryStatictics/PKRV080420221968.csv,https://www.mufap.com.pk/Upload/WebDoc/IndustryStatictics/PKRV080420221968.csv,PKRV080420221968.csv,.csv,1,TRUE,READY,,2026-09-28T20:26:13+00:00,AUTO_READY,No metadata anomaly detected.
263,2022-04-11,2022,PKRV11042022,/Upload/WebDoc/IndustryStatictics/PKRV110420221969.csv,https://www.mufap.com.pk/Upload/WebDoc/IndustryStatictics/PKRV110420221969.csv,PKRV110420221969.csv,.csv,1,TRUE,READY,,2026-09-28T20:26:13+00:00,AUTO_READY,No metadata anomaly detected.
266,2022-04-12,2022,PKRV12042022,/Upload/WebDoc/IndustryStatictics/PKRV120420221970.csv,https://www.mufap.com.pk/Upload/WebDoc/IndustryStatictics/PKRV120420221970.csv,PKRV120420221970.csv,.csv,1,TRUE,READY,,2026-09-28T20:26:13+00:00,AUTO_READY,No metadata anomaly detected.
269,2022-04-13,2022,PKRV13042022,/Upload/WebDoc/IndustryStatictics/PKRV130420221971.csv,https://www.mufap.com.pk/Upload/WebDoc/IndustryStatictics/PKRV130420221971.csv,PKRV130420221971.csv,.csv,1,TRUE,READY,,2026-09-28T20:26:13+00:00,AUTO_READY,No metadata anomaly detected.
272,2022-04-14,2022,PKRV14042022,/Upload/WebDoc/IndustryStatictics/PKRV140420221972.csv,https://www.mufap.com.pk/Upload/WebDoc/IndustryStatictics/PKRV140420221972.csv,PKRV140420221972.csv,.csv,1,TRUE,READY,,2026-09-28T20:26:13+00:00,AUTO_READY,No metadata anomaly detected.
275,2022-04-15,2022,PKRV15042022,/Upload/WebDoc/IndustryStatictics/PKRV150420221973.csv,https://www.mufap.com.pk/Upload/WebDoc/IndustryStatictics/PKRV150420221973.csv,PKRV150420221973.csv,.csv,1,TRUE,READY,,2026-09-28T20:26:13+00:00,AUTO_READY,No metadata anomaly detected.
278,2022-04-16,2022,PKRV16042022,/Upload/WebDoc/IndustryStatictics/PKRV160420221974.csv,https://www.mufap.com.pk/Upload/WebDoc/IndustryStatictics/PKRV160420221974.csv,PKRV160420221974.csv,.csv,1,TRUE,READY,,2026-09-28T20:26:13+00:00,AUTO_READY,No metadata anomaly detected.
281,2022-04-18,2022,PKRV18042022,/Upload/WebDoc/IndustryStatictics/PKRV180420221975.csv,https://www.mufap.com.pk/Upload/WebDoc/IndustryStatictics/PKRV180420221975.csv,PKRV180420221975.csv,.csv,1,TRUE,READY,,2026-09-28T20:26:13+00:00,AUTO_READY,No metadata anomaly detected.
284,2022-04-19,2022,PKRV19042022,/Upload/WebDoc/IndustryStatictics/PKRV190420221976.csv,https://www.mufap.com.pk/Upload/WebDoc/IndustryStatictics/PKRV190420221976.csv,PKRV190420221976.csv,.csv,1,TRUE,READY,,2026-09-28T20:26:13+00:00,AUTO_READY,No metadata anomaly detected.
287,2022-04-20,2022,PKRV20042022,/Upload/WebDoc/IndustryStatictics/PKRV200420221977.csv,https://www.mufap.com.pk/Upload/WebDoc/IndustryStatictics/PKRV200420221977.csv,PKRV200420221977.csv,.csv,1,TRUE,READY,,2026-09-28T20:26:13+00:00,AUTO_READY,No metadata anomaly detected.
290,2022-04-21,2022,PKRV21042022,/Upload/WebDoc/IndustryStatictics/PKRV210420221978.csv,https://www.mufap.com.pk/Upload/WebDoc/IndustryStatictics/PKRV210420221978.csv,PKRV210420221978.csv,.csv,1,TRUE,READY,,2026-09-28T20:26:13+00:00,AUTO_READY,No metadata anomaly detected.
293,2022-04-22,2022,PKRV22042022,/Upload/WebDoc/IndustryStatictics/PKRV220420221979.csv,https://www.mufap.com.pk/Upload/WebDoc/IndustryStatictics/PKRV220420221979.csv,PKRV220420221979.csv,.csv,1,TRUE,READY,,2026-09-28T20:26:13+00:00,AUTO_READY,No metadata anomaly detected.
296,2022-04-23,2022,PKRV23042022,/Upload/WebDoc/IndustryStatictics/PKRV230420221980.csv,https://www.mufap.com.pk/Upload/WebDoc/IndustryStatictics/PKRV230420221980.csv,PKRV230420221980.csv,.csv,1,TRUE,READY,,2026-09-28T20:26:13+00:00,AUTO_READY,No metadata anomaly detected.
299,2022-04-25,2022,PKRV25042022,/Upload/WebDoc/IndustryStatictics/PKRV250420221981.csv,https://www.mufap.com.pk/Upload/WebDoc/IndustryStatictics/PKRV250420221981.csv,PKRV250420221981.csv,.csv,1,TRUE,READY,,2026-09-28T20:26:13+00:00,AUTO_READY,No metadata anomaly detected.
302,2022-04-26,2022,PKRV26042022,/Upload/WebDoc/IndustryStatictics/PKRV260420221982.csv,https://www.mufap.com.pk/Upload/WebDoc/IndustryStatictics/PKRV260420221982.csv,PKRV260420221982.csv,.csv,1,TRUE,READY,,2026-09-28T20:26:13+00:00,AUTO_READY,No metadata anomaly detected.
305,2022-04-27,2022,PKRV27042022,/Upload/WebDoc/IndustryStatictics/PKRV270420221983.csv,https://www.mufap.com.pk/Upload/WebDoc/IndustryStatictics/PKRV270420221983.csv,PKRV270420221983.csv,.csv,1,TRUE,READY,,2026-09-28T20:26:13+00:00,AUTO_READY,No metadata anomaly detected.
308,2022-04-28,2022,PKRV28042022,/Upload/WebDoc/IndustryStatictics/PKRV280420221984.csv,https://www.mufap.com.pk/Upload/WebDoc/IndustryStatictics/PKRV280420221984.csv,PKRV280420221984.csv,.csv,1,TRUE,READY,,2026-09-28T20:26:13+00:00,AUTO_READY,No metadata anomaly detected.
311,2022-04-29,2022,PKRV29042022,/Upload/WebDoc/IndustryStatictics/PKRV290420221985.csv,https://www.mufap.com.pk/Upload/WebDoc/IndustryStatictics/PKRV290420221985.csv,PKRV290420221985.csv,.csv,1,TRUE,READY,,2026-09-28T20:26:13+00:00,AUTO_READY,No metadata anomaly detected.
314,2022-04-30,2022,PKRV30042022,/Upload/WebDoc/IndustryStatictics/PKRV300420221986.csv,https://www.mufap.com.pk/Upload/WebDoc/IndustryStatictics/PKRV300420221986.csv,PKRV300420221986.csv,.csv,1,TRUE,READY,,2026-09-28T20:26:13+00:00,AUTO_READY,No metadata anomaly detected.
317,2022-05-06,2022,PKRV06052022,/Upload/WebDoc/IndustryStatictics/PKRV060520221987.csv,https://www.mufap.com.pk/Upload/WebDoc/IndustryStatictics/PKRV060520221987.csv,PKRV060520221987.csv,.csv,1,TRUE,READY,,2026-09-28T20:26:13+00:00,AUTO_READY,No metadata anomaly detected.
320,2022-05-09,2022,PKRV09052022,/Upload/WebDoc/IndustryStatictics/PKRV090520221988.csv,https://www.mufap.com.pk/Upload/WebDoc/IndustryStatictics/PKRV090520221988.csv,PKRV090520221988.csv,.csv,1,TRUE,READY,,2026-09-28T20:26:13+00:00,AUTO_READY,No metadata anomaly detected.
323,2022-05-10,2022,PKRV10052022,/Upload/WebDoc/IndustryStatictics/PKRV100520221989.csv,https://www.mufap.com.pk/Upload/WebDoc/IndustryStatictics/PKRV100520221989.csv,PKRV100520221989.csv,.csv,1,TRUE,READY,,2026-09-28T20:26:13+00:00,AUTO_READY,No metadata anomaly detected.
326,2022-05-11,2022,PKRV11052022,/Upload/WebDoc/IndustryStatictics/PKRV110520221990.csv,https://www.mufap.com.pk/Upload/WebDoc/IndustryStatictics/PKRV110520221990.csv,PKRV110520221990.csv,.csv,1,TRUE,READY,,2026-09-28T20:26:13+00:00,AUTO_READY,No metadata anomaly detected.
329,2022-05-12,2022,PKRV12052022,/Upload/WebDoc/IndustryStatictics/PKRV120520221991.csv,https://www.mufap.com.pk/Upload/WebDoc/IndustryStatictics/PKRV120520221991.csv,PKRV120520221991.csv,.csv,1,TRUE,READY,,2026-09-28T20:26:13+00:00,AUTO_READY,No metadata anomaly detected.
332,2022-05-13,2022,PKRV13052022,/Upload/WebDoc/IndustryStatictics/PKRV130520221992.csv,https://www.mufap.com.pk/Upload/WebDoc/IndustryStatictics/PKRV130520221992.csv,PKRV130520221992.csv,.csv,1,TRUE,READY,,2026-09-28T20:26:13+00:00,AUTO_READY,No metadata anomaly detected.
335,2022-05-16,2022,PKRV16052022,/Upload/WebDoc/IndustryStatictics/PKRV160520221993.csv,https://www.mufap.com.pk/Upload/WebDoc/IndustryStatictics/PKRV160520221993.csv,PKRV160520221993.csv,.csv,1,TRUE,READY,,2026-09-28T20:26:13+00:00,AUTO_READY,No metadata anomaly detected.
338,2022-05-17,2022,PKRV17052022,/Upload/WebDoc/IndustryStatictics/PKRV170520221994.csv,https://www.mufap.com.pk/Upload/WebDoc/IndustryStatictics/PKRV170520221994.csv,PKRV170520221994.csv,.csv,1,TRUE,READY,,2026-09-28T20:26:13+00:00,AUTO_READY,No metadata anomaly detected.
341,2022-05-18,2022,PKRV18052022,/Upload/WebDoc/IndustryStatictics/PKRV180520221995.csv,https://www.mufap.com.pk/Upload/WebDoc/IndustryStatictics/PKRV180520221995.csv,PKRV180520221995.csv,.csv,1,TRUE,READY,,2026-09-28T20:26:13+00:00,AUTO_READY,No metadata anomaly detected.
344,2022-05-19,2022,PKRV19052022,/Upload/WebDoc/IndustryStatictics/PKRV190520221996.csv,https://www.mufap.com.pk/Upload/WebDoc/IndustryStatictics/PKRV190520221996.csv,PKRV190520221996.csv,.csv,1,TRUE,READY,,2026-09-28T20:26:13+00:00,AUTO_READY,No metadata anomaly detected.
347,2022-05-20,2022,PKRV20052022,/Upload/WebDoc/IndustryStatictics/PKRV200520221997.csv,https://www.mufap.com.pk/Upload/WebDoc/IndustryStatictics/PKRV200520221997.csv,PKRV200520221997.csv,.csv,1,TRUE,READY,,2026-09-28T20:26:13+00:00,AUTO_READY,No metadata anomaly detected.
350,2022-05-23,2022,PKRV23052022,/Upload/WebDoc/IndustryStatictics/PKRV230520221998.csv,https://www.mufap.com.pk/Upload/WebDoc/IndustryStatictics/PKRV230520221998.csv,PKRV230520221998.csv,.csv,1,TRUE,READY,,2026-09-28T20:26:13+00:00,AUTO_READY,No metadata anomaly detected.
353,2022-05-24,2022,PKRV24052022,/Upload/WebDoc/IndustryStatictics/PKRV240520221999.csv,https://www.mufap.com.pk/Upload/WebDoc/IndustryStatictics/PKRV240520221999.csv,PKRV240520221999.csv,.csv,1,TRUE,READY,,2026-09-28T20:26:13+00:00,AUTO_READY,No metadata anomaly detected.
356,2022-05-25,2022,PKRV25052022,/Upload/WebDoc/IndustryStatictics/PKRV250520222000.csv,https://www.mufap.com.pk/Upload/WebDoc/IndustryStatictics/PKRV250520222000.csv,PKRV250520222000.csv,.csv,1,TRUE,READY,,2026-09-28T20:26:13+00:00,AUTO_READY,No metadata anomaly detected.
359,2022-05-26,2022,PKRV26052022,/Upload/WebDoc/IndustryStatictics/PKRV260520222001.csv,https://www.mufap.com.pk/Upload/WebDoc/IndustryStatictics/PKRV260520222001.csv,PKRV260520222001.csv,.csv,1,TRUE,READY,,2026-09-28T20:26:13+00:00,AUTO_READY,No metadata anomaly detected.
362,2022-05-27,2022,PKRV27052022,/Upload/WebDoc/IndustryStatictics/PKRV270520222002.csv,https://www.mufap.com.pk/Upload/WebDoc/IndustryStatictics/PKRV270520222002.csv,PKRV270520222002.csv,.csv,1,TRUE,READY,,2026-09-28T20:26:13+00:00,AUTO_READY,No metadata anomaly detected.
365,2022-05-30,2022,PKRV30052022,/Upload/WebDoc/IndustryStatictics/PKRV300520222003.csv,https://www.mufap.com.pk/Upload/WebDoc/IndustryStatictics/PKRV300520222003.csv,PKRV300520222003.csv,.csv,1,TRUE,READY,,2026-09-28T20:26:13+00:00,AUTO_READY,No metadata anomaly detected.
368,2022-05-31,2022,PKRV31052022,/Upload/WebDoc/IndustryStatictics/PKRV310520222004.csv,https://www.mufap.com.pk/Upload/WebDoc/IndustryStatictics/PKRV310520222004.csv,PKRV310520222004.csv,.csv,1,TRUE,READY,,2026-09-28T20:26:13+00:00,AUTO_READY,No metadata anomaly detected.
371,2022-06-01,2022,PKRV01062022,/Upload/WebDoc/IndustryStatictics/PKRV010620222008.csv,https://www.mufap.com.pk/Upload/WebDoc/IndustryStatictics/PKRV010620222008.csv,PKRV010620222008.csv,.csv,1,TRUE,READY,,2026-09-28T20:26:13+00:00,AUTO_READY,No metadata anomaly detected.
374,2022-06-02,2022,PKRV02062022,/Upload/WebDoc/IndustryStatictics/PKRV020620222009.csv,https://www.mufap.com.pk/Upload/WebDoc/IndustryStatictics/PKRV020620222009.csv,PKRV020620222009.csv,.csv,1,TRUE,READY,,2026-09-28T20:26:13+00:00,AUTO_READY,No metadata anomaly detected.
377,2022-06-03,2022,PKRV03062022,/Upload/WebDoc/IndustryStatictics/PKRV030620222010.csv,https://www.mufap.com.pk/Upload/WebDoc/IndustryStatictics/PKRV030620222010.csv,PKRV030620222010.csv,.csv,1,TRUE,READY,,2026-09-28T20:26:13+00:00,AUTO_READY,No metadata anomaly detected.
380,2022-06-06,2022,PKRV06062022,/Upload/WebDoc/IndustryStatictics/PKRV060620222011.csv,https://www.mufap.com.pk/Upload/WebDoc/IndustryStatictics/PKRV060620222011.csv,PKRV060620222011.csv,.csv,1,TRUE,READY,,2026-09-28T20:26:13+00:00,AUTO_READY,No metadata anomaly detected.
383,2022-06-07,2022,PKRV07062022,/Upload/WebDoc/IndustryStatictics/PKRV070620222012.csv,https://www.mufap.com.pk/Upload/WebDoc/IndustryStatictics/PKRV070620222012.csv,PKRV070620222012.csv,.csv,1,TRUE,READY,,2026-09-28T20:26:13+00:00,AUTO_READY,No metadata anomaly detected.
386,2022-06-08,2022,PKRV08062022,/Upload/WebDoc/IndustryStatictics/PKRV080620222013.csv,https://www.mufap.com.pk/Upload/WebDoc/IndustryStatictics/PKRV080620222013.csv,PKRV080620222013.csv,.csv,1,TRUE,READY,,2026-09-28T20:26:13+00:00,AUTO_READY,No metadata anomaly detected.
390,2022-06-09,2022,PKRV09062022,/Upload/WebDoc/IndustryStatictics/PKRV090620222014.csv,https://www.mufap.com.pk/Upload/WebDoc/IndustryStatictics/PKRV090620222014.csv,PKRV090620222014.csv,.csv,1,TRUE,READY,,2026-09-28T20:26:13+00:00,AUTO_READY,No metadata anomaly detected.
393,2022-06-10,2022,PKRV10062022,/Upload/WebDoc/IndustryStatictics/PKRV100620222015.csv,https://www.mufap.com.pk/Upload/WebDoc/IndustryStatictics/PKRV100620222015.csv,PKRV100620222015.csv,.csv,1,TRUE,READY,,2026-09-28T20:26:13+00:00,AUTO_READY,No metadata anomaly detected.
396,2022-06-13,2022,PKRV13062022,/Upload/WebDoc/IndustryStatictics/PKRV130620222016.csv,https://www.mufap.com.pk/Upload/WebDoc/IndustryStatictics/PKRV130620222016.csv,PKRV130620222016.csv,.csv,1,TRUE,READY,,2026-09-28T20:26:13+00:00,AUTO_READY,No metadata anomaly detected.
399,2022-06-14,2022,PKRV14062022,/Upload/WebDoc/IndustryStatictics/PKRV140620222017.csv,https://www.mufap.com.pk/Upload/WebDoc/IndustryStatictics/PKRV140620222017.csv,PKRV140620222017.csv,.csv,1,TRUE,READY,,2026-09-28T20:26:13+00:00,AUTO_READY,No metadata anomaly detected.
402,2022-06-15,2022,PKRV15062022,/Upload/WebDoc/IndustryStatictics/PKRV150620222018.csv,https://www.mufap.com.pk/Upload/WebDoc/IndustryStatictics/PKRV150620222018.csv,PKRV150620222018.csv,.csv,1,TRUE,READY,,2026-09-28T20:26:13+00:00,AUTO_READY,No metadata anomaly detected.
405,2022-06-16,2022,PKRV16062022,/Upload/WebDoc/IndustryStatictics/PKRV160620222019.csv,https://www.mufap.com.pk/Upload/WebDoc/IndustryStatictics/PKRV160620222019.csv,PKRV160620222019.csv,.csv,1,TRUE,READY,,2026-09-28T20:26:13+00:00,AUTO_READY,No metadata anomaly detected.
408,2022-06-17,2022,PKRV17062022,/Upload/WebDoc/IndustryStatictics/PKRV170620222020.csv,https://www.mufap.com.pk/Upload/WebDoc/IndustryStatictics/PKRV170620222020.csv,PKRV170620222020.csv,.csv,1,TRUE,READY,,2026-09-28T20:26:13+00:00,AUTO_READY,No metadata anomaly detected.
411,2022-06-20,2022,PKRV20062022,/Upload/WebDoc/IndustryStatictics/PKRV200620222021.csv,https://www.mufap.com.pk/Upload/WebDoc/IndustryStatictics/PKRV200620222021.csv,PKRV200620222021.csv,.csv,1,TRUE,READY,,2026-09-28T20:26:13+00:00,AUTO_READY,No metadata anomaly detected.
414,2022-06-21,2022,PKRV21062022,/Upload/WebDoc/IndustryStatictics/PKRV210620222022.csv,https://www.mufap.com.pk/Upload/WebDoc/IndustryStatictics/PKRV210620222022.csv,PKRV210620222022.csv,.csv,1,TRUE,READY,,2026-09-28T20:26:13+00:00,AUTO_READY,No metadata anomaly detected.
417,2022-06-22,2022,PKRV22062022,/Upload/WebDoc/IndustryStatictics/PKRV220620222023.csv,https://www.mufap.com.pk/Upload/WebDoc/IndustryStatictics/PKRV220620222023.csv,PKRV220620222023.csv,.csv,1,TRUE,READY,,2026-09-28T20:26:13+00:00,AUTO_READY,No metadata anomaly detected.
420,2022-06-23,2022,PKRV23062022,/Upload/WebDoc/IndustryStatictics/PKRV230620222024.csv,https://www.mufap.com.pk/Upload/WebDoc/IndustryStatictics/PKRV230620222024.csv,PKRV230620222024.csv,.csv,1,TRUE,READY,,2026-09-28T20:26:13+00:00,AUTO_READY,No metadata anomaly detected.
423,2022-06-24,2022,PKRV24062022,/Upload/WebDoc/IndustryStatictics/PKRV240620222025.csv,https://www.mufap.com.pk/Upload/WebDoc/IndustryStatictics/PKRV240620222025.csv,PKRV240620222025.csv,.csv,1,TRUE,READY,,2026-09-28T20:26:13+00:00,AUTO_READY,No metadata anomaly detected.
426,2022-06-27,2022,PKRV27062022,/Upload/WebDoc/IndustryStatictics/PKRV270620222026.csv,https://www.mufap.com.pk/Upload/WebDoc/IndustryStatictics/PKRV270620222026.csv,PKRV270620222026.csv,.csv,1,TRUE,READY,,2026-09-28T20:26:13+00:00,AUTO_READY,No metadata anomaly detected.
430,2022-06-28,2022,PKRV28062022,/Upload/WebDoc/IndustryStatictics/PKRV280620222027.csv,https://www.mufap.com.pk/Upload/WebDoc/IndustryStatictics/PKRV280620222027.csv,PKRV280620222027.csv,.csv,1,TRUE,READY,,2026-09-28T20:26:13+00:00,AUTO_READY,No metadata anomaly detected.
433,2022-06-29,2022,PKRV29062022,/Upload/WebDoc/IndustryStatictics/PKRV290620222028.csv,https://www.mufap.com.pk/Upload/WebDoc/IndustryStatictics/PKRV290620222028.csv,PKRV290620222028.csv,.csv,1,TRUE,READY,,2026-09-28T20:26:13+00:00,AUTO_READY,No metadata anomaly detected.
436,2022-06-30,2022,PKRV30062022,/Upload/WebDoc/IndustryStatictics/PKRV300620222029.csv,https://www.mufap.com.pk/Upload/WebDoc/IndustryStatictics/PKRV300620222029.csv,PKRV300620222029.csv,.csv,1,TRUE,READY,,2026-09-28T20:26:13+00:00,AUTO_READY,No metadata anomaly detected.
439,2022-07-04,2022,PKRV04072022,/Upload/WebDoc/IndustryStatictics/PKRV040720222041.csv,https://www.mufap.com.pk/Upload/WebDoc/IndustryStatictics/PKRV040720222041.csv,PKRV040720222041.csv,.csv,1,TRUE,READY,,2026-09-28T20:26:13+00:00,AUTO_READY,No metadata anomaly detected.
442,2022-07-05,2022,PKRV05072022,/Upload/WebDoc/IndustryStatictics/PKRV050720222042.csv,https://www.mufap.com.pk/Upload/WebDoc/IndustryStatictics/PKRV050720222042.csv,PKRV050720222042.csv,.csv,1,TRUE,READY,,2026-09-28T20:26:13+00:00,AUTO_READY,No metadata anomaly detected.
445,2022-07-06,2022,PKRV06072022,/Upload/WebDoc/IndustryStatictics/PKRV060720222043.csv,https://www.mufap.com.pk/Upload/WebDoc/IndustryStatictics/PKRV060720222043.csv,PKRV060720222043.csv,.csv,1,TRUE,READY,,2026-09-28T20:26:13+00:00,AUTO_READY,No metadata anomaly detected.
448,2022-07-07,2022,PKRV07072022,/Upload/WebDoc/IndustryStatictics/PKRV070720222044.csv,https://www.mufap.com.pk/Upload/WebDoc/IndustryStatictics/PKRV070720222044.csv,PKRV070720222044.csv,.csv,1,TRUE,READY,,2026-09-28T20:26:13+00:00,AUTO_READY,No metadata anomaly detected.
450,2022-07-13,2022,PKRV13072022,/Upload/WebDoc/IndustryStatictics/PKRV130720222045.csv,https://www.mufap.com.pk/Upload/WebDoc/IndustryStatictics/PKRV130720222045.csv,PKRV130720222045.csv,.csv,1,TRUE,READY,,2026-09-28T20:26:13+00:00,AUTO_READY,No metadata anomaly detected.
453,2022-07-14,2022,PKRV14072022,/Upload/WebDoc/IndustryStatictics/PKRV140720222046.csv,https://www.mufap.com.pk/Upload/WebDoc/IndustryStatictics/PKRV140720222046.csv,PKRV140720222046.csv,.csv,1,TRUE,READY,,2026-09-28T20:26:13+00:00,AUTO_READY,No metadata anomaly detected.
456,2022-07-15,2022,PKRV15072022,/Upload/WebDoc/IndustryStatictics/PKRV150720222047.csv,https://www.mufap.com.pk/Upload/WebDoc/IndustryStatictics/PKRV150720222047.csv,PKRV150720222047.csv,.csv,1,TRUE,READY,,2026-09-28T20:26:13+00:00,AUTO_READY,No metadata anomaly detected.
459,2022-07-18,2022,PKRV18072022,/Upload/WebDoc/IndustryStatictics/PKRV180720222048.csv,https://www.mufap.com.pk/Upload/WebDoc/IndustryStatictics/PKRV180720222048.csv,PKRV180720222048.csv,.csv,1,TRUE,READY,,2026-09-28T20:26:13+00:00,AUTO_READY,No metadata anomaly detected.
461,2022-07-19,2022,PKRV19072022,/Upload/WebDoc/IndustryStatictics/PKRV190720222049.csv,https://www.mufap.com.pk/Upload/WebDoc/IndustryStatictics/PKRV190720222049.csv,PKRV190720222049.csv,.csv,1,TRUE,READY,,2026-09-28T20:26:13+00:00,AUTO_READY,No metadata anomaly detected.
464,2022-07-20,2022,PKRV20072022,/Upload/WebDoc/IndustryStatictics/PKRV200720222050.csv,https://www.mufap.com.pk/Upload/WebDoc/IndustryStatictics/PKRV200720222050.csv,PKRV200720222050.csv,.csv,1,TRUE,READY,,2026-09-28T20:26:13+00:00,AUTO_READY,No metadata anomaly detected.
467,2022-07-21,2022,PKRV21072022,/Upload/WebDoc/IndustryStatictics/PKRV210720222051.csv,https://www.mufap.com.pk/Upload/WebDoc/IndustryStatictics/PKRV210720222051.csv,PKRV210720222051.csv,.csv,1,TRUE,READY,,2026-09-28T20:26:13+00:00,AUTO_READY,No metadata anomaly detected.
470,2022-07-22,2022,PKRV22072022,/Upload/WebDoc/IndustryStatictics/PKRV220720222052.csv,https://www.mufap.com.pk/Upload/WebDoc/IndustryStatictics/PKRV220720222052.csv,PKRV220720222052.csv,.csv,1,TRUE,READY,,2026-09-28T20:26:13+00:00,AUTO_READY,No metadata anomaly detected.
473,2022-07-25,2022,PKRV25072022,/Upload/WebDoc/IndustryStatictics/PKRV250720222053.csv,https://www.mufap.com.pk/Upload/WebDoc/IndustryStatictics/PKRV250720222053.csv,PKRV250720222053.csv,.csv,1,TRUE,READY,,2026-09-28T20:26:13+00:00,AUTO_READY,No metadata anomaly detected.
476,2022-07-26,2022,PKRV26072022,/Upload/WebDoc/IndustryStatictics/PKRV260720222054.csv,https://www.mufap.com.pk/Upload/WebDoc/IndustryStatictics/PKRV260720222054.csv,PKRV260720222054.csv,.csv,1,TRUE,READY,,2026-09-28T20:26:13+00:00,AUTO_READY,No metadata anomaly detected.
479,2022-07-27,2022,PKRV27072022,/Upload/WebDoc/IndustryStatictics/PKRV270720222055.csv,https://www.mufap.com.pk/Upload/WebDoc/IndustryStatictics/PKRV270720222055.csv,PKRV270720222055.csv,.csv,1,TRUE,READY,,2026-09-28T20:26:13+00:00,AUTO_READY,No metadata anomaly detected.
481,2022-07-28,2022,PKRV28072022,/Upload/WebDoc/IndustryStatictics/PKRV280720222056.csv,https://www.mufap.com.pk/Upload/WebDoc/IndustryStatictics/PKRV280720222056.csv,PKRV280720222056.csv,.csv,1,TRUE,READY,,2026-09-28T20:26:13+00:00,AUTO_READY,No metadata anomaly detected.
484,2022-07-29,2022,PKRV29072022,/Upload/WebDoc/IndustryStatictics/PKRV290720222057.csv,https://www.mufap.com.pk/Upload/WebDoc/IndustryStatictics/PKRV290720222057.csv,PKRV290720222057.csv,.csv,1,TRUE,READY,,2026-09-28T20:26:13+00:00,AUTO_READY,No metadata anomaly detected.
487,2022-08-01,2022,PKRV01082022,/Upload/WebDoc/IndustryStatictics/PKRV010820222058.csv,https://www.mufap.com.pk/Upload/WebDoc/IndustryStatictics/PKRV010820222058.csv,PKRV010820222058.csv,.csv,1,TRUE,READY,,2026-09-28T20:26:13+00:00,AUTO_READY,No metadata anomaly detected.
490,2022-08-02,2022,PKRV02082022,/Upload/WebDoc/IndustryStatictics/PKRV020820222059.csv,https://www.mufap.com.pk/Upload/WebDoc/IndustryStatictics/PKRV020820222059.csv,PKRV020820222059.csv,.csv,1,TRUE,READY,,2026-09-28T20:26:13+00:00,AUTO_READY,No metadata anomaly detected.
493,2022-08-03,2022,PKRV03082022,/Upload/WebDoc/IndustryStatictics/PKRV030820222060.csv,https://www.mufap.com.pk/Upload/WebDoc/IndustryStatictics/PKRV030820222060.csv,PKRV030820222060.csv,.csv,1,TRUE,READY,,2026-09-28T20:26:13+00:00,AUTO_READY,No metadata anomaly detected.
496,2022-08-04,2022,PKRV04082022,/Upload/WebDoc/IndustryStatictics/PKRV040820222061.csv,https://www.mufap.com.pk/Upload/WebDoc/IndustryStatictics/PKRV040820222061.csv,PKRV040820222061.csv,.csv,1,TRUE,READY,,2026-09-28T20:26:13+00:00,AUTO_READY,No metadata anomaly detected.
499,2022-08-05,2022,PKRV05082022,/Upload/WebDoc/IndustryStatictics/PKRV050820222062.csv,https://www.mufap.com.pk/Upload/WebDoc/IndustryStatictics/PKRV050820222062.csv,PKRV050820222062.csv,.csv,1,TRUE,READY,,2026-09-28T20:26:13+00:00,AUTO_READY,No metadata anomaly detected.
502,2022-08-10,2022,PKRV10082022,/Upload/WebDoc/IndustryStatictics/PKRV100820222063.csv,https://www.mufap.com.pk/Upload/WebDoc/IndustryStatictics/PKRV100820222063.csv,PKRV100820222063.csv,.csv,1,TRUE,READY,,2026-09-28T20:26:13+00:00,AUTO_READY,No metadata anomaly detected.
505,2022-08-11,2022,PKRV11082022,/Upload/WebDoc/IndustryStatictics/PKRV110820222064.csv,https://www.mufap.com.pk/Upload/WebDoc/IndustryStatictics/PKRV110820222064.csv,PKRV110820222064.csv,.csv,1,TRUE,READY,,2026-09-28T20:26:13+00:00,AUTO_READY,No metadata anomaly detected.
508,2022-08-12,2022,PKRV12082022,/Upload/WebDoc/IndustryStatictics/PKRV120820222065.csv,https://www.mufap.com.pk/Upload/WebDoc/IndustryStatictics/PKRV120820222065.csv,PKRV120820222065.csv,.csv,1,TRUE,READY,,2026-09-28T20:26:13+00:00,AUTO_READY,No metadata anomaly detected.
511,2022-08-15,2022,PKRV15082022,/Upload/WebDoc/IndustryStatictics/PKRV150820222066.csv,https://www.mufap.com.pk/Upload/WebDoc/IndustryStatictics/PKRV150820222066.csv,PKRV150820222066.csv,.csv,1,TRUE,READY,,2026-09-28T20:26:13+00:00,AUTO_READY,No metadata anomaly detected.
514,2022-08-16,2022,PKRV16082022,/Upload/WebDoc/IndustryStatictics/PKRV160820222067.csv,https://www.mufap.com.pk/Upload/WebDoc/IndustryStatictics/PKRV160820222067.csv,PKRV160820222067.csv,.csv,1,TRUE,READY,,2026-09-28T20:26:13+00:00,AUTO_READY,No metadata anomaly detected.
517,2022-08-17,2022,PKRV17082022,/Upload/WebDoc/IndustryStatictics/PKRV170820222068.csv,https://www.mufap.com.pk/Upload/WebDoc/IndustryStatictics/PKRV170820222068.csv,PKRV170820222068.csv,.csv,1,TRUE,READY,,2026-09-28T20:26:13+00:00,AUTO_READY,No metadata anomaly detected.
520,2022-08-18,2022,PKRV18082022,/Upload/WebDoc/IndustryStatictics/PKRV180820222069.csv,https://www.mufap.com.pk/Upload/WebDoc/IndustryStatictics/PKRV180820222069.csv,PKRV180820222069.csv,.csv,1,TRUE,READY,,2026-09-28T20:26:13+00:00,AUTO_READY,No metadata anomaly detected.
523,2022-08-19,2022,PKRV19082022,/Upload/WebDoc/IndustryStatictics/PKRV190820222070.csv,https://www.mufap.com.pk/Upload/WebDoc/IndustryStatictics/PKRV190820222070.csv,PKRV190820222070.csv,.csv,1,TRUE,READY,,2026-09-28T20:26:13+00:00,AUTO_READY,No metadata anomaly detected.
526,2022-08-22,2022,PKRV22082022,/Upload/WebDoc/IndustryStatictics/PKRV220820222071.csv,https://www.mufap.com.pk/Upload/WebDoc/IndustryStatictics/PKRV220820222071.csv,PKRV220820222071.csv,.csv,1,TRUE,READY,,2026-09-28T20:26:13+00:00,AUTO_READY,No metadata anomaly detected.
529,2022-08-23,2022,PKRV23082022,/Upload/WebDoc/IndustryStatictics/PKRV230820222072.csv,https://www.mufap.com.pk/Upload/WebDoc/IndustryStatictics/PKRV230820222072.csv,PKRV230820222072.csv,.csv,1,TRUE,READY,,2026-09-28T20:26:13+00:00,AUTO_READY,No metadata anomaly detected.
532,2022-08-24,2022,PKRV24082022,/Upload/WebDoc/IndustryStatictics/PKRV240820222073.csv,https://www.mufap.com.pk/Upload/WebDoc/IndustryStatictics/PKRV240820222073.csv,PKRV240820222073.csv,.csv,1,TRUE,READY,,2026-09-28T20:26:13+00:00,AUTO_READY,No metadata anomaly detected.
535,2022-08-25,2022,PKRV25082022,/Upload/WebDoc/IndustryStatictics/PKRV250820222074.csv,https://www.mufap.com.pk/Upload/WebDoc/IndustryStatictics/PKRV250820222074.csv,PKRV250820222074.csv,.csv,1,TRUE,READY,,2026-09-28T20:26:13+00:00,AUTO_READY,No metadata anomaly detected.
538,2022-08-26,2022,PKRV26082022,/Upload/WebDoc/IndustryStatictics/PKRV260820222075.csv,https://www.mufap.com.pk/Upload/WebDoc/IndustryStatictics/PKRV260820222075.csv,PKRV260820222075.csv,.csv,1,TRUE,READY,,2026-09-28T20:26:13+00:00,AUTO_READY,No metadata anomaly detected.
542,2022-08-29,2022,PKRV29082022,/Upload/WebDoc/IndustryStatictics/PKRV290820222076.csv,https://www.mufap.com.pk/Upload/WebDoc/IndustryStatictics/PKRV290820222076.csv,PKRV290820222076.csv,.csv,1,TRUE,READY,,2026-09-28T20:26:13+00:00,AUTO_READY,No metadata anomaly detected.
545,2022-08-30,2022,PKRV30082022,/Upload/WebDoc/IndustryStatictics/PKRV300820222077.csv,https://www.mufap.com.pk/Upload/WebDoc/IndustryStatictics/PKRV300820222077.csv,PKRV300820222077.csv,.csv,1,TRUE,READY,,2026-09-28T20:26:13+00:00,AUTO_READY,No metadata anomaly detected.
548,2022-08-31,2022,PKRV31082022,/Upload/WebDoc/IndustryStatictics/PKRV310820222078.csv,https://www.mufap.com.pk/Upload/WebDoc/IndustryStatictics/PKRV310820222078.csv,PKRV310820222078.csv,.csv,1,TRUE,READY,,2026-09-28T20:26:13+00:00,AUTO_READY,No metadata anomaly detected.
551,2022-09-01,2022,PKRV01092022,/Upload/WebDoc/IndustryStatictics/PKRV010920222079.csv,https://www.mufap.com.pk/Upload/WebDoc/IndustryStatictics/PKRV010920222079.csv,PKRV010920222079.csv,.csv,1,TRUE,READY,,2026-09-28T20:26:13+00:00,AUTO_READY,No metadata anomaly detected.
554,2022-09-02,2022,PKRV02092022,/Upload/WebDoc/IndustryStatictics/PKRV020920222080.csv,https://www.mufap.com.pk/Upload/WebDoc/IndustryStatictics/PKRV020920222080.csv,PKRV020920222080.csv,.csv,1,TRUE,READY,,2026-09-28T20:26:13+00:00,AUTO_READY,No metadata anomaly detected.
557,2022-09-05,2022,PKRV05092022,/Upload/WebDoc/IndustryStatictics/PKRV050920222081.csv,https://www.mufap.com.pk/Upload/WebDoc/IndustryStatictics/PKRV050920222081.csv,PKRV050920222081.csv,.csv,1,TRUE,READY,,2026-09-28T20:26:13+00:00,AUTO_READY,No metadata anomaly detected.
560,2022-09-06,2022,PKRV06092022,/Upload/WebDoc/IndustryStatictics/PKRV060920222082.csv,https://www.mufap.com.pk/Upload/WebDoc/IndustryStatictics/PKRV060920222082.csv,PKRV060920222082.csv,.csv,1,TRUE,READY,,2026-09-28T20:26:13+00:00,AUTO_READY,No metadata anomaly detected.
563,2022-09-07,2022,PKRV07092022,/Upload/WebDoc/IndustryStatictics/PKRV070920222083.csv,https://www.mufap.com.pk/Upload/WebDoc/IndustryStatictics/PKRV070920222083.csv,PKRV070920222083.csv,.csv,1,TRUE,READY,,2026-09-28T20:26:13+00:00,AUTO_READY,No metadata anomaly detected.
566,2022-09-08,2022,PKRV08092022,/Upload/WebDoc/IndustryStatictics/PKRV080920222084.csv,https://www.mufap.com.pk/Upload/WebDoc/IndustryStatictics/PKRV080920222084.csv,PKRV080920222084.csv,.csv,1,TRUE,READY,,2026-09-28T20:26:13+00:00,AUTO_READY,No metadata anomaly detected.
569,2022-09-09,2022,PKRV09092022,/Upload/WebDoc/IndustryStatictics/PKRV090920222085.csv,https://www.mufap.com.pk/Upload/WebDoc/IndustryStatictics/PKRV090920222085.csv,PKRV090920222085.csv,.csv,1,TRUE,READY,,2026-09-28T20:26:13+00:00,AUTO_READY,No metadata anomaly detected.
572,2022-09-12,2022,PKRV12092022,/Upload/WebDoc/IndustryStatictics/PKRV120920222086.csv,https://www.mufap.com.pk/Upload/WebDoc/IndustryStatictics/PKRV120920222086.csv,PKRV120920222086.csv,.csv,1,TRUE,READY,,2026-09-28T20:26:13+00:00,AUTO_READY,No metadata anomaly detected.
575,2022-09-13,2022,PKRV13092022,/Upload/WebDoc/IndustryStatictics/PKRV130920222087.csv,https://www.mufap.com.pk/Upload/WebDoc/IndustryStatictics/PKRV130920222087.csv,PKRV130920222087.csv,.csv,1,TRUE,READY,,2026-09-28T20:26:13+00:00,AUTO_READY,No metadata anomaly detected.
578,2022-09-14,2022,PKRV14092022,/Upload/WebDoc/IndustryStatictics/PKRV140920222088.csv,https://www.mufap.com.pk/Upload/WebDoc/IndustryStatictics/PKRV140920222088.csv,PKRV140920222088.csv,.csv,1,TRUE,READY,,2026-09-28T20:26:13+00:00,AUTO_READY,No metadata anomaly detected.
580,2022-09-15,2022,PKRV15092022,/Upload/WebDoc/IndustryStatictics/PKRV150920222089.csv,https://www.mufap.com.pk/Upload/WebDoc/IndustryStatictics/PKRV150920222089.csv,PKRV150920222089.csv,.csv,1,TRUE,READY,,2026-09-28T20:26:13+00:00,AUTO_READY,No metadata anomaly detected.
583,2022-09-16,2022,PKRV16092022,/Upload/WebDoc/IndustryStatictics/PKRV160920222090.csv,https://www.mufap.com.pk/Upload/WebDoc/IndustryStatictics/PKRV160920222090.csv,PKRV160920222090.csv,.csv,1,TRUE,READY,,2026-09-28T20:26:13+00:00,AUTO_READY,No metadata anomaly detected.
586,2022-09-19,2022,PKRV19092022,/Upload/WebDoc/IndustryStatictics/PKRV190920222091.csv,https://www.mufap.com.pk/Upload/WebDoc/IndustryStatictics/PKRV190920222091.csv,PKRV190920222091.csv,.csv,1,TRUE,READY,,2026-09-28T20:26:13+00:00,AUTO_READY,No metadata anomaly detected.
589,2022-09-20,2022,PKRV20092022,/Upload/WebDoc/IndustryStatictics/PKRV200920222092.csv,https://www.mufap.com.pk/Upload/WebDoc/IndustryStatictics/PKRV200920222092.csv,PKRV200920222092.csv,.csv,1,TRUE,READY,,2026-09-28T20:26:13+00:00,AUTO_READY,No metadata anomaly detected.
592,2022-09-21,2022,PKRV21092022,/Upload/WebDoc/IndustryStatictics/PKRV210920222093.csv,https://www.mufap.com.pk/Upload/WebDoc/IndustryStatictics/PKRV210920222093.csv,PKRV210920222093.csv,.csv,1,TRUE,READY,,2026-09-28T20:26:13+00:00,AUTO_READY,No metadata anomaly detected.
595,2022-09-22,2022,PKRV22092022,/Upload/WebDoc/IndustryStatictics/PKRV220920222094.csv,https://www.mufap.com.pk/Upload/WebDoc/IndustryStatictics/PKRV220920222094.csv,PKRV220920222094.csv,.csv,1,TRUE,READY,,2026-09-28T20:26:13+00:00,AUTO_READY,No metadata anomaly detected.
597,2022-09-23,2022,PKRV23092022,/Upload/WebDoc/IndustryStatictics/PKRV230920222095.csv,https://www.mufap.com.pk/Upload/WebDoc/IndustryStatictics/PKRV230920222095.csv,PKRV230920222095.csv,.csv,1,TRUE,READY,,2026-09-28T20:26:13+00:00,AUTO_READY,No metadata anomaly detected.
600,2022-09-26,2022,PKRV26092022,/Upload/WebDoc/IndustryStatictics/PKRV260920222096.csv,https://www.mufap.com.pk/Upload/WebDoc/IndustryStatictics/PKRV260920222096.csv,PKRV260920222096.csv,.csv,1,TRUE,READY,,2026-09-28T20:26:13+00:00,AUTO_READY,No metadata anomaly detected.
603,2022-09-27,2022,PKRV27092022,/Upload/WebDoc/IndustryStatictics/PKRV270920222097.csv,https://www.mufap.com.pk/Upload/WebDoc/IndustryStatictics/PKRV270920222097.csv,PKRV270920222097.csv,.csv,1,TRUE,READY,,2026-09-28T20:26:13+00:00,AUTO_READY,No metadata anomaly detected.
606,2022-09-28,2022,PKRV28092022,/Upload/WebDoc/IndustryStatictics/PKRV280920222098.csv,https://www.mufap.com.pk/Upload/WebDoc/IndustryStatictics/PKRV280920222098.csv,PKRV280920222098.csv,.csv,1,TRUE,READY,,2026-09-28T20:26:13+00:00,AUTO_READY,No metadata anomaly detected.
609,2022-09-29,2022,PKRV29092022,/Upload/WebDoc/IndustryStatictics/PKRV290920222099.csv,https://www.mufap.com.pk/Upload/WebDoc/IndustryStatictics/PKRV290920222099.csv,PKRV290920222099.csv,.csv,1,TRUE,READY,,2026-09-28T20:26:13+00:00,AUTO_READY,No metadata anomaly detected.
612,2022-09-30,2022,PKRV30092022,/Upload/WebDoc/IndustryStatictics/PKRV300920222100.csv,https://www.mufap.com.pk/Upload/WebDoc/IndustryStatictics/PKRV300920222100.csv,PKRV300920222100.csv,.csv,1,TRUE,READY,,2026-09-28T20:26:13+00:00,AUTO_READY,No metadata anomaly detected.
615,2022-10-03,2022,PKRV03102022,/Upload/WebDoc/IndustryStatictics/PKRV031020222101.csv,https://www.mufap.com.pk/Upload/WebDoc/IndustryStatictics/PKRV031020222101.csv,PKRV031020222101.csv,.csv,1,TRUE,READY,,2026-09-28T20:26:13+00:00,AUTO_READY,No metadata anomaly detected.
618,2022-10-04,2022,PKRV04102022,/Upload/WebDoc/IndustryStatictics/PKRV041020222102.csv,https://www.mufap.com.pk/Upload/WebDoc/IndustryStatictics/PKRV041020222102.csv,PKRV041020222102.csv,.csv,1,TRUE,READY,,2026-09-28T20:26:13+00:00,AUTO_READY,No metadata anomaly detected.
621,2022-10-05,2022,PKRV05102022,/Upload/WebDoc/IndustryStatictics/PKRV051020222103.csv,https://www.mufap.com.pk/Upload/WebDoc/IndustryStatictics/PKRV051020222103.csv,PKRV051020222103.csv,.csv,1,TRUE,READY,,2026-09-28T20:26:13+00:00,AUTO_READY,No metadata anomaly detected.
624,2022-10-06,2022,PKRV06102022,/Upload/WebDoc/IndustryStatictics/PKRV061020222104.csv,https://www.mufap.com.pk/Upload/WebDoc/IndustryStatictics/PKRV061020222104.csv,PKRV061020222104.csv,.csv,1,TRUE,READY,,2026-09-28T20:26:13+00:00,AUTO_READY,No metadata anomaly detected.
627,2022-10-07,2022,PKRV07102022,/Upload/WebDoc/IndustryStatictics/PKRV071020222105.csv,https://www.mufap.com.pk/Upload/WebDoc/IndustryStatictics/PKRV071020222105.csv,PKRV071020222105.csv,.csv,1,TRUE,READY,,2026-09-28T20:26:13+00:00,AUTO_READY,No metadata anomaly detected.
630,2022-10-10,2022,PKRV10102022,/Upload/WebDoc/IndustryStatictics/PKRV101020222106.csv,https://www.mufap.com.pk/Upload/WebDoc/IndustryStatictics/PKRV101020222106.csv,PKRV101020222106.csv,.csv,1,TRUE,READY,,2026-09-28T20:26:13+00:00,AUTO_READY,No metadata anomaly detected.
633,2022-10-11,2022,PKRV11102022,/Upload/WebDoc/IndustryStatictics/PKRV111020222107.csv,https://www.mufap.com.pk/Upload/WebDoc/IndustryStatictics/PKRV111020222107.csv,PKRV111020222107.csv,.csv,1,TRUE,READY,,2026-09-28T20:26:13+00:00,AUTO_READY,No metadata anomaly detected.
636,2022-10-12,2022,PKRV12102022,/Upload/WebDoc/IndustryStatictics/PKRV121020222108.csv,https://www.mufap.com.pk/Upload/WebDoc/IndustryStatictics/PKRV121020222108.csv,PKRV121020222108.csv,.csv,1,TRUE,READY,,2026-09-28T20:26:13+00:00,AUTO_READY,No metadata anomaly detected.
639,2022-10-13,2022,PKRV13102022,/Upload/WebDoc/IndustryStatictics/PKRV131020222109.csv,https://www.mufap.com.pk/Upload/WebDoc/IndustryStatictics/PKRV131020222109.csv,PKRV131020222109.csv,.csv,1,TRUE,READY,,2026-09-28T20:26:13+00:00,AUTO_READY,No metadata anomaly detected.
642,2022-10-14,2022,PKRV14102022,/Upload/WebDoc/IndustryStatictics/PKRV141020222110.csv,https://www.mufap.com.pk/Upload/WebDoc/IndustryStatictics/PKRV141020222110.csv,PKRV141020222110.csv,.csv,1,TRUE,READY,,2026-09-28T20:26:13+00:00,AUTO_READY,No metadata anomaly detected.
645,2022-10-17,2022,PKRV17102022,/Upload/WebDoc/IndustryStatictics/PKRV171020222111.csv,https://www.mufap.com.pk/Upload/WebDoc/IndustryStatictics/PKRV171020222111.csv,PKRV171020222111.csv,.csv,1,TRUE,READY,,2026-09-28T20:26:13+00:00,AUTO_READY,No metadata anomaly detected.
648,2022-10-18,2022,PKRV18102022,/Upload/WebDoc/IndustryStatictics/PKRV181020222112.csv,https://www.mufap.com.pk/Upload/WebDoc/IndustryStatictics/PKRV181020222112.csv,PKRV181020222112.csv,.csv,1,TRUE,READY,,2026-09-28T20:26:13+00:00,AUTO_READY,No metadata anomaly detected.
651,2022-10-19,2022,PKRV19102022,/Upload/WebDoc/IndustryStatictics/PKRV191020222113.csv,https://www.mufap.com.pk/Upload/WebDoc/IndustryStatictics/PKRV191020222113.csv,PKRV191020222113.csv,.csv,1,TRUE,READY,,2026-09-28T20:26:13+00:00,AUTO_READY,No metadata anomaly detected.
654,2022-10-20,2022,PKRV20102022,/Upload/WebDoc/IndustryStatictics/PKRV201020222114.csv,https://www.mufap.com.pk/Upload/WebDoc/IndustryStatictics/PKRV201020222114.csv,PKRV201020222114.csv,.csv,1,TRUE,READY,,2026-09-28T20:26:13+00:00,AUTO_READY,No metadata anomaly detected.
657,2022-10-21,2022,PKRV21102022,/Upload/WebDoc/IndustryStatictics/PKRV211020222115.csv,https://www.mufap.com.pk/Upload/WebDoc/IndustryStatictics/PKRV211020222115.csv,PKRV211020222115.csv,.csv,1,TRUE,READY,,2026-09-28T20:26:13+00:00,AUTO_READY,No metadata anomaly detected.
660,2022-10-24,2022,PKRV24102022,/Upload/WebDoc/IndustryStatictics/PKRV241020222116.csv,https://www.mufap.com.pk/Upload/WebDoc/IndustryStatictics/PKRV241020222116.csv,PKRV241020222116.csv,.csv,1,TRUE,READY,,2026-09-28T20:26:13+00:00,AUTO_READY,No metadata anomaly detected.
663,2022-10-25,2022,PKRV25102022,/Upload/WebDoc/IndustryStatictics/PKRV251020222117.csv,https://www.mufap.com.pk/Upload/WebDoc/IndustryStatictics/PKRV251020222117.csv,PKRV251020222117.csv,.csv,1,TRUE,READY,,2026-09-28T20:26:13+00:00,AUTO_READY,No metadata anomaly detected.
666,2022-10-26,2022,PKRV26102022,/Upload/WebDoc/IndustryStatictics/PKRV261020222118.csv,https://www.mufap.com.pk/Upload/WebDoc/IndustryStatictics/PKRV261020222118.csv,PKRV261020222118.csv,.csv,1,TRUE,READY,,2026-09-28T20:26:13+00:00,AUTO_READY,No metadata anomaly detected.
669,2022-10-27,2022,PKRV27102022,/Upload/WebDoc/IndustryStatictics/PKRV271020222119.csv,https://www.mufap.com.pk/Upload/WebDoc/IndustryStatictics/PKRV271020222119.csv,PKRV271020222119.csv,.csv,1,TRUE,READY,,2026-09-28T20:26:13+00:00,AUTO_READY,No metadata anomaly detected.
672,2022-10-28,2022,PKRV28102022,/Upload/WebDoc/IndustryStatictics/PKRV281020222120.csv,https://www.mufap.com.pk/Upload/WebDoc/IndustryStatictics/PKRV281020222120.csv,PKRV281020222120.csv,.csv,1,TRUE,READY,,2026-09-28T20:26:13+00:00,AUTO_READY,No metadata anomaly detected.
675,2022-10-31,2022,PKRV31102022,/Upload/WebDoc/IndustryStatictics/PKRV311020222121.csv,https://www.mufap.com.pk/Upload/WebDoc/IndustryStatictics/PKRV311020222121.csv,PKRV311020222121.csv,.csv,1,TRUE,READY,,2026-09-28T20:26:13+00:00,AUTO_READY,No metadata anomaly detected.
678,2022-11-01,2022,PKRV01112022,/Upload/WebDoc/IndustryStatictics/PKRV011120222122.csv,https://www.mufap.com.pk/Upload/WebDoc/IndustryStatictics/PKRV011120222122.csv,PKRV011120222122.csv,.csv,1,TRUE,READY,,2026-09-28T20:26:13+00:00,AUTO_READY,No metadata anomaly detected.
681,2022-11-02,2022,PKRV02112022,/Upload/WebDoc/IndustryStatictics/PKRV021120222123.csv,https://www.mufap.com.pk/Upload/WebDoc/IndustryStatictics/PKRV021120222123.csv,PKRV021120222123.csv,.csv,1,TRUE,READY,,2026-09-28T20:26:13+00:00,AUTO_READY,No metadata anomaly detected.
684,2022-11-03,2022,PKRV03112022,/Upload/WebDoc/IndustryStatictics/PKRV031120222124.csv,https://www.mufap.com.pk/Upload/WebDoc/IndustryStatictics/PKRV031120222124.csv,PKRV031120222124.csv,.csv,1,TRUE,READY,,2026-09-28T20:26:13+00:00,AUTO_READY,No metadata anomaly detected.
687,2022-11-04,2022,PKRV04112022,/Upload/WebDoc/IndustryStatictics/PKRV041120222125.csv,https://www.mufap.com.pk/Upload/WebDoc/IndustryStatictics/PKRV041120222125.csv,PKRV041120222125.csv,.csv,1,TRUE,READY,,2026-09-28T20:26:13+00:00,AUTO_READY,No metadata anomaly detected.
690,2022-11-07,2022,PKRV07112022,/Upload/WebDoc/IndustryStatictics/PKRV071120222126.csv,https://www.mufap.com.pk/Upload/WebDoc/IndustryStatictics/PKRV071120222126.csv,PKRV071120222126.csv,.csv,1,TRUE,READY,,2026-09-28T20:26:13+00:00,AUTO_READY,No metadata anomaly detected.
693,2022-11-08,2022,PKRV08112022,/Upload/WebDoc/IndustryStatictics/PKRV081120222127.csv,https://www.mufap.com.pk/Upload/WebDoc/IndustryStatictics/PKRV081120222127.csv,PKRV081120222127.csv,.csv,1,TRUE,READY,,2026-09-28T20:26:13+00:00,AUTO_READY,No metadata anomaly detected.
696,2022-11-10,2022,PKRV10112022,/Upload/WebDoc/IndustryStatictics/PKRV101120222128.csv,https://www.mufap.com.pk/Upload/WebDoc/IndustryStatictics/PKRV101120222128.csv,PKRV101120222128.csv,.csv,1,TRUE,READY,,2026-09-28T20:26:13+00:00,AUTO_READY,No metadata anomaly detected.
699,2022-11-11,2022,PKRV11112022,/Upload/WebDoc/IndustryStatictics/PKRV111120222129.csv,https://www.mufap.com.pk/Upload/WebDoc/IndustryStatictics/PKRV111120222129.csv,PKRV111120222129.csv,.csv,1,TRUE,READY,,2026-09-28T20:26:13+00:00,AUTO_READY,No metadata anomaly detected.
702,2022-11-14,2022,PKRV14112022,/Upload/WebDoc/IndustryStatictics/PKRV141120222130.csv,https://www.mufap.com.pk/Upload/WebDoc/IndustryStatictics/PKRV141120222130.csv,PKRV141120222130.csv,.csv,1,TRUE,READY,,2026-09-28T20:26:13+00:00,AUTO_READY,No metadata anomaly detected.
705,2022-11-15,2022,PKRV15112022,/Upload/WebDoc/IndustryStatictics/PKRV151120222131.csv,https://www.mufap.com.pk/Upload/WebDoc/IndustryStatictics/PKRV151120222131.csv,PKRV151120222131.csv,.csv,1,TRUE,READY,,2026-09-28T20:26:13+00:00,AUTO_READY,No metadata anomaly detected.
708,2022-11-16,2022,PKRV16112022,/Upload/WebDoc/IndustryStatictics/PKRV161120222132.csv,https://www.mufap.com.pk/Upload/WebDoc/IndustryStatictics/PKRV161120222132.csv,PKRV161120222132.csv,.csv,1,TRUE,READY,,2026-09-28T20:26:13+00:00,AUTO_READY,No metadata anomaly detected.
711,2022-11-17,2022,PKRV17112022,/Upload/WebDoc/IndustryStatictics/PKRV171120222133.csv,https://www.mufap.com.pk/Upload/WebDoc/IndustryStatictics/PKRV171120222133.csv,PKRV171120222133.csv,.csv,1,TRUE,READY,,2026-09-28T20:26:13+00:00,AUTO_READY,No metadata anomaly detected.
714,2022-11-18,2022,PKRV18112022,/Upload/WebDoc/IndustryStatictics/PKRV181120222134.csv,https://www.mufap.com.pk/Upload/WebDoc/IndustryStatictics/PKRV181120222134.csv,PKRV181120222134.csv,.csv,1,TRUE,READY,,2026-09-28T20:26:13+00:00,AUTO_READY,No metadata anomaly detected.
717,2022-11-21,2022,PKRV21112022,/Upload/WebDoc/IndustryStatictics/PKRV211120222135.csv,https://www.mufap.com.pk/Upload/WebDoc/IndustryStatictics/PKRV211120222135.csv,PKRV211120222135.csv,.csv,1,TRUE,READY,,2026-09-28T20:26:13+00:00,AUTO_READY,No metadata anomaly detected.
720,2022-11-22,2022,PKRV22112022,/Upload/WebDoc/IndustryStatictics/PKRV221120222136.csv,https://www.mufap.com.pk/Upload/WebDoc/IndustryStatictics/PKRV221120222136.csv,PKRV221120222136.csv,.csv,1,TRUE,READY,,2026-09-28T20:26:13+00:00,AUTO_READY,No metadata anomaly detected.
723,2022-11-23,2022,PKRV23112022,/Upload/WebDoc/IndustryStatictics/PKRV231120222137.csv,https://www.mufap.com.pk/Upload/WebDoc/IndustryStatictics/PKRV231120222137.csv,PKRV231120222137.csv,.csv,1,TRUE,READY,,2026-09-28T20:26:13+00:00,AUTO_READY,No metadata anomaly detected.
726,2022-11-24,2022,PKRV24112022,/Upload/WebDoc/IndustryStatictics/PKRV241120222138.csv,https://www.mufap.com.pk/Upload/WebDoc/IndustryStatictics/PKRV241120222138.csv,PKRV241120222138.csv,.csv,1,TRUE,READY,,2026-09-28T20:26:13+00:00,AUTO_READY,No metadata anomaly detected.
729,2022-11-25,2022,PKRV25112022,/Upload/WebDoc/IndustryStatictics/PKRV251120222139.csv,https://www.mufap.com.pk/Upload/WebDoc/IndustryStatictics/PKRV251120222139.csv,PKRV251120222139.csv,.csv,1,TRUE,READY,,2026-09-28T20:26:13+00:00,AUTO_READY,No metadata anomaly detected.
732,2022-11-28,2022,PKRV28112022,/Upload/WebDoc/IndustryStatictics/PKRV281120222140.csv,https://www.mufap.com.pk/Upload/WebDoc/IndustryStatictics/PKRV281120222140.csv,PKRV281120222140.csv,.csv,1,TRUE,READY,,2026-09-28T20:26:13+00:00,AUTO_READY,No metadata anomaly detected.
735,2022-11-29,2022,PKRV29112022,/Upload/WebDoc/IndustryStatictics/PKRV291120222141.csv,https://www.mufap.com.pk/Upload/WebDoc/IndustryStatictics/PKRV291120222141.csv,PKRV291120222141.csv,.csv,1,TRUE,READY,,2026-09-28T20:26:13+00:00,AUTO_READY,No metadata anomaly detected.
738,2022-11-30,2022,PKRV30112022,/Upload/WebDoc/IndustryStatictics/PKRV301120222142.csv,https://www.mufap.com.pk/Upload/WebDoc/IndustryStatictics/PKRV301120222142.csv,PKRV301120222142.csv,.csv,1,TRUE,READY,,2026-09-28T20:26:13+00:00,AUTO_READY,No metadata anomaly detected.
741,2022-12-01,2022,PKRV01122022,/Upload/WebDoc/IndustryStatictics/PKRV011220222143.csv,https://www.mufap.com.pk/Upload/WebDoc/IndustryStatictics/PKRV011220222143.csv,PKRV011220222143.csv,.csv,1,TRUE,READY,,2026-09-28T20:26:13+00:00,AUTO_READY,No metadata anomaly detected.
744,2022-12-02,2022,PKRV02122022,/Upload/WebDoc/IndustryStatictics/PKRV021220222144.csv,https://www.mufap.com.pk/Upload/WebDoc/IndustryStatictics/PKRV021220222144.csv,PKRV021220222144.csv,.csv,1,TRUE,READY,,2026-09-28T20:26:13+00:00,AUTO_READY,No metadata anomaly detected.
747,2022-12-05,2022,PKRV05122022,/Upload/WebDoc/IndustryStatictics/PKRV051220222145.csv,https://www.mufap.com.pk/Upload/WebDoc/IndustryStatictics/PKRV051220222145.csv,PKRV051220222145.csv,.csv,1,TRUE,READY,,2026-09-28T20:26:13+00:00,AUTO_READY,No metadata anomaly detected.
750,2022-12-06,2022,PKRV06122022,/Upload/WebDoc/IndustryStatictics/PKRV061220222146.csv,https://www.mufap.com.pk/Upload/WebDoc/IndustryStatictics/PKRV061220222146.csv,PKRV061220222146.csv,.csv,1,TRUE,READY,,2026-09-28T20:26:13+00:00,AUTO_READY,No metadata anomaly detected.
753,2022-12-07,2022,PKRV07122022,/Upload/WebDoc/IndustryStatictics/PKRV071220222147.csv,https://www.mufap.com.pk/Upload/WebDoc/IndustryStatictics/PKRV071220222147.csv,PKRV071220222147.csv,.csv,1,TRUE,READY,,2026-09-28T20:26:13+00:00,AUTO_READY,No metadata anomaly detected.
756,2022-12-08,2022,PKRV08122022,/Upload/WebDoc/IndustryStatictics/PKRV081220222148.csv,https://www.mufap.com.pk/Upload/WebDoc/IndustryStatictics/PKRV081220222148.csv,PKRV081220222148.csv,.csv,1,TRUE,READY,,2026-09-28T20:26:13+00:00,AUTO_READY,No metadata anomaly detected.
759,2022-12-09,2022,PKRV09122022,/Upload/WebDoc/IndustryStatictics/PKRV091220222149.csv,https://www.mufap.com.pk/Upload/WebDoc/IndustryStatictics/PKRV091220222149.csv,PKRV091220222149.csv,.csv,1,TRUE,READY,,2026-09-28T20:26:13+00:00,AUTO_READY,No metadata anomaly detected.
762,2022-12-12,2022,PKRV12122022,/Upload/WebDoc/IndustryStatictics/PKRV121220222150.csv,https://www.mufap.com.pk/Upload/WebDoc/IndustryStatictics/PKRV121220222150.csv,PKRV121220222150.csv,.csv,1,TRUE,READY,,2026-09-28T20:26:13+00:00,AUTO_READY,No metadata anomaly detected.
765,2022-12-13,2022,PKRV13122022,/Upload/WebDoc/IndustryStatictics/PKRV131220222151.csv,https://www.mufap.com.pk/Upload/WebDoc/IndustryStatictics/PKRV131220222151.csv,PKRV131220222151.csv,.csv,1,TRUE,READY,,2026-09-28T20:26:13+00:00,AUTO_READY,No metadata anomaly detected.
769,2022-12-14,2022,PKRV14122022,/Upload/WebDoc/IndustryStatictics/PKRV141220222152.csv,https://www.mufap.com.pk/Upload/WebDoc/IndustryStatictics/PKRV141220222152.csv,PKRV141220222152.csv,.csv,1,TRUE,READY,,2026-09-28T20:26:13+00:00,AUTO_READY,No metadata anomaly detected.
773,2022-12-15,2022,PKRV15122022,/Upload/WebDoc/IndustryStatictics/PKRV151220222153.csv,https://www.mufap.com.pk/Upload/WebDoc/IndustryStatictics/PKRV151220222153.csv,PKRV151220222153.csv,.csv,1,TRUE,READY,,2026-09-28T20:26:13+00:00,AUTO_READY,No metadata anomaly detected.
776,2022-12-16,2022,PKRV16122022,/Upload/WebDoc/IndustryStatictics/PKRV161220222154.csv,https://www.mufap.com.pk/Upload/WebDoc/IndustryStatictics/PKRV161220222154.csv,PKRV161220222154.csv,.csv,1,TRUE,READY,,2026-09-28T20:26:13+00:00,AUTO_READY,No metadata anomaly detected.
779,2022-12-19,2022,PKRV19122022,/Upload/WebDoc/IndustryStatictics/PKRV191220222155.csv,https://www.mufap.com.pk/Upload/WebDoc/IndustryStatictics/PKRV191220222155.csv,PKRV191220222155.csv,.csv,1,TRUE,READY,,2026-09-28T20:26:13+00:00,AUTO_READY,No metadata anomaly detected.
782,2022-12-20,2022,PKRV20122022,/Upload/WebDoc/IndustryStatictics/PKRV201220222156.csv,https://www.mufap.com.pk/Upload/WebDoc/IndustryStatictics/PKRV201220222156.csv,PKRV201220222156.csv,.csv,1,TRUE,READY,,2026-09-28T20:26:13+00:00,AUTO_READY,No metadata anomaly detected.
785,2022-12-21,2022,PKRV21122022,/Upload/WebDoc/IndustryStatictics/PKRV211220222157.csv,https://www.mufap.com.pk/Upload/WebDoc/IndustryStatictics/PKRV211220222157.csv,PKRV211220222157.csv,.csv,1,TRUE,READY,,2026-09-28T20:26:13+00:00,AUTO_READY,No metadata anomaly detected.
788,2022-12-22,2022,PKRV22122022,/Upload/WebDoc/IndustryStatictics/PKRV221220222158.csv,https://www.mufap.com.pk/Upload/WebDoc/IndustryStatictics/PKRV221220222158.csv,PKRV221220222158.csv,.csv,1,TRUE,READY,,2026-09-28T20:26:13+00:00,AUTO_READY,No metadata anomaly detected.
766,2022-12-23,2022,PKRV23122022,/Upload/WebDoc/IndustryStatictics/PKRV231220222159.csv,https://www.mufap.com.pk/Upload/WebDoc/IndustryStatictics/PKRV231220222159.csv,PKRV231220222159.csv,.csv,1,TRUE,READY,,2026-09-28T20:26:13+00:00,AUTO_READY,No metadata anomaly detected.
793,2022-12-26,2022,PKRV26122022,/Upload/WebDoc/IndustryStatictics/PKRV261220222160.csv,https://www.mufap.com.pk/Upload/WebDoc/IndustryStatictics/PKRV261220222160.csv,PKRV261220222160.csv,.csv,1,TRUE,READY,,2026-09-28T20:26:13+00:00,AUTO_READY,No metadata anomaly detected.
796,2022-12-27,2022,PKRV27122022,/Upload/WebDoc/IndustryStatictics/PKRV271220222161.csv,https://www.mufap.com.pk/Upload/WebDoc/IndustryStatictics/PKRV271220222161.csv,PKRV271220222161.csv,.csv,1,TRUE,READY,,2026-09-28T20:26:13+00:00,AUTO_READY,No metadata anomaly detected.
799,2022-12-28,2022,PKRV28122022,/Upload/WebDoc/IndustryStatictics/PKRV281220222162.csv,https://www.mufap.com.pk/Upload/WebDoc/IndustryStatictics/PKRV281220222162.csv,PKRV281220222162.csv,.csv,1,TRUE,READY,,2026-09-28T20:26:13+00:00,AUTO_READY,No metadata anomaly detected.
802,2022-12-29,2022,PKRV29122022,/Upload/WebDoc/IndustryStatictics/PKRV291220222164.csv,https://www.mufap.com.pk/Upload/WebDoc/IndustryStatictics/PKRV291220222164.csv,PKRV291220222164.csv,.csv,1,TRUE,READY,,2026-09-28T20:26:13+00:00,AUTO_READY,No metadata anomaly detected.
805,2022-12-30,2022,PKRV30122022,/Upload/WebDoc/IndustryStatictics/PKRV301220222166.csv,https://www.mufap.com.pk/Upload/WebDoc/IndustryStatictics/PKRV301220222166.csv,PKRV301220222166.csv,.csv,1,TRUE,READY,,2026-09-28T20:26:13+00:00,AUTO_READY,No metadata anomaly detected.
808,2023-01-03,2023,PKRV03012023,/Upload/WebDoc/IndustryStatictics/PKRV03012023941.csv,https://www.mufap.com.pk/Upload/WebDoc/IndustryStatictics/PKRV03012023941.csv,PKRV03012023941.csv,.csv,1,TRUE,READY,,2026-09-28T20:26:13+00:00,AUTO_READY,No metadata anomaly detected.
811,2023-01-04,2023,PKRV04012023,/Upload/WebDoc/IndustryStatictics/PKRV04012023942.csv,https://www.mufap.com.pk/Upload/WebDoc/IndustryStatictics/PKRV04012023942.csv,PKRV04012023942.csv,.csv,1,TRUE,READY,,2026-09-28T20:26:13+00:00,AUTO_READY,No metadata anomaly detected.
814,2023-01-05,2023,PKRV05012023,/Upload/WebDoc/IndustryStatictics/PKRV05012023943.csv,https://www.mufap.com.pk/Upload/WebDoc/IndustryStatictics/PKRV05012023943.csv,PKRV05012023943.csv,.csv,1,TRUE,READY,,2026-09-28T20:26:13+00:00,AUTO_READY,No metadata anomaly detected.
817,2023-01-06,2023,PKRV06012023,/Upload/WebDoc/IndustryStatictics/PKRV06012023944.csv,https://www.mufap.com.pk/Upload/WebDoc/IndustryStatictics/PKRV06012023944.csv,PKRV06012023944.csv,.csv,1,TRUE,READY,,2026-09-28T20:26:13+00:00,AUTO_READY,No metadata anomaly detected.
821,2023-01-09,2023,PKRV09012023,/Upload/WebDoc/IndustryStatictics/PKRV09012023945.csv,https://www.mufap.com.pk/Upload/WebDoc/IndustryStatictics/PKRV09012023945.csv,PKRV09012023945.csv,.csv,1,TRUE,READY,,2026-09-28T20:26:13+00:00,AUTO_READY,No metadata anomaly detected.
824,2023-01-10,2023,PKRV10012023,/Upload/WebDoc/IndustryStatictics/PKRV10012023946.csv,https://www.mufap.com.pk/Upload/WebDoc/IndustryStatictics/PKRV10012023946.csv,PKRV10012023946.csv,.csv,1,TRUE,READY,,2026-09-28T20:26:13+00:00,AUTO_READY,No metadata anomaly detected.
827,2023-01-11,2023,PKRV11012023,/Upload/WebDoc/IndustryStatictics/PKRV11012023947.csv,https://www.mufap.com.pk/Upload/WebDoc/IndustryStatictics/PKRV11012023947.csv,PKRV11012023947.csv,.csv,1,TRUE,READY,,2026-09-28T20:26:13+00:00,AUTO_READY,No metadata anomaly detected.
830,2023-01-12,2023,PKRV12012023,/Upload/WebDoc/IndustryStatictics/PKRV12012023948.csv,https://www.mufap.com.pk/Upload/WebDoc/IndustryStatictics/PKRV12012023948.csv,PKRV12012023948.csv,.csv,1,TRUE,READY,,2026-09-28T20:26:13+00:00,AUTO_READY,No metadata anomaly detected.
833,2023-01-13,2023,PKRV13012023,/Upload/WebDoc/IndustryStatictics/PKRV13012023949.csv,https://www.mufap.com.pk/Upload/WebDoc/IndustryStatictics/PKRV13012023949.csv,PKRV13012023949.csv,.csv,1,TRUE,READY,,2026-09-28T20:26:13+00:00,AUTO_READY,No metadata anomaly detected.
835,2023-01-16,2023,PKRV16012023,/Upload/WebDoc/IndustryStatictics/PKRV16012023950.csv,https://www.mufap.com.pk/Upload/WebDoc/IndustryStatictics/PKRV16012023950.csv,PKRV16012023950.csv,.csv,1,TRUE,READY,,2026-09-28T20:26:13+00:00,AUTO_READY,No metadata anomaly detected.
838,2023-01-17,2023,PKRV17012023,/Upload/WebDoc/IndustryStatictics/PKRV17012023951.csv,https://www.mufap.com.pk/Upload/WebDoc/IndustryStatictics/PKRV17012023951.csv,PKRV17012023951.csv,.csv,1,TRUE,READY,,2026-09-28T20:26:13+00:00,AUTO_READY,No metadata anomaly detected.
841,2023-01-18,2023,PKRV18012023,/Upload/WebDoc/IndustryStatictics/PKRV18012023952.csv,https://www.mufap.com.pk/Upload/WebDoc/IndustryStatictics/PKRV18012023952.csv,PKRV18012023952.csv,.csv,1,TRUE,READY,,2026-09-28T20:26:13+00:00,AUTO_READY,No metadata anomaly detected.
844,2023-01-19,2023,PKRV19012023,/Upload/WebDoc/IndustryStatictics/PKRV19012023953.csv,https://www.mufap.com.pk/Upload/WebDoc/IndustryStatictics/PKRV19012023953.csv,PKRV19012023953.csv,.csv,1,TRUE,READY,,2026-09-28T20:26:13+00:00,AUTO_READY,No metadata anomaly detected.
847,2023-01-20,2023,PKRV20012023,/Upload/WebDoc/IndustryStatictics/PKRV20012023954.csv,https://www.mufap.com.pk/Upload/WebDoc/IndustryStatictics/PKRV20012023954.csv,PKRV20012023954.csv,.csv,1,TRUE,READY,,2026-09-28T20:26:13+00:00,AUTO_READY,No metadata anomaly detected.
850,2023-01-23,2023,PKRV23012023,/Upload/WebDoc/IndustryStatictics/PKRV23012023955.csv,https://www.mufap.com.pk/Upload/WebDoc/IndustryStatictics/PKRV23012023955.csv,PKRV23012023955.csv,.csv,1,TRUE,READY,,2026-09-28T20:26:13+00:00,AUTO_READY,No metadata anomaly detected.
853,2023-01-24,2023,PKRV24012023,/Upload/WebDoc/IndustryStatictics/PKRV24012023956.csv,https://www.mufap.com.pk/Upload/WebDoc/IndustryStatictics/PKRV24012023956.csv,PKRV24012023956.csv,.csv,1,TRUE,READY,,2026-09-28T20:26:13+00:00,AUTO_READY,No metadata anomaly detected.
856,2023-01-25,2023,PKRV25012023,/Upload/WebDoc/IndustryStatictics/PKRV25012023957.csv,https://www.mufap.com.pk/Upload/WebDoc/IndustryStatictics/PKRV25012023957.csv,PKRV25012023957.csv,.csv,1,TRUE,READY,,2026-09-28T20:26:13+00:00,AUTO_READY,No metadata anomaly detected.
859,2023-01-26,2023,PKRV26012023,/Upload/WebDoc/IndustryStatictics/PKRV26012023958.csv,https://www.mufap.com.pk/Upload/WebDoc/IndustryStatictics/PKRV26012023958.csv,PKRV26012023958.csv,.csv,1,TRUE,READY,,2026-09-28T20:26:13+00:00,AUTO_READY,No metadata anomaly detected.
862,2023-01-27,2023,PKRV27012023,/Upload/WebDoc/IndustryStatictics/PKRV27012023959.csv,https://www.mufap.com.pk/Upload/WebDoc/IndustryStatictics/PKRV27012023959.csv,PKRV27012023959.csv,.csv,1,TRUE,READY,,2026-09-28T20:26:13+00:00,AUTO_READY,No metadata anomaly detected.
865,2023-01-30,2023,PKRV30012023,/Upload/WebDoc/IndustryStatictics/PKRV30012023960.csv,https://www.mufap.com.pk/Upload/WebDoc/IndustryStatictics/PKRV30012023960.csv,PKRV30012023960.csv,.csv,1,TRUE,READY,,2026-09-28T20:26:13+00:00,AUTO_READY,No metadata anomaly detected.
868,2023-01-31,2023,PKRV31012023,/Upload/WebDoc/IndustryStatictics/PKRV31012023961.csv,https://www.mufap.com.pk/Upload/WebDoc/IndustryStatictics/PKRV31012023961.csv,PKRV31012023961.csv,.csv,1,TRUE,READY,,2026-09-28T20:26:13+00:00,AUTO_READY,No metadata anomaly detected.
871,2023-02-01,2023,PKRV01022023,/Upload/WebDoc/IndustryStatictics/PKRV01022023922.csv,https://www.mufap.com.pk/Upload/WebDoc/IndustryStatictics/PKRV01022023922.csv,PKRV01022023922.csv,.csv,1,TRUE,READY,,2026-09-28T20:26:13+00:00,AUTO_READY,No metadata anomaly detected.
875,2023-02-02,2023,PKRV02022023,/Upload/WebDoc/IndustryStatictics/PKRV02022023923.csv,https://www.mufap.com.pk/Upload/WebDoc/IndustryStatictics/PKRV02022023923.csv,PKRV02022023923.csv,.csv,1,TRUE,READY,,2026-09-28T20:26:13+00:00,AUTO_READY,No metadata anomaly detected.
878,2023-02-03,2023,PKRV03022023,/Upload/WebDoc/IndustryStatictics/PKRV03022023924.csv,https://www.mufap.com.pk/Upload/WebDoc/IndustryStatictics/PKRV03022023924.csv,PKRV03022023924.csv,.csv,1,TRUE,READY,,2026-09-28T20:26:13+00:00,AUTO_READY,No metadata anomaly detected.
881,2023-02-06,2023,PKRV06022023,/Upload/WebDoc/IndustryStatictics/PKRV06022023925.csv,https://www.mufap.com.pk/Upload/WebDoc/IndustryStatictics/PKRV06022023925.csv,PKRV06022023925.csv,.csv,1,TRUE,READY,,2026-09-28T20:26:13+00:00,AUTO_READY,No metadata anomaly detected.
883,2023-02-07,2023,PKRV07022023,/Upload/WebDoc/IndustryStatictics/PKRV07022023926.csv,https://www.mufap.com.pk/Upload/WebDoc/IndustryStatictics/PKRV07022023926.csv,PKRV07022023926.csv,.csv,1,TRUE,READY,,2026-09-28T20:26:13+00:00,AUTO_READY,No metadata anomaly detected.
886,2023-02-08,2023,PKRV08022023,/Upload/WebDoc/IndustryStatictics/PKRV08022023927.csv,https://www.mufap.com.pk/Upload/WebDoc/IndustryStatictics/PKRV08022023927.csv,PKRV08022023927.csv,.csv,1,TRUE,READY,,2026-09-28T20:26:13+00:00,AUTO_READY,No metadata anomaly detected.
889,2023-02-09,2023,PKRV09022023,/Upload/WebDoc/IndustryStatictics/PKRV09022023928.csv,https://www.mufap.com.pk/Upload/WebDoc/IndustryStatictics/PKRV09022023928.csv,PKRV09022023928.csv,.csv,1,TRUE,READY,,2026-09-28T20:26:13+00:00,AUTO_READY,No metadata anomaly detected.
894,2023-02-13,2023,PKRV13022023,/Upload/WebDoc/IndustryStatictics/PKRV13022023929.csv,https://www.mufap.com.pk/Upload/WebDoc/IndustryStatictics/PKRV13022023929.csv,PKRV13022023929.csv,.csv,1,TRUE,READY,,2026-09-28T20:26:13+00:00,AUTO_READY,No metadata anomaly detected.
897,2023-02-14,2023,PKRV14022023,/Upload/WebDoc/IndustryStatictics/PKRV14022023930.csv,https://www.mufap.com.pk/Upload/WebDoc/IndustryStatictics/PKRV14022023930.csv,PKRV14022023930.csv,.csv,1,TRUE,READY,,2026-09-28T20:26:13+00:00,AUTO_READY,No metadata anomaly detected.
900,2023-02-15,2023,PKRV15022023,/Upload/WebDoc/IndustryStatictics/PKRV15022023931.csv,https://www.mufap.com.pk/Upload/WebDoc/IndustryStatictics/PKRV15022023931.csv,PKRV15022023931.csv,.csv,1,TRUE,READY,,2026-09-28T20:26:13+00:00,AUTO_READY,No metadata anomaly detected.
903,2023-02-16,2023,PKRV16022023,/Upload/WebDoc/IndustryStatictics/PKRV16022023932.csv,https://www.mufap.com.pk/Upload/WebDoc/IndustryStatictics/PKRV16022023932.csv,PKRV16022023932.csv,.csv,1,TRUE,READY,,2026-09-28T20:26:13+00:00,AUTO_READY,No metadata anomaly detected.
906,2023-02-17,2023,PKRV17022023,/Upload/WebDoc/IndustryStatictics/PKRV17022023933.csv,https://www.mufap.com.pk/Upload/WebDoc/IndustryStatictics/PKRV17022023933.csv,PKRV17022023933.csv,.csv,1,TRUE,READY,,2026-09-28T20:26:13+00:00,AUTO_READY,No metadata anomaly detected.
909,2023-02-20,2023,PKRV20022023,/Upload/WebDoc/IndustryStatictics/PKRV20022023934.csv,https://www.mufap.com.pk/Upload/WebDoc/IndustryStatictics/PKRV20022023934.csv,PKRV20022023934.csv,.csv,1,TRUE,READY,,2026-09-28T20:26:13+00:00,AUTO_READY,No metadata anomaly detected.
912,2023-02-21,2023,PKRV21022023,/Upload/WebDoc/IndustryStatictics/PKRV21022023935.csv,https://www.mufap.com.pk/Upload/WebDoc/IndustryStatictics/PKRV21022023935.csv,PKRV21022023935.csv,.csv,1,TRUE,READY,,2026-09-28T20:26:13+00:00,AUTO_READY,No metadata anomaly detected.
915,2023-02-22,2023,PKRV22022023,/Upload/WebDoc/IndustryStatictics/PKRV22022023936.csv,https://www.mufap.com.pk/Upload/WebDoc/IndustryStatictics/PKRV22022023936.csv,PKRV22022023936.csv,.csv,1,TRUE,READY,,2026-09-28T20:26:13+00:00,AUTO_READY,No metadata anomaly detected.
979,2023-02-23,2023,PKRV23022023,/Upload/WebDoc/IndustryStatictics/PKRV23022023937.csv,https://www.mufap.com.pk/Upload/WebDoc/IndustryStatictics/PKRV23022023937.csv,PKRV23022023937.csv,.csv,1,TRUE,READY,,2026-09-28T20:26:13+00:00,AUTO_READY,No metadata anomaly detected.
920,2023-02-24,2023,PKRV24022023,/Upload/WebDoc/IndustryStatictics/PKRV24022023938.csv,https://www.mufap.com.pk/Upload/WebDoc/IndustryStatictics/PKRV24022023938.csv,PKRV24022023938.csv,.csv,1,TRUE,READY,,2026-09-28T20:26:13+00:00,AUTO_READY,No metadata anomaly detected.
923,2023-02-27,2023,PKRV27022023,/Upload/WebDoc/IndustryStatictics/PKRV27022023939.csv,https://www.mufap.com.pk/Upload/WebDoc/IndustryStatictics/PKRV27022023939.csv,PKRV27022023939.csv,.csv,1,TRUE,READY,,2026-09-28T20:26:13+00:00,AUTO_READY,No metadata anomaly detected.
926,2023-02-28,2023,PKRV28022023,/Upload/WebDoc/IndustryStatictics/PKRV28022023940.csv,https://www.mufap.com.pk/Upload/WebDoc/IndustryStatictics/PKRV28022023940.csv,PKRV28022023940.csv,.csv,1,TRUE,READY,,2026-09-28T20:26:13+00:00,AUTO_READY,No metadata anomaly detected.
929,2023-03-01,2023,PKRV01032023,/Upload/WebDoc/IndustryStatictics/PKRV01032023901.csv,https://www.mufap.com.pk/Upload/WebDoc/IndustryStatictics/PKRV01032023901.csv,PKRV01032023901.csv,.csv,1,TRUE,READY,,2026-09-28T20:26:13+00:00,AUTO_READY,No metadata anomaly detected.
932,2023-03-02,2023,PKRV02032023,/Upload/WebDoc/IndustryStatictics/PKRV02032023902.csv,https://www.mufap.com.pk/Upload/WebDoc/IndustryStatictics/PKRV02032023902.csv,PKRV02032023902.csv,.csv,1,TRUE,READY,,2026-09-28T20:26:13+00:00,AUTO_READY,No metadata anomaly detected.
935,2023-03-03,2023,PKRV03032023,/Upload/WebDoc/IndustryStatictics/PKRV03032023903.csv,https://www.mufap.com.pk/Upload/WebDoc/IndustryStatictics/PKRV03032023903.csv,PKRV03032023903.csv,.csv,1,TRUE,READY,,2026-09-28T20:26:13+00:00,AUTO_READY,No metadata anomaly detected.
938,2023-03-06,2023,PKRV06032023,/Upload/WebDoc/IndustryStatictics/PKRV06032023904.csv,https://www.mufap.com.pk/Upload/WebDoc/IndustryStatictics/PKRV06032023904.csv,PKRV06032023904.csv,.csv,1,TRUE,READY,,2026-09-28T20:26:13+00:00,AUTO_READY,No metadata anomaly detected.
942,2023-03-07,2023,PKRV07032023,/Upload/WebDoc/IndustryStatictics/PKRV07032023905.csv,https://www.mufap.com.pk/Upload/WebDoc/IndustryStatictics/PKRV07032023905.csv,PKRV07032023905.csv,.csv,1,TRUE,READY,,2026-09-28T20:26:13+00:00,AUTO_READY,No metadata anomaly detected.
945,2023-03-08,2023,PKRV08032023,/Upload/WebDoc/IndustryStatictics/PKRV08032023906.csv,https://www.mufap.com.pk/Upload/WebDoc/IndustryStatictics/PKRV08032023906.csv,PKRV08032023906.csv,.csv,1,TRUE,READY,,2026-09-28T20:26:13+00:00,AUTO_READY,No metadata anomaly detected.
948,2023-03-09,2023,PKRV09032023,/Upload/WebDoc/IndustryStatictics/PKRV09032023907.csv,https://www.mufap.com.pk/Upload/WebDoc/IndustryStatictics/PKRV09032023907.csv,PKRV09032023907.csv,.csv,1,TRUE,READY,,2026-09-28T20:26:13+00:00,AUTO_READY,No metadata anomaly detected.
951,2023-03-10,2023,PKRV10032023,/Upload/WebDoc/IndustryStatictics/PKRV10032023908.csv,https://www.mufap.com.pk/Upload/WebDoc/IndustryStatictics/PKRV10032023908.csv,PKRV10032023908.csv,.csv,1,TRUE,READY,,2026-09-28T20:26:13+00:00,AUTO_READY,No metadata anomaly detected.
954,2023-03-13,2023,PKRV13032023,/Upload/WebDoc/IndustryStatictics/PKRV13032023909.csv,https://www.mufap.com.pk/Upload/WebDoc/IndustryStatictics/PKRV13032023909.csv,PKRV13032023909.csv,.csv,1,TRUE,READY,,2026-09-28T20:26:13+00:00,AUTO_READY,No metadata anomaly detected.
957,2023-03-14,2023,PKRV14032023,/Upload/WebDoc/IndustryStatictics/PKRV14032023910.csv,https://www.mufap.com.pk/Upload/WebDoc/IndustryStatictics/PKRV14032023910.csv,PKRV14032023910.csv,.csv,1,TRUE,READY,,2026-09-28T20:26:13+00:00,AUTO_READY,No metadata anomaly detected.
960,2023-03-15,2023,PKRV15032023,/Upload/WebDoc/IndustryStatictics/PKRV15032023911.csv,https://www.mufap.com.pk/Upload/WebDoc/IndustryStatictics/PKRV15032023911.csv,PKRV15032023911.csv,.csv,1,TRUE,READY,,2026-09-28T20:26:13+00:00,AUTO_READY,No metadata anomaly detected.
964,2023-03-16,2023,PKRV16032023,/Upload/WebDoc/IndustryStatictics/PKRV16032023912.csv,https://www.mufap.com.pk/Upload/WebDoc/IndustryStatictics/PKRV16032023912.csv,PKRV16032023912.csv,.csv,1,TRUE,READY,,2026-09-28T20:26:13+00:00,AUTO_READY,No metadata anomaly detected.
967,2023-03-17,2023,PKRV17032023,/Upload/WebDoc/IndustryStatictics/PKRV17032023913.csv,https://www.mufap.com.pk/Upload/WebDoc/IndustryStatictics/PKRV17032023913.csv,PKRV17032023913.csv,.csv,1,TRUE,READY,,2026-09-28T20:26:13+00:00,AUTO_READY,No metadata anomaly detected.
970,2023-03-20,2023,PKRV20032023,/Upload/WebDoc/IndustryStatictics/PKRV20032023914.csv,https://www.mufap.com.pk/Upload/WebDoc/IndustryStatictics/PKRV20032023914.csv,PKRV20032023914.csv,.csv,1,TRUE,READY,,2026-09-28T20:26:13+00:00,AUTO_READY,No metadata anomaly detected.
973,2023-03-21,2023,PKRV21032023,/Upload/WebDoc/IndustryStatictics/PKRV21032023915.csv,https://www.mufap.com.pk/Upload/WebDoc/IndustryStatictics/PKRV21032023915.csv,PKRV21032023915.csv,.csv,1,TRUE,READY,,2026-09-28T20:26:13+00:00,AUTO_READY,No metadata anomaly detected.
976,2023-03-22,2023,PKRV22032023,/Upload/WebDoc/IndustryStatictics/PKRV22032023916.csv,https://www.mufap.com.pk/Upload/WebDoc/IndustryStatictics/PKRV22032023916.csv,PKRV22032023916.csv,.csv,1,TRUE,READY,,2026-09-28T20:26:13+00:00,AUTO_READY,No metadata anomaly detected.
980,2023-03-27,2023,PKRV27032023,/Upload/WebDoc/IndustryStatictics/PKRV27032023917.csv,https://www.mufap.com.pk/Upload/WebDoc/IndustryStatictics/PKRV27032023917.csv,PKRV27032023917.csv,.csv,1,TRUE,READY,,2026-09-28T20:26:13+00:00,AUTO_READY,No metadata anomaly detected.
983,2023-03-28,2023,PKRV28032023,/Upload/WebDoc/IndustryStatictics/PKRV28032023918.csv,https://www.mufap.com.pk/Upload/WebDoc/IndustryStatictics/PKRV28032023918.csv,PKRV28032023918.csv,.csv,1,TRUE,READY,,2026-09-28T20:26:13+00:00,AUTO_READY,No metadata anomaly detected.
986,2023-03-29,2023,PKRV29032023,/Upload/WebDoc/IndustryStatictics/PKRV29032023919.csv,https://www.mufap.com.pk/Upload/WebDoc/IndustryStatictics/PKRV29032023919.csv,PKRV29032023919.csv,.csv,1,TRUE,READY,,2026-09-28T20:26:13+00:00,AUTO_READY,No metadata anomaly detected.
989,2023-03-30,2023,PKRV30032023,/Upload/WebDoc/IndustryStatictics/PKRV30032023920.csv,https://www.mufap.com.pk/Upload/WebDoc/IndustryStatictics/PKRV30032023920.csv,PKRV30032023920.csv,.csv,1,TRUE,READY,,2026-09-28T20:26:13+00:00,AUTO_READY,No metadata anomaly detected.
992,2023-03-31,2023,PKRV31032023,/Upload/WebDoc/IndustryStatictics/PKRV31032023921.csv,https://www.mufap.com.pk/Upload/WebDoc/IndustryStatictics/PKRV31032023921.csv,PKRV31032023921.csv,.csv,1,TRUE,READY,,2026-09-28T20:26:13+00:00,AUTO_READY,No metadata anomaly detected.
995,2023-04-03,2023,PKRV03042023,/Upload/WebDoc/IndustryStatictics/PKRV03042023884.csv,https://www.mufap.com.pk/Upload/WebDoc/IndustryStatictics/PKRV03042023884.csv,PKRV03042023884.csv,.csv,1,TRUE,READY,,2026-09-28T20:26:13+00:00,AUTO_READY,No metadata anomaly detected.
998,2023-04-04,2023,PKRV04042023,/Upload/WebDoc/IndustryStatictics/PKRV04042023885.csv,https://www.mufap.com.pk/Upload/WebDoc/IndustryStatictics/PKRV04042023885.csv,PKRV04042023885.csv,.csv,1,TRUE,READY,,2026-09-28T20:26:13+00:00,AUTO_READY,No metadata anomaly detected.
1001,2023-04-05,2023,PKRV05042023,/Upload/WebDoc/IndustryStatictics/PKRV05042023886.csv,https://www.mufap.com.pk/Upload/WebDoc/IndustryStatictics/PKRV05042023886.csv,PKRV05042023886.csv,.csv,1,TRUE,READY,,2026-09-28T20:26:13+00:00,AUTO_READY,No metadata anomaly detected.
1004,2023-04-06,2023,PKRV06042023,/Upload/WebDoc/IndustryStatictics/PKRV06042023887.csv,https://www.mufap.com.pk/Upload/WebDoc/IndustryStatictics/PKRV06042023887.csv,PKRV06042023887.csv,.csv,1,TRUE,READY,,2026-09-28T20:26:13+00:00,AUTO_READY,No metadata anomaly detected.
1007,2023-04-07,2023,PKRV07042023,/Upload/WebDoc/IndustryStatictics/PKRV07042023888.csv,https://www.mufap.com.pk/Upload/WebDoc/IndustryStatictics/PKRV07042023888.csv,PKRV07042023888.csv,.csv,1,TRUE,READY,,2026-09-28T20:26:13+00:00,AUTO_READY,No metadata anomaly detected.
1010,2023-04-10,2023,PKRV10042023,/Upload/WebDoc/IndustryStatictics/PKRV10042023889.csv,https://www.mufap.com.pk/Upload/WebDoc/IndustryStatictics/PKRV10042023889.csv,PKRV10042023889.csv,.csv,1,TRUE,READY,,2026-09-28T20:26:13+00:00,AUTO_READY,No metadata anomaly detected.
1013,2023-04-11,2023,PKRV11042023,/Upload/WebDoc/IndustryStatictics/PKRV11042023890.csv,https://www.mufap.com.pk/Upload/WebDoc/IndustryStatictics/PKRV11042023890.csv,PKRV11042023890.csv,.csv,1,TRUE,READY,,2026-09-28T20:26:13+00:00,AUTO_READY,No metadata anomaly detected.
1016,2023-04-12,2023,PKRV12042023,/Upload/WebDoc/IndustryStatictics/PKRV12042023891.csv,https://www.mufap.com.pk/Upload/WebDoc/IndustryStatictics/PKRV12042023891.csv,PKRV12042023891.csv,.csv,1,TRUE,READY,,2026-09-28T20:26:13+00:00,AUTO_READY,No metadata anomaly detected.
1019,2023-04-13,2023,PKRV13042023,/Upload/WebDoc/IndustryStatictics/PKRV13042023892.csv,https://www.mufap.com.pk/Upload/WebDoc/IndustryStatictics/PKRV13042023892.csv,PKRV13042023892.csv,.csv,1,TRUE,READY,,2026-09-28T20:26:13+00:00,AUTO_READY,No metadata anomaly detected.
1022,2023-04-14,2023,PKRV14042023,/Upload/WebDoc/IndustryStatictics/PKRV14042023893.csv,https://www.mufap.com.pk/Upload/WebDoc/IndustryStatictics/PKRV14042023893.csv,PKRV14042023893.csv,.csv,1,TRUE,READY,,2026-09-28T20:26:13+00:00,AUTO_READY,No metadata anomaly detected.
1024,2023-04-17,2023,PKRV17042023,/Upload/WebDoc/IndustryStatictics/PKRV17042023894.csv,https://www.mufap.com.pk/Upload/WebDoc/IndustryStatictics/PKRV17042023894.csv,PKRV17042023894.csv,.csv,1,TRUE,READY,,2026-09-28T20:26:13+00:00,AUTO_READY,No metadata anomaly detected.
1027,2023-04-18,2023,PKRV18042023,/Upload/WebDoc/IndustryStatictics/PKRV18042023895.csv,https://www.mufap.com.pk/Upload/WebDoc/IndustryStatictics/PKRV18042023895.csv,PKRV18042023895.csv,.csv,1,TRUE,READY,,2026-09-28T20:26:13+00:00,AUTO_READY,No metadata anomaly detected.
1030,2023-04-19,2023,PKRV19042023,/Upload/WebDoc/IndustryStatictics/PKRV19042023896.csv,https://www.mufap.com.pk/Upload/WebDoc/IndustryStatictics/PKRV19042023896.csv,PKRV19042023896.csv,.csv,1,TRUE,READY,,2026-09-28T20:26:13+00:00,AUTO_READY,No metadata anomaly detected.
1032,2023-04-20,2023,PKRV20042023,/Upload/WebDoc/IndustryStatictics/PKRV20042023897.csv,https://www.mufap.com.pk/Upload/WebDoc/IndustryStatictics/PKRV20042023897.csv,PKRV20042023897.csv,.csv,1,TRUE,READY,,2026-09-28T20:26:13+00:00,AUTO_READY,No metadata anomaly detected.
1035,2023-04-26,2023,PKRV26042023,/Upload/WebDoc/IndustryStatictics/PKRV26042023898.csv,https://www.mufap.com.pk/Upload/WebDoc/IndustryStatictics/PKRV26042023898.csv,PKRV26042023898.csv,.csv,1,TRUE,READY,,2026-09-28T20:26:13+00:00,AUTO_READY,No metadata anomaly detected.
1038,2023-04-27,2023,PKRV27042023,/Upload/WebDoc/IndustryStatictics/PKRV27042023899.csv,https://www.mufap.com.pk/Upload/WebDoc/IndustryStatictics/PKRV27042023899.csv,PKRV27042023899.csv,.csv,1,TRUE,READY,,2026-09-28T20:26:13+00:00,AUTO_READY,No metadata anomaly detected.
1041,2023-04-28,2023,PKRV28042023,/Upload/WebDoc/IndustryStatictics/PKRV28042023900.csv,https://www.mufap.com.pk/Upload/WebDoc/IndustryStatictics/PKRV28042023900.csv,PKRV28042023900.csv,.csv,1,TRUE,READY,,2026-09-28T20:26:13+00:00,AUTO_READY,No metadata anomaly detected.
1044,2023-05-02,2023,PKRV02052023,/Upload/WebDoc/IndustryStatictics/PKRV02052023860.csv,https://www.mufap.com.pk/Upload/WebDoc/IndustryStatictics/PKRV02052023860.csv,PKRV02052023860.csv,.csv,1,TRUE,READY,,2026-09-28T20:26:13+00:00,AUTO_READY,No metadata anomaly detected.
1047,2023-05-03,2023,PKRV03052023,/Upload/WebDoc/IndustryStatictics/PKRV03052023861.csv,https://www.mufap.com.pk/Upload/WebDoc/IndustryStatictics/PKRV03052023861.csv,PKRV03052023861.csv,.csv,1,TRUE,READY,,2026-09-28T20:26:13+00:00,AUTO_READY,No metadata anomaly detected.
1050,2023-05-04,2023,PKRV04052023,/Upload/WebDoc/IndustryStatictics/PKRV04052023862.csv,https://www.mufap.com.pk/Upload/WebDoc/IndustryStatictics/PKRV04052023862.csv,PKRV04052023862.csv,.csv,1,TRUE,READY,,2026-09-28T20:26:13+00:00,AUTO_READY,No metadata anomaly detected.
1053,2023-05-05,2023,PKRV05052023,/Upload/WebDoc/IndustryStatictics/PKRV05052023863.csv,https://www.mufap.com.pk/Upload/WebDoc/IndustryStatictics/PKRV05052023863.csv,PKRV05052023863.csv,.csv,1,TRUE,READY,,2026-09-28T20:26:13+00:00,AUTO_READY,No metadata anomaly detected.
1056,2023-05-08,2023,PKRV08052023,/Upload/WebDoc/IndustryStatictics/PKRV08052023864.csv,https://www.mufap.com.pk/Upload/WebDoc/IndustryStatictics/PKRV08052023864.csv,PKRV08052023864.csv,.csv,1,TRUE,READY,,2026-09-28T20:26:13+00:00,AUTO_READY,No metadata anomaly detected.
1059,2023-05-09,2023,PKRV09052023,/Upload/WebDoc/IndustryStatictics/PKRV09052023865.csv,https://www.mufap.com.pk/Upload/WebDoc/IndustryStatictics/PKRV09052023865.csv,PKRV09052023865.csv,.csv,1,TRUE,READY,,2026-09-28T20:26:13+00:00,AUTO_READY,No metadata anomaly detected.
1062,2023-05-10,2023,PKRV10052023,/Upload/WebDoc/IndustryStatictics/PKRV10052023866.csv,https://www.mufap.com.pk/Upload/WebDoc/IndustryStatictics/PKRV10052023866.csv,PKRV10052023866.csv,.csv,1,TRUE,READY,,2026-09-28T20:26:13+00:00,AUTO_READY,No metadata anomaly detected.
1065,2023-05-11,2023,PKRV11052023,/Upload/WebDoc/IndustryStatictics/PKRV11052023867.csv,https://www.mufap.com.pk/Upload/WebDoc/IndustryStatictics/PKRV11052023867.csv,PKRV11052023867.csv,.csv,1,TRUE,READY,,2026-09-28T20:26:13+00:00,AUTO_READY,No metadata anomaly detected.
1068,2023-05-12,2023,PKRV12052023,/Upload/WebDoc/IndustryStatictics/PKRV12052023868.csv,https://www.mufap.com.pk/Upload/WebDoc/IndustryStatictics/PKRV12052023868.csv,PKRV12052023868.csv,.csv,1,TRUE,READY,,2026-09-28T20:26:13+00:00,AUTO_READY,No metadata anomaly detected.
1071,2023-05-15,2023,PKRV15052023,/Upload/WebDoc/IndustryStatictics/PKRV15052023869.csv,https://www.mufap.com.pk/Upload/WebDoc/IndustryStatictics/PKRV15052023869.csv,PKRV15052023869.csv,.csv,1,TRUE,READY,,2026-09-28T20:26:13+00:00,AUTO_READY,No metadata anomaly detected.
1074,2023-05-16,2023,PKRV16052023,/Upload/WebDoc/IndustryStatictics/PKRV16052023870.csv,https://www.mufap.com.pk/Upload/WebDoc/IndustryStatictics/PKRV16052023870.csv,PKRV16052023870.csv,.csv,1,TRUE,READY,,2026-09-28T20:26:13+00:00,AUTO_READY,No metadata anomaly detected.
1077,2023-05-17,2023,PKRV17052023,/Upload/WebDoc/IndustryStatictics/PKRV17052023871.csv,https://www.mufap.com.pk/Upload/WebDoc/IndustryStatictics/PKRV17052023871.csv,PKRV17052023871.csv,.csv,1,TRUE,READY,,2026-09-28T20:26:13+00:00,AUTO_READY,No metadata anomaly detected.
1080,2023-05-18,2023,PKRV18052023,/Upload/WebDoc/IndustryStatictics/PKRV18052023872.csv,https://www.mufap.com.pk/Upload/WebDoc/IndustryStatictics/PKRV18052023872.csv,PKRV18052023872.csv,.csv,1,TRUE,READY,,2026-09-28T20:26:13+00:00,AUTO_READY,No metadata anomaly detected.
1083,2023-05-19,2023,PKRV19052023,/Upload/WebDoc/IndustryStatictics/PKRV19052023873.csv,https://www.mufap.com.pk/Upload/WebDoc/IndustryStatictics/PKRV19052023873.csv,PKRV19052023873.csv,.csv,1,TRUE,READY,,2026-09-28T20:26:13+00:00,AUTO_READY,No metadata anomaly detected.
1086,2023-05-22,2023,PKRV22052023,/Upload/WebDoc/IndustryStatictics/PKRV22052023874.csv,https://www.mufap.com.pk/Upload/WebDoc/IndustryStatictics/PKRV22052023874.csv,PKRV22052023874.csv,.csv,1,TRUE,READY,,2026-09-28T20:26:13+00:00,AUTO_READY,No metadata anomaly detected.
1089,2023-05-23,2023,PKRV23052023,/Upload/WebDoc/IndustryStatictics/PKRV23052023875.csv,https://www.mufap.com.pk/Upload/WebDoc/IndustryStatictics/PKRV23052023875.csv,PKRV23052023875.csv,.csv,1,TRUE,READY,,2026-09-28T20:26:13+00:00,AUTO_READY,No metadata anomaly detected.
1092,2023-05-24,2023,PKRV24052023,/Upload/WebDoc/IndustryStatictics/PKRV24052023876.csv,https://www.mufap.com.pk/Upload/WebDoc/IndustryStatictics/PKRV24052023876.csv,PKRV24052023876.csv,.csv,1,TRUE,READY,,2026-09-28T20:26:13+00:00,AUTO_READY,No metadata anomaly detected.
1095,2023-05-25,2023,PKRV25052023,/Upload/WebDoc/IndustryStatictics/PKRV25052023877.csv,https://www.mufap.com.pk/Upload/WebDoc/IndustryStatictics/PKRV25052023877.csv,PKRV25052023877.csv,.csv,1,TRUE,READY,,2026-09-28T20:26:13+00:00,AUTO_READY,No metadata anomaly detected.
1098,2023-05-26,2023,PKRV26052023,/Upload/WebDoc/IndustryStatictics/PKRV26052023878.csv,https://www.mufap.com.pk/Upload/WebDoc/IndustryStatictics/PKRV26052023878.csv,PKRV26052023878.csv,.csv,1,TRUE,READY,,2026-09-28T20:26:13+00:00,AUTO_READY,No metadata anomaly detected.
1101,2023-05-29,2023,PKRV29052023,/Upload/WebDoc/IndustryStatictics/PKRV29052023879.csv,https://www.mufap.com.pk/Upload/WebDoc/IndustryStatictics/PKRV29052023879.csv,PKRV29052023879.csv,.csv,1,TRUE,READY,,2026-09-28T20:26:13+00:00,AUTO_READY,No metadata anomaly detected.
1104,2023-05-30,2023,PKRV30052023,/Upload/WebDoc/IndustryStatictics/PKRV30052023880.csv,https://www.mufap.com.pk/Upload/WebDoc/IndustryStatictics/PKRV30052023880.csv,PKRV30052023880.csv,.csv,1,TRUE,READY,,2026-09-28T20:26:13+00:00,AUTO_READY,No metadata anomaly detected.
1107,2023-05-31,2023,PKRV31052023,/Upload/WebDoc/IndustryStatictics/PKRV31052023883.csv,https://www.mufap.com.pk/Upload/WebDoc/IndustryStatictics/PKRV31052023883.csv,PKRV31052023883.csv,.csv,1,TRUE,READY,,2026-09-28T20:26:13+00:00,AUTO_READY,No metadata anomaly detected.
1110,2023-06-01,2023,PKRV01062023,/Upload/WebDoc/IndustryStatictics/PKRV01062023840.csv,https://www.mufap.com.pk/Upload/WebDoc/IndustryStatictics/PKRV01062023840.csv,PKRV01062023840.csv,.csv,1,TRUE,READY,,2026-09-28T20:26:13+00:00,AUTO_READY,No metadata anomaly detected.
1113,2023-06-02,2023,PKRV02062023,/Upload/WebDoc/IndustryStatictics/PKRV02062023841.csv,https://www.mufap.com.pk/Upload/WebDoc/IndustryStatictics/PKRV02062023841.csv,PKRV02062023841.csv,.csv,1,TRUE,READY,,2026-09-28T20:26:13+00:00,AUTO_READY,No metadata anomaly detected.
1116,2023-06-05,2023,PKRV05062023,/Upload/WebDoc/IndustryStatictics/PKRV05062023842.csv,https://www.mufap.com.pk/Upload/WebDoc/IndustryStatictics/PKRV05062023842.csv,PKRV05062023842.csv,.csv,1,TRUE,READY,,2026-09-28T20:26:13+00:00,AUTO_READY,No metadata anomaly detected.
1119,2023-06-06,2023,PKRV06062023,/Upload/WebDoc/IndustryStatictics/PKRV06062023843.csv,https://www.mufap.com.pk/Upload/WebDoc/IndustryStatictics/PKRV06062023843.csv,PKRV06062023843.csv,.csv,1,TRUE,READY,,2026-09-28T20:26:13+00:00,AUTO_READY,No metadata anomaly detected.
1122,2023-06-07,2023,PKRV07062023,/Upload/WebDoc/IndustryStatictics/PKRV07062023844.csv,https://www.mufap.com.pk/Upload/WebDoc/IndustryStatictics/PKRV07062023844.csv,PKRV07062023844.csv,.csv,1,TRUE,READY,,2026-09-28T20:26:13+00:00,AUTO_READY,No metadata anomaly detected.
1125,2023-06-08,2023,PKRV08062023,/Upload/WebDoc/IndustryStatictics/PKRV08062023845.csv,https://www.mufap.com.pk/Upload/WebDoc/IndustryStatictics/PKRV08062023845.csv,PKRV08062023845.csv,.csv,1,TRUE,READY,,2026-09-28T20:26:13+00:00,AUTO_READY,No metadata anomaly detected.
1129,2023-06-09,2023,PKRV09062023,/Upload/WebDoc/IndustryStatictics/PKRV09062023847.csv,https://www.mufap.com.pk/Upload/WebDoc/IndustryStatictics/PKRV09062023847.csv,PKRV09062023847.csv,.csv,1,TRUE,READY,,2026-09-28T20:26:13+00:00,AUTO_READY,No metadata anomaly detected.
1132,2023-06-12,2023,PKRV12062023,/Upload/WebDoc/IndustryStatictics/PKRV12062023848.csv,https://www.mufap.com.pk/Upload/WebDoc/IndustryStatictics/PKRV12062023848.csv,PKRV12062023848.csv,.csv,1,TRUE,READY,,2026-09-28T20:26:13+00:00,AUTO_READY,No metadata anomaly detected.
1135,2023-06-13,2023,PKRV13062023,/Upload/WebDoc/IndustryStatictics/PKRV13062023849.csv,https://www.mufap.com.pk/Upload/WebDoc/IndustryStatictics/PKRV13062023849.csv,PKRV13062023849.csv,.csv,1,TRUE,READY,,2026-09-28T20:26:13+00:00,AUTO_READY,No metadata anomaly detected.
1138,2023-06-14,2023,PKRV14062023,/Upload/WebDoc/IndustryStatictics/PKRV14062023850.csv,https://www.mufap.com.pk/Upload/WebDoc/IndustryStatictics/PKRV14062023850.csv,PKRV14062023850.csv,.csv,1,TRUE,READY,,2026-09-28T20:26:13+00:00,AUTO_READY,No metadata anomaly detected.
1141,2023-06-15,2023,PKRV15062023,/Upload/WebDoc/IndustryStatictics/PKRV15062023851.csv,https://www.mufap.com.pk/Upload/WebDoc/IndustryStatictics/PKRV15062023851.csv,PKRV15062023851.csv,.csv,1,TRUE,READY,,2026-09-28T20:26:13+00:00,AUTO_READY,No metadata anomaly detected.
1144,2023-06-16,2023,PKRV16062023,/Upload/WebDoc/IndustryStatictics/PKRV16062023852.csv,https://www.mufap.com.pk/Upload/WebDoc/IndustryStatictics/PKRV16062023852.csv,PKRV16062023852.csv,.csv,1,TRUE,READY,,2026-09-28T20:26:13+00:00,AUTO_READY,No metadata anomaly detected.
1147,2023-06-19,2023,PKRV19062023,/Upload/WebDoc/IndustryStatictics/PKRV19062023853.csv,https://www.mufap.com.pk/Upload/WebDoc/IndustryStatictics/PKRV19062023853.csv,PKRV19062023853.csv,.csv,1,TRUE,READY,,2026-09-28T20:26:13+00:00,AUTO_READY,No metadata anomaly detected.
1150,2023-06-20,2023,PKRV20062023,/Upload/WebDoc/IndustryStatictics/PKRV20062023854.csv,https://www.mufap.com.pk/Upload/WebDoc/IndustryStatictics/PKRV20062023854.csv,PKRV20062023854.csv,.csv,1,TRUE,READY,,2026-09-28T20:26:13+00:00,AUTO_READY,No metadata anomaly detected.
1153,2023-06-21,2023,PKRV21062023,/Upload/WebDoc/IndustryStatictics/PKRV21062023855.csv,https://www.mufap.com.pk/Upload/WebDoc/IndustryStatictics/PKRV21062023855.csv,PKRV21062023855.csv,.csv,1,TRUE,READY,,2026-09-28T20:26:13+00:00,AUTO_READY,No metadata anomaly detected.
1156,2023-06-22,2023,PKRV22062023,/Upload/WebDoc/IndustryStatictics/PKRV22062023856.csv,https://www.mufap.com.pk/Upload/WebDoc/IndustryStatictics/PKRV22062023856.csv,PKRV22062023856.csv,.csv,1,TRUE,READY,,2026-09-28T20:26:13+00:00,AUTO_READY,No metadata anomaly detected.
1159,2023-06-23,2023,PKRV23062023,/Upload/WebDoc/IndustryStatictics/PKRV23062023857.csv,https://www.mufap.com.pk/Upload/WebDoc/IndustryStatictics/PKRV23062023857.csv,PKRV23062023857.csv,.csv,1,TRUE,READY,,2026-09-28T20:26:13+00:00,AUTO_READY,No metadata anomaly detected.
1162,2023-06-26,2023,PKRV26062023,/Upload/WebDoc/IndustryStatictics/PKRV26062023858.csv,https://www.mufap.com.pk/Upload/WebDoc/IndustryStatictics/PKRV26062023858.csv,PKRV26062023858.csv,.csv,1,TRUE,READY,,2026-09-28T20:26:13+00:00,AUTO_READY,No metadata anomaly detected.
1164,2023-06-27,2023,PKRV27062023,/Upload/WebDoc/IndustryStatictics/PKRV27062023859.csv,https://www.mufap.com.pk/Upload/WebDoc/IndustryStatictics/PKRV27062023859.csv,PKRV27062023859.csv,.csv,1,TRUE,READY,,2026-09-28T20:26:13+00:00,AUTO_READY,No metadata anomaly detected.
1167,2023-07-04,2023,PKRV04072023,/Upload/WebDoc/IndustryStatictics/PKRV04072023818.csv,https://www.mufap.com.pk/Upload/WebDoc/IndustryStatictics/PKRV04072023818.csv,PKRV04072023818.csv,.csv,1,TRUE,READY,,2026-09-28T20:26:13+00:00,AUTO_READY,No metadata anomaly detected.
1172,2023-07-06,2023,PKRV06072023,/Upload/WebDoc/IndustryStatictics/PKRV06072023819.csv,https://www.mufap.com.pk/Upload/WebDoc/IndustryStatictics/PKRV06072023819.csv,PKRV06072023819.csv,.csv,1,TRUE,READY,,2026-09-28T20:26:13+00:00,AUTO_READY,No metadata anomaly detected.
1175,2023-07-07,2023,PKRV07072023,/Upload/WebDoc/IndustryStatictics/PKRV07072023821.csv,https://www.mufap.com.pk/Upload/WebDoc/IndustryStatictics/PKRV07072023821.csv,PKRV07072023821.csv,.csv,1,TRUE,READY,,2026-09-28T20:26:13+00:00,AUTO_READY,No metadata anomaly detected.
1178,2023-07-10,2023,PKRV10072023,/Upload/WebDoc/IndustryStatictics/PKRV10072023822.csv,https://www.mufap.com.pk/Upload/WebDoc/IndustryStatictics/PKRV10072023822.csv,PKRV10072023822.csv,.csv,1,TRUE,READY,,2026-09-28T20:26:13+00:00,AUTO_READY,No metadata anomaly detected.
1181,2023-07-11,2023,PKRV11072023,/Upload/WebDoc/IndustryStatictics/PKRV11072023823.csv,https://www.mufap.com.pk/Upload/WebDoc/IndustryStatictics/PKRV11072023823.csv,PKRV11072023823.csv,.csv,1,TRUE,READY,,2026-09-28T20:26:13+00:00,AUTO_READY,No metadata anomaly detected.
1184,2023-07-12,2023,PKRV12072023,/Upload/WebDoc/IndustryStatictics/PKRV12072023824.csv,https://www.mufap.com.pk/Upload/WebDoc/IndustryStatictics/PKRV12072023824.csv,PKRV12072023824.csv,.csv,1,TRUE,READY,,2026-09-28T20:26:13+00:00,AUTO_READY,No metadata anomaly detected.
1187,2023-07-13,2023,PKRV13072023,/Upload/WebDoc/IndustryStatictics/PKRV13072023825.csv,https://www.mufap.com.pk/Upload/WebDoc/IndustryStatictics/PKRV13072023825.csv,PKRV13072023825.csv,.csv,1,TRUE,READY,,2026-09-28T20:26:13+00:00,AUTO_READY,No metadata anomaly detected.
1190,2023-07-14,2023,PKRV14072023,/Upload/WebDoc/IndustryStatictics/PKRV14072023826.csv,https://www.mufap.com.pk/Upload/WebDoc/IndustryStatictics/PKRV14072023826.csv,PKRV14072023826.csv,.csv,1,TRUE,READY,,2026-09-28T20:26:13+00:00,AUTO_READY,No metadata anomaly detected.
1193,2023-07-17,2023,PKRV17072023,/Upload/WebDoc/IndustryStatictics/PKRV17072023828.csv,https://www.mufap.com.pk/Upload/WebDoc/IndustryStatictics/PKRV17072023828.csv,PKRV17072023828.csv,.csv,1,TRUE,READY,,2026-09-28T20:26:13+00:00,AUTO_READY,No metadata anomaly detected.
1196,2023-07-18,2023,PKRV18072023,/Upload/WebDoc/IndustryStatictics/PKRV18072023829.csv,https://www.mufap.com.pk/Upload/WebDoc/IndustryStatictics/PKRV18072023829.csv,PKRV18072023829.csv,.csv,1,TRUE,READY,,2026-09-28T20:26:13+00:00,AUTO_READY,No metadata anomaly detected.
1199,2023-07-19,2023,PKRV19072023,/Upload/WebDoc/IndustryStatictics/PKRV19072023830.csv,https://www.mufap.com.pk/Upload/WebDoc/IndustryStatictics/PKRV19072023830.csv,PKRV19072023830.csv,.csv,1,TRUE,READY,,2026-09-28T20:26:13+00:00,AUTO_READY,No metadata anomaly detected.
1201,2023-07-20,2023,PKRV20072023,/Upload/WebDoc/IndustryStatictics/PKRV20072023831.csv,https://www.mufap.com.pk/Upload/WebDoc/IndustryStatictics/PKRV20072023831.csv,PKRV20072023831.csv,.csv,1,TRUE,READY,,2026-09-28T20:26:13+00:00,AUTO_READY,No metadata anomaly detected.
1204,2023-07-21,2023,PKRV21072023,/Upload/WebDoc/IndustryStatictics/PKRV21072023832.csv,https://www.mufap.com.pk/Upload/WebDoc/IndustryStatictics/PKRV21072023832.csv,PKRV21072023832.csv,.csv,1,TRUE,READY,,2026-09-28T20:26:13+00:00,AUTO_READY,No metadata anomaly detected.
1209,2023-07-25,2023,PKRV25072023,/Upload/WebDoc/IndustryStatictics/PKRV25072023835.csv,https://www.mufap.com.pk/Upload/WebDoc/IndustryStatictics/PKRV25072023835.csv,PKRV25072023835.csv,.csv,1,TRUE,READY,,2026-09-28T20:26:13+00:00,AUTO_READY,No metadata anomaly detected.
1211,2023-07-26,2023,PKRV26072023,/Upload/WebDoc/IndustryStatictics/PKRV26072023836.csv,https://www.mufap.com.pk/Upload/WebDoc/IndustryStatictics/PKRV26072023836.csv,PKRV26072023836.csv,.csv,1,TRUE,READY,,2026-09-28T20:26:13+00:00,AUTO_READY,No metadata anomaly detected.
1214,2023-07-27,2023,PKRV27072023,/Upload/WebDoc/IndustryStatictics/PKRV27072023837.csv,https://www.mufap.com.pk/Upload/WebDoc/IndustryStatictics/PKRV27072023837.csv,PKRV27072023837.csv,.csv,1,TRUE,READY,,2026-09-28T20:26:13+00:00,AUTO_READY,No metadata anomaly detected.
1217,2023-07-31,2023,PKRV31072023,/Upload/WebDoc/IndustryStatictics/PKRV31072023839.csv,https://www.mufap.com.pk/Upload/WebDoc/IndustryStatictics/PKRV31072023839.csv,PKRV31072023839.csv,.csv,1,TRUE,READY,,2026-09-28T20:26:13+00:00,AUTO_READY,No metadata anomaly detected.
1221,2023-08-01,2023,PKRV01082023,/Upload/WebDoc/IndustryStatictics/PKRV01082023795.csv,https://www.mufap.com.pk/Upload/WebDoc/IndustryStatictics/PKRV01082023795.csv,PKRV01082023795.csv,.csv,1,TRUE,READY,,2026-09-28T20:26:13+00:00,AUTO_READY,No metadata anomaly detected.
1224,2023-08-02,2023,PKRV02082023,/Upload/WebDoc/IndustryStatictics/PKRV02082023796.csv,https://www.mufap.com.pk/Upload/WebDoc/IndustryStatictics/PKRV02082023796.csv,PKRV02082023796.csv,.csv,1,TRUE,READY,,2026-09-28T20:26:13+00:00,AUTO_READY,No metadata anomaly detected.
1227,2023-08-03,2023,PKRV03082023,/Upload/WebDoc/IndustryStatictics/PKRV03082023797.csv,https://www.mufap.com.pk/Upload/WebDoc/IndustryStatictics/PKRV03082023797.csv,PKRV03082023797.csv,.csv,1,TRUE,READY,,2026-09-28T20:26:13+00:00,AUTO_READY,No metadata anomaly detected.
1230,2023-08-04,2023,PKRV04082023,/Upload/WebDoc/IndustryStatictics/PKRV04082023798.csv,https://www.mufap.com.pk/Upload/WebDoc/IndustryStatictics/PKRV04082023798.csv,PKRV04082023798.csv,.csv,1,TRUE,READY,,2026-09-28T20:26:13+00:00,AUTO_READY,No metadata anomaly detected.
1233,2023-08-07,2023,PKRV07082023,/Upload/WebDoc/IndustryStatictics/PKRV07082023799.csv,https://www.mufap.com.pk/Upload/WebDoc/IndustryStatictics/PKRV07082023799.csv,PKRV07082023799.csv,.csv,1,TRUE,READY,,2026-09-28T20:26:13+00:00,AUTO_READY,No metadata anomaly detected.
1236,2023-08-08,2023,PKRV08082023,/Upload/WebDoc/IndustryStatictics/PKRV08082023800.csv,https://www.mufap.com.pk/Upload/WebDoc/IndustryStatictics/PKRV08082023800.csv,PKRV08082023800.csv,.csv,1,TRUE,READY,,2026-09-28T20:26:13+00:00,AUTO_READY,No metadata anomaly detected.
1239,2023-08-09,2023,PKRV09082023,/Upload/WebDoc/IndustryStatictics/PKRV09082023801.csv,https://www.mufap.com.pk/Upload/WebDoc/IndustryStatictics/PKRV09082023801.csv,PKRV09082023801.csv,.csv,1,TRUE,READY,,2026-09-28T20:26:13+00:00,AUTO_READY,No metadata anomaly detected.
1242,2023-08-10,2023,PKRV10082023,/Upload/WebDoc/IndustryStatictics/PKRV10082023802.csv,https://www.mufap.com.pk/Upload/WebDoc/IndustryStatictics/PKRV10082023802.csv,PKRV10082023802.csv,.csv,1,TRUE,READY,,2026-09-28T20:26:13+00:00,AUTO_READY,No metadata anomaly detected.
1245,2023-08-11,2023,PKRV11082023,/Upload/WebDoc/IndustryStatictics/PKRV11082023803.csv,https://www.mufap.com.pk/Upload/WebDoc/IndustryStatictics/PKRV11082023803.csv,PKRV11082023803.csv,.csv,1,TRUE,READY,,2026-09-28T20:26:13+00:00,AUTO_READY,No metadata anomaly detected.
1248,2023-08-15,2023,PKRV15082023,/Upload/WebDoc/IndustryStatictics/PKRV15082023804.csv,https://www.mufap.com.pk/Upload/WebDoc/IndustryStatictics/PKRV15082023804.csv,PKRV15082023804.csv,.csv,1,TRUE,READY,,2026-09-28T20:26:13+00:00,AUTO_READY,No metadata anomaly detected.
1251,2023-08-16,2023,PKRV16082023,/Upload/WebDoc/IndustryStatictics/PKRV16082023805.csv,https://www.mufap.com.pk/Upload/WebDoc/IndustryStatictics/PKRV16082023805.csv,PKRV16082023805.csv,.csv,1,TRUE,READY,,2026-09-28T20:26:13+00:00,AUTO_READY,No metadata anomaly detected.
1255,2023-08-17,2023,PKRV17082023,/Upload/WebDoc/IndustryStatictics/PKRV17082023806.csv,https://www.mufap.com.pk/Upload/WebDoc/IndustryStatictics/PKRV17082023806.csv,PKRV17082023806.csv,.csv,1,TRUE,READY,,2026-09-28T20:26:13+00:00,AUTO_READY,No metadata anomaly detected.
1258,2023-08-18,2023,PKRV18082023,/Upload/WebDoc/IndustryStatictics/PKRV18082023807.csv,https://www.mufap.com.pk/Upload/WebDoc/IndustryStatictics/PKRV18082023807.csv,PKRV18082023807.csv,.csv,1,TRUE,READY,,2026-09-28T20:26:13+00:00,AUTO_READY,No metadata anomaly detected.
1261,2023-08-21,2023,PKRV21082023,/Upload/WebDoc/IndustryStatictics/PKRV21082023808.csv,https://www.mufap.com.pk/Upload/WebDoc/IndustryStatictics/PKRV21082023808.csv,PKRV21082023808.csv,.csv,1,TRUE,READY,,2026-09-28T20:26:13+00:00,AUTO_READY,No metadata anomaly detected.
1263,2023-08-22,2023,PKRV22082023,/Upload/WebDoc/IndustryStatictics/PKRV22082023809.csv,https://www.mufap.com.pk/Upload/WebDoc/IndustryStatictics/PKRV22082023809.csv,PKRV22082023809.csv,.csv,1,TRUE,READY,,2026-09-28T20:26:13+00:00,AUTO_READY,No metadata anomaly detected.
1266,2023-08-23,2023,PKRV23082023,/Upload/WebDoc/IndustryStatictics/PKRV23082023810.csv,https://www.mufap.com.pk/Upload/WebDoc/IndustryStatictics/PKRV23082023810.csv,PKRV23082023810.csv,.csv,1,TRUE,READY,,2026-09-28T20:26:13+00:00,AUTO_READY,No metadata anomaly detected.
1269,2023-08-24,2023,PKRV24082023,/Upload/WebDoc/IndustryStatictics/PKRV24082023811.csv,https://www.mufap.com.pk/Upload/WebDoc/IndustryStatictics/PKRV24082023811.csv,PKRV24082023811.csv,.csv,1,TRUE,READY,,2026-09-28T20:26:13+00:00,AUTO_READY,No metadata anomaly detected.
1272,2023-08-25,2023,PKRV25082023,/Upload/WebDoc/IndustryStatictics/PKRV25082023812.csv,https://www.mufap.com.pk/Upload/WebDoc/IndustryStatictics/PKRV25082023812.csv,PKRV25082023812.csv,.csv,1,TRUE,READY,,2026-09-28T20:26:13+00:00,AUTO_READY,No metadata anomaly detected.
1275,2023-08-28,2023,PKRV28082023,/Upload/WebDoc/IndustryStatictics/PKRV28082023813.csv,https://www.mufap.com.pk/Upload/WebDoc/IndustryStatictics/PKRV28082023813.csv,PKRV28082023813.csv,.csv,1,TRUE,READY,,2026-09-28T20:26:13+00:00,AUTO_READY,No metadata anomaly detected.
1277,2023-08-29,2023,PKRV29082023,/Upload/WebDoc/IndustryStatictics/PKRV29082023814.csv,https://www.mufap.com.pk/Upload/WebDoc/IndustryStatictics/PKRV29082023814.csv,PKRV29082023814.csv,.csv,1,TRUE,READY,,2026-09-28T20:26:13+00:00,AUTO_READY,No metadata anomaly detected.
1280,2023-08-30,2023,PKRV30082023,/Upload/WebDoc/IndustryStatictics/PKRV30082023815.csv,https://www.mufap.com.pk/Upload/WebDoc/IndustryStatictics/PKRV30082023815.csv,PKRV30082023815.csv,.csv,1,TRUE,READY,,2026-09-28T20:26:13+00:00,AUTO_READY,No metadata anomaly detected.
1283,2023-08-31,2023,PKRV31082023,/Upload/WebDoc/IndustryStatictics/PKRV31082023816.csv,https://www.mufap.com.pk/Upload/WebDoc/IndustryStatictics/PKRV31082023816.csv,PKRV31082023816.csv,.csv,1,TRUE,READY,,2026-09-28T20:26:13+00:00,AUTO_READY,No metadata anomaly detected.
1286,2023-09-01,2023,PKRV01092023,/Upload/WebDoc/IndustryStatictics/PKRV01092023772.csv,https://www.mufap.com.pk/Upload/WebDoc/IndustryStatictics/PKRV01092023772.csv,PKRV01092023772.csv,.csv,1,TRUE,READY,,2026-09-28T20:26:13+00:00,AUTO_READY,No metadata anomaly detected.
1289,2023-09-04,2023,PKRV04092023,/Upload/WebDoc/IndustryStatictics/PKRV04092023773.csv,https://www.mufap.com.pk/Upload/WebDoc/IndustryStatictics/PKRV04092023773.csv,PKRV04092023773.csv,.csv,1,TRUE,READY,,2026-09-28T20:26:13+00:00,AUTO_READY,No metadata anomaly detected.
1292,2023-09-05,2023,PKRV05092023,/Upload/WebDoc/IndustryStatictics/PKRV05092023774.csv,https://www.mufap.com.pk/Upload/WebDoc/IndustryStatictics/PKRV05092023774.csv,PKRV05092023774.csv,.csv,1,TRUE,READY,,2026-09-28T20:26:13+00:00,AUTO_READY,No metadata anomaly detected.
1295,2023-09-06,2023,PKRV06092023,/Upload/WebDoc/IndustryStatictics/PKRV06092023775.csv,https://www.mufap.com.pk/Upload/WebDoc/IndustryStatictics/PKRV06092023775.csv,PKRV06092023775.csv,.csv,1,TRUE,READY,,2026-09-28T20:26:13+00:00,AUTO_READY,No metadata anomaly detected.
1298,2023-09-07,2023,PKRV07092023,/Upload/WebDoc/IndustryStatictics/PKRV07092023776.csv,https://www.mufap.com.pk/Upload/WebDoc/IndustryStatictics/PKRV07092023776.csv,PKRV07092023776.csv,.csv,1,TRUE,READY,,2026-09-28T20:26:13+00:00,AUTO_READY,No metadata anomaly detected.
1301,2023-09-08,2023,PKRV08092023,/Upload/WebDoc/IndustryStatictics/PKRV08092023777.csv,https://www.mufap.com.pk/Upload/WebDoc/IndustryStatictics/PKRV08092023777.csv,PKRV08092023777.csv,.csv,1,TRUE,READY,,2026-09-28T20:26:13+00:00,AUTO_READY,No metadata anomaly detected.
1304,2023-09-11,2023,PKRV11092023,/Upload/WebDoc/IndustryStatictics/PKRV11092023778.csv,https://www.mufap.com.pk/Upload/WebDoc/IndustryStatictics/PKRV11092023778.csv,PKRV11092023778.csv,.csv,1,TRUE,READY,,2026-09-28T20:26:13+00:00,AUTO_READY,No metadata anomaly detected.
1307,2023-09-12,2023,PKRV12092023,/Upload/WebDoc/IndustryStatictics/PKRV12092023779.csv,https://www.mufap.com.pk/Upload/WebDoc/IndustryStatictics/PKRV12092023779.csv,PKRV12092023779.csv,.csv,1,TRUE,READY,,2026-09-28T20:26:13+00:00,AUTO_READY,No metadata anomaly detected.
1310,2023-09-13,2023,PKRV13092023,/Upload/WebDoc/IndustryStatictics/PKRV13092023781.csv,https://www.mufap.com.pk/Upload/WebDoc/IndustryStatictics/PKRV13092023781.csv,PKRV13092023781.csv,.csv,1,TRUE,READY,,2026-09-28T20:26:13+00:00,AUTO_READY,No metadata anomaly detected.
1313,2023-09-14,2023,PKRV14092023,/Upload/WebDoc/IndustryStatictics/PKRV14092023782.csv,https://www.mufap.com.pk/Upload/WebDoc/IndustryStatictics/PKRV14092023782.csv,PKRV14092023782.csv,.csv,1,TRUE,READY,,2026-09-28T20:26:13+00:00,AUTO_READY,No metadata anomaly detected.
1316,2023-09-15,2023,PKRV15092023,/Upload/WebDoc/IndustryStatictics/PKRV15092023783.csv,https://www.mufap.com.pk/Upload/WebDoc/IndustryStatictics/PKRV15092023783.csv,PKRV15092023783.csv,.csv,1,TRUE,READY,,2026-09-28T20:26:13+00:00,AUTO_READY,No metadata anomaly detected.
1319,2023-09-18,2023,PKRV18092023,/Upload/WebDoc/IndustryStatictics/PKRV18092023784.csv,https://www.mufap.com.pk/Upload/WebDoc/IndustryStatictics/PKRV18092023784.csv,PKRV18092023784.csv,.csv,1,TRUE,READY,,2026-09-28T20:26:13+00:00,AUTO_READY,No metadata anomaly detected.
1322,2023-09-19,2023,PKRV19092023,/Upload/WebDoc/IndustryStatictics/PKRV19092023787.csv,https://www.mufap.com.pk/Upload/WebDoc/IndustryStatictics/PKRV19092023787.csv,PKRV19092023787.csv,.csv,1,TRUE,READY,,2026-09-28T20:26:13+00:00,AUTO_READY,No metadata anomaly detected.
1325,2023-09-20,2023,PKRV20092023,/Upload/WebDoc/IndustryStatictics/PKRV20092023788.csv,https://www.mufap.com.pk/Upload/WebDoc/IndustryStatictics/PKRV20092023788.csv,PKRV20092023788.csv,.csv,1,TRUE,READY,,2026-09-28T20:26:13+00:00,AUTO_READY,No metadata anomaly detected.
1328,2023-09-21,2023,PKRV21092023,/Upload/WebDoc/IndustryStatictics/PKRV21092023789.csv,https://www.mufap.com.pk/Upload/WebDoc/IndustryStatictics/PKRV21092023789.csv,PKRV21092023789.csv,.csv,1,TRUE,READY,,2026-09-28T20:26:13+00:00,AUTO_READY,No metadata anomaly detected.
1331,2023-09-22,2023,PKRV22092023,/Upload/WebDoc/IndustryStatictics/PKRV22092023790.csv,https://www.mufap.com.pk/Upload/WebDoc/IndustryStatictics/PKRV22092023790.csv,PKRV22092023790.csv,.csv,1,TRUE,READY,,2026-09-28T20:26:13+00:00,AUTO_READY,No metadata anomaly detected.
1334,2023-09-25,2023,PKRV25092023,/Upload/WebDoc/IndustryStatictics/PKRV25092023791.csv,https://www.mufap.com.pk/Upload/WebDoc/IndustryStatictics/PKRV25092023791.csv,PKRV25092023791.csv,.csv,1,TRUE,READY,,2026-09-28T20:26:13+00:00,AUTO_READY,No metadata anomaly detected.
1336,2023-09-26,2023,PKRV26092023,/Upload/WebDoc/IndustryStatictics/PKRV26092023792.csv,https://www.mufap.com.pk/Upload/WebDoc/IndustryStatictics/PKRV26092023792.csv,PKRV26092023792.csv,.csv,1,TRUE,READY,,2026-09-28T20:26:13+00:00,AUTO_READY,No metadata anomaly detected.
1339,2023-09-27,2023,PKRV27092023,/Upload/WebDoc/IndustryStatictics/PKRV27092023793.csv,https://www.mufap.com.pk/Upload/WebDoc/IndustryStatictics/PKRV27092023793.csv,PKRV27092023793.csv,.csv,1,TRUE,READY,,2026-09-28T20:26:13+00:00,AUTO_READY,No metadata anomaly detected.
1342,2023-09-28,2023,PKRV28092023,/Upload/WebDoc/IndustryStatictics/PKRV28092023794.csv,https://www.mufap.com.pk/Upload/WebDoc/IndustryStatictics/PKRV28092023794.csv,PKRV28092023794.csv,.csv,1,TRUE,READY,,2026-09-28T20:26:13+00:00,AUTO_READY,No metadata anomaly detected.
1345,2023-10-02,2023,PKRV02102023,/Upload/WebDoc/IndustryStatictics/PKRV02102023750.csv,https://www.mufap.com.pk/Upload/WebDoc/IndustryStatictics/PKRV02102023750.csv,PKRV02102023750.csv,.csv,1,TRUE,READY,,2026-09-28T20:26:13+00:00,AUTO_READY,No metadata anomaly detected.
1348,2023-10-03,2023,PKRV03102023,/Upload/WebDoc/IndustryStatictics/PKRV03102023751.csv,https://www.mufap.com.pk/Upload/WebDoc/IndustryStatictics/PKRV03102023751.csv,PKRV03102023751.csv,.csv,1,TRUE,READY,,2026-09-28T20:26:13+00:00,AUTO_READY,No metadata anomaly detected.
1351,2023-10-04,2023,PKRV04102023,/Upload/WebDoc/IndustryStatictics/PKRV04102023752.csv,https://www.mufap.com.pk/Upload/WebDoc/IndustryStatictics/PKRV04102023752.csv,PKRV04102023752.csv,.csv,1,TRUE,READY,,2026-09-28T20:26:13+00:00,AUTO_READY,No metadata anomaly detected.
1354,2023-10-05,2023,PKRV05102023,/Upload/WebDoc/IndustryStatictics/PKRV05102023753.csv,https://www.mufap.com.pk/Upload/WebDoc/IndustryStatictics/PKRV05102023753.csv,PKRV05102023753.csv,.csv,1,TRUE,READY,,2026-09-28T20:26:13+00:00,AUTO_READY,No metadata anomaly detected.
1357,2023-10-06,2023,PKRV06102023,/Upload/WebDoc/IndustryStatictics/PKRV06102023754.csv,https://www.mufap.com.pk/Upload/WebDoc/IndustryStatictics/PKRV06102023754.csv,PKRV06102023754.csv,.csv,1,TRUE,READY,,2026-09-28T20:26:13+00:00,AUTO_READY,No metadata anomaly detected.
1360,2023-10-09,2023,PKRV09102023,/Upload/WebDoc/IndustryStatictics/PKRV09102023755.csv,https://www.mufap.com.pk/Upload/WebDoc/IndustryStatictics/PKRV09102023755.csv,PKRV09102023755.csv,.csv,1,TRUE,READY,,2026-09-28T20:26:13+00:00,AUTO_READY,No metadata anomaly detected.
1363,2023-10-10,2023,PKRV10102023,/Upload/WebDoc/IndustryStatictics/PKRV10102023756.csv,https://www.mufap.com.pk/Upload/WebDoc/IndustryStatictics/PKRV10102023756.csv,PKRV10102023756.csv,.csv,1,TRUE,READY,,2026-09-28T20:26:13+00:00,AUTO_READY,No metadata anomaly detected.
1366,2023-10-11,2023,PKRV11102023,/Upload/WebDoc/IndustryStatictics/PKRV11102023757.csv,https://www.mufap.com.pk/Upload/WebDoc/IndustryStatictics/PKRV11102023757.csv,PKRV11102023757.csv,.csv,1,TRUE,READY,,2026-09-28T20:26:13+00:00,AUTO_READY,No metadata anomaly detected.
1369,2023-10-12,2023,PKRV12102023,/Upload/WebDoc/IndustryStatictics/PKRV12102023758.csv,https://www.mufap.com.pk/Upload/WebDoc/IndustryStatictics/PKRV12102023758.csv,PKRV12102023758.csv,.csv,1,TRUE,READY,,2026-09-28T20:26:13+00:00,AUTO_READY,No metadata anomaly detected.
1372,2023-10-13,2023,PKRV13102023,/Upload/WebDoc/IndustryStatictics/PKRV13102023759.csv,https://www.mufap.com.pk/Upload/WebDoc/IndustryStatictics/PKRV13102023759.csv,PKRV13102023759.csv,.csv,1,TRUE,READY,,2026-09-28T20:26:13+00:00,AUTO_READY,No metadata anomaly detected.
1375,2023-10-16,2023,PKRV16102023,/Upload/WebDoc/IndustryStatictics/PKRV16102023760.csv,https://www.mufap.com.pk/Upload/WebDoc/IndustryStatictics/PKRV16102023760.csv,PKRV16102023760.csv,.csv,1,TRUE,READY,,2026-09-28T20:26:13+00:00,AUTO_READY,No metadata anomaly detected.
1378,2023-10-17,2023,PKRV17102023,/Upload/WebDoc/IndustryStatictics/PKRV17102023761.csv,https://www.mufap.com.pk/Upload/WebDoc/IndustryStatictics/PKRV17102023761.csv,PKRV17102023761.csv,.csv,1,TRUE,READY,,2026-09-28T20:26:13+00:00,AUTO_READY,No metadata anomaly detected.
1381,2023-10-18,2023,PKRV18102023,/Upload/WebDoc/IndustryStatictics/PKRV18102023762.csv,https://www.mufap.com.pk/Upload/WebDoc/IndustryStatictics/PKRV18102023762.csv,PKRV18102023762.csv,.csv,1,TRUE,READY,,2026-09-28T20:26:13+00:00,AUTO_READY,No metadata anomaly detected.
1384,2023-10-19,2023,PKRV19102023,/Upload/WebDoc/IndustryStatictics/PKRV19102023763.csv,https://www.mufap.com.pk/Upload/WebDoc/IndustryStatictics/PKRV19102023763.csv,PKRV19102023763.csv,.csv,1,TRUE,READY,,2026-09-28T20:26:13+00:00,AUTO_READY,No metadata anomaly detected.
1387,2023-10-20,2023,PKRV20102023,/Upload/WebDoc/IndustryStatictics/PKRV20102023764.csv,https://www.mufap.com.pk/Upload/WebDoc/IndustryStatictics/PKRV20102023764.csv,PKRV20102023764.csv,.csv,1,TRUE,READY,,2026-09-28T20:26:13+00:00,AUTO_READY,No metadata anomaly detected.
1391,2023-10-23,2023,PKRV23102023,/Upload/WebDoc/IndustryStatictics/PKRV23102023765.csv,https://www.mufap.com.pk/Upload/WebDoc/IndustryStatictics/PKRV23102023765.csv,PKRV23102023765.csv,.csv,1,TRUE,READY,,2026-09-28T20:26:13+00:00,AUTO_READY,No metadata anomaly detected.
1394,2023-10-24,2023,PKRV24102023,/Upload/WebDoc/IndustryStatictics/PKRV24102023766.csv,https://www.mufap.com.pk/Upload/WebDoc/IndustryStatictics/PKRV24102023766.csv,PKRV24102023766.csv,.csv,1,TRUE,READY,,2026-09-28T20:26:13+00:00,AUTO_READY,No metadata anomaly detected.
1397,2023-10-25,2023,PKRV25102023,/Upload/WebDoc/IndustryStatictics/PKRV25102023767.csv,https://www.mufap.com.pk/Upload/WebDoc/IndustryStatictics/PKRV25102023767.csv,PKRV25102023767.csv,.csv,1,TRUE,READY,,2026-09-28T20:26:13+00:00,AUTO_READY,No metadata anomaly detected.
1400,2023-10-26,2023,PKRV26102023,/Upload/WebDoc/IndustryStatictics/PKRV26102023768.csv,https://www.mufap.com.pk/Upload/WebDoc/IndustryStatictics/PKRV26102023768.csv,PKRV26102023768.csv,.csv,1,TRUE,READY,,2026-09-28T20:26:13+00:00,AUTO_READY,No metadata anomaly detected.
1403,2023-10-27,2023,PKRV27102023,/Upload/WebDoc/IndustryStatictics/PKRV27102023769.csv,https://www.mufap.com.pk/Upload/WebDoc/IndustryStatictics/PKRV27102023769.csv,PKRV27102023769.csv,.csv,1,TRUE,READY,,2026-09-28T20:26:13+00:00,AUTO_READY,No metadata anomaly detected.
1406,2023-10-30,2023,PKRV30102023,/Upload/WebDoc/IndustryStatictics/PKRV30102023770.csv,https://www.mufap.com.pk/Upload/WebDoc/IndustryStatictics/PKRV30102023770.csv,PKRV30102023770.csv,.csv,1,TRUE,READY,,2026-09-28T20:26:13+00:00,AUTO_READY,No metadata anomaly detected.
1409,2023-10-31,2023,PKRV31102023,/Upload/WebDoc/IndustryStatictics/PKRV31102023771.csv,https://www.mufap.com.pk/Upload/WebDoc/IndustryStatictics/PKRV31102023771.csv,PKRV31102023771.csv,.csv,1,TRUE,READY,,2026-09-28T20:26:13+00:00,AUTO_READY,No metadata anomaly detected.
1412,2023-11-01,2023,PKRV01112023,/Upload/WebDoc/IndustryStatictics/PKRV01112023729.csv,https://www.mufap.com.pk/Upload/WebDoc/IndustryStatictics/PKRV01112023729.csv,PKRV01112023729.csv,.csv,1,TRUE,READY,,2026-09-28T20:26:13+00:00,AUTO_READY,No metadata anomaly detected.
1414,2023-11-02,2023,PKRV02112023,/Upload/WebDoc/IndustryStatictics/PKRV02112023730.csv,https://www.mufap.com.pk/Upload/WebDoc/IndustryStatictics/PKRV02112023730.csv,PKRV02112023730.csv,.csv,1,TRUE,READY,,2026-09-28T20:26:13+00:00,AUTO_READY,No metadata anomaly detected.
1416,2023-11-03,2023,PKRV03112023,/Upload/WebDoc/IndustryStatictics/PKRV03112023731.csv,https://www.mufap.com.pk/Upload/WebDoc/IndustryStatictics/PKRV03112023731.csv,PKRV03112023731.csv,.csv,1,TRUE,READY,,2026-09-28T20:26:13+00:00,AUTO_READY,No metadata anomaly detected.
1418,2023-11-06,2023,PKRV06112023,/Upload/WebDoc/IndustryStatictics/PKRV06112023732.csv,https://www.mufap.com.pk/Upload/WebDoc/IndustryStatictics/PKRV06112023732.csv,PKRV06112023732.csv,.csv,1,TRUE,READY,,2026-09-28T20:26:13+00:00,AUTO_READY,No metadata anomaly detected.
1420,2023-11-07,2023,PKRV07112023,/Upload/WebDoc/IndustryStatictics/PKRV07112023733.csv,https://www.mufap.com.pk/Upload/WebDoc/IndustryStatictics/PKRV07112023733.csv,PKRV07112023733.csv,.csv,1,TRUE,READY,,2026-09-28T20:26:13+00:00,AUTO_READY,No metadata anomaly detected.
1422,2023-11-08,2023,PKRV08112023,/Upload/WebDoc/IndustryStatictics/PKRV08112023734.csv,https://www.mufap.com.pk/Upload/WebDoc/IndustryStatictics/PKRV08112023734.csv,PKRV08112023734.csv,.csv,1,TRUE,READY,,2026-09-28T20:26:13+00:00,AUTO_READY,No metadata anomaly detected.
1424,2023-11-10,2023,PKRV10112023,/Upload/WebDoc/IndustryStatictics/PKRV10112023735.csv,https://www.mufap.com.pk/Upload/WebDoc/IndustryStatictics/PKRV10112023735.csv,PKRV10112023735.csv,.csv,1,TRUE,READY,,2026-09-28T20:26:13+00:00,AUTO_READY,No metadata anomaly detected.
1426,2023-11-13,2023,PKRV13112023,/Upload/WebDoc/IndustryStatictics/PKRV13112023736.csv,https://www.mufap.com.pk/Upload/WebDoc/IndustryStatictics/PKRV13112023736.csv,PKRV13112023736.csv,.csv,1,TRUE,READY,,2026-09-28T20:26:13+00:00,AUTO_READY,No metadata anomaly detected.
1428,2023-11-14,2023,PKRV14112023,/Upload/WebDoc/IndustryStatictics/PKRV14112023737.csv,https://www.mufap.com.pk/Upload/WebDoc/IndustryStatictics/PKRV14112023737.csv,PKRV14112023737.csv,.csv,1,TRUE,READY,,2026-09-28T20:26:13+00:00,AUTO_READY,No metadata anomaly detected.
1430,2023-11-15,2023,PKRV15112023,/Upload/WebDoc/IndustryStatictics/PKRV15112023738.csv,https://www.mufap.com.pk/Upload/WebDoc/IndustryStatictics/PKRV15112023738.csv,PKRV15112023738.csv,.csv,1,TRUE,READY,,2026-09-28T20:26:13+00:00,AUTO_READY,No metadata anomaly detected.
1432,2023-11-16,2023,PKRV16112023,/Upload/WebDoc/IndustryStatictics/PKRV16112023739.csv,https://www.mufap.com.pk/Upload/WebDoc/IndustryStatictics/PKRV16112023739.csv,PKRV16112023739.csv,.csv,1,TRUE,READY,,2026-09-28T20:26:13+00:00,AUTO_READY,No metadata anomaly detected.
1434,2023-11-17,2023,PKRV17112023,/Upload/WebDoc/IndustryStatictics/PKRV17112023740.csv,https://www.mufap.com.pk/Upload/WebDoc/IndustryStatictics/PKRV17112023740.csv,PKRV17112023740.csv,.csv,1,TRUE,READY,,2026-09-28T20:26:13+00:00,AUTO_READY,No metadata anomaly detected.
1436,2023-11-20,2023,PKRV20112023,/Upload/WebDoc/IndustryStatictics/PKRV20112023741.csv,https://www.mufap.com.pk/Upload/WebDoc/IndustryStatictics/PKRV20112023741.csv,PKRV20112023741.csv,.csv,1,TRUE,READY,,2026-09-28T20:26:13+00:00,AUTO_READY,No metadata anomaly detected.
1438,2023-11-21,2023,PKRV21112023,/Upload/WebDoc/IndustryStatictics/PKRV21112023742.csv,https://www.mufap.com.pk/Upload/WebDoc/IndustryStatictics/PKRV21112023742.csv,PKRV21112023742.csv,.csv,1,TRUE,READY,,2026-09-28T20:26:13+00:00,AUTO_READY,No metadata anomaly detected.
1440,2023-11-22,2023,PKRV22112023,/Upload/WebDoc/IndustryStatictics/PKRV22112023743.csv,https://www.mufap.com.pk/Upload/WebDoc/IndustryStatictics/PKRV22112023743.csv,PKRV22112023743.csv,.csv,1,TRUE,READY,,2026-09-28T20:26:13+00:00,AUTO_READY,No metadata anomaly detected.
1442,2023-11-23,2023,PKRV23112023,/Upload/WebDoc/IndustryStatictics/PKRV23112023744.csv,https://www.mufap.com.pk/Upload/WebDoc/IndustryStatictics/PKRV23112023744.csv,PKRV23112023744.csv,.csv,1,TRUE,READY,,2026-09-28T20:26:13+00:00,AUTO_READY,No metadata anomaly detected.
1444,2023-11-24,2023,PKRV24112023,/Upload/WebDoc/IndustryStatictics/PKRV24112023745.csv,https://www.mufap.com.pk/Upload/WebDoc/IndustryStatictics/PKRV24112023745.csv,PKRV24112023745.csv,.csv,1,TRUE,READY,,2026-09-28T20:26:13+00:00,AUTO_READY,No metadata anomaly detected.
1446,2023-11-27,2023,PKRV27112023,/Upload/WebDoc/IndustryStatictics/PKRV27112023746.csv,https://www.mufap.com.pk/Upload/WebDoc/IndustryStatictics/PKRV27112023746.csv,PKRV27112023746.csv,.csv,1,TRUE,READY,,2026-09-28T20:26:13+00:00,AUTO_READY,No metadata anomaly detected.
1448,2023-11-28,2023,PKRV28112023,/Upload/WebDoc/IndustryStatictics/PKRV28112023747.csv,https://www.mufap.com.pk/Upload/WebDoc/IndustryStatictics/PKRV28112023747.csv,PKRV28112023747.csv,.csv,1,TRUE,READY,,2026-09-28T20:26:13+00:00,AUTO_READY,No metadata anomaly detected.
1451,2023-11-29,2023,PKRV29112023,/Upload/WebDoc/IndustryStatictics/PKRV29112023748.csv,https://www.mufap.com.pk/Upload/WebDoc/IndustryStatictics/PKRV29112023748.csv,PKRV29112023748.csv,.csv,1,TRUE,READY,,2026-09-28T20:26:13+00:00,AUTO_READY,No metadata anomaly detected.
1454,2023-11-30,2023,PKRV30112023,/Upload/WebDoc/IndustryStatictics/PKRV30112023749.csv,https://www.mufap.com.pk/Upload/WebDoc/IndustryStatictics/PKRV30112023749.csv,PKRV30112023749.csv,.csv,1,TRUE,READY,,2026-09-28T20:26:13+00:00,AUTO_READY,No metadata anomaly detected.
1456,2023-12-01,2023,PKRV01122023,/Upload/WebDoc/IndustryStatictics/PKRV01122023708.csv,https://www.mufap.com.pk/Upload/WebDoc/IndustryStatictics/PKRV01122023708.csv,PKRV01122023708.csv,.csv,1,TRUE,READY,,2026-09-28T20:26:13+00:00,AUTO_READY,No metadata anomaly detected.
1458,2023-12-04,2023,PKRV04122023,/Upload/WebDoc/IndustryStatictics/PKRV04122023710.csv,https://www.mufap.com.pk/Upload/WebDoc/IndustryStatictics/PKRV04122023710.csv,PKRV04122023710.csv,.csv,1,TRUE,READY,,2026-09-28T20:26:13+00:00,AUTO_READY,No metadata anomaly detected.
1460,2023-12-05,2023,PKRV05122023,/Upload/WebDoc/IndustryStatictics/PKRV05122023711.csv,https://www.mufap.com.pk/Upload/WebDoc/IndustryStatictics/PKRV05122023711.csv,PKRV05122023711.csv,.csv,1,TRUE,READY,,2026-09-28T20:26:13+00:00,AUTO_READY,No metadata anomaly detected.
1463,2023-12-06,2023,PKRV06122023,/Upload/WebDoc/IndustryStatictics/PKRV06122023712.csv,https://www.mufap.com.pk/Upload/WebDoc/IndustryStatictics/PKRV06122023712.csv,PKRV06122023712.csv,.csv,1,TRUE,READY,,2026-09-28T20:26:13+00:00,AUTO_READY,No metadata anomaly detected.
1465,2023-12-07,2023,PKRV07122023,/Upload/WebDoc/IndustryStatictics/PKRV07122023713.csv,https://www.mufap.com.pk/Upload/WebDoc/IndustryStatictics/PKRV07122023713.csv,PKRV07122023713.csv,.csv,1,TRUE,READY,,2026-09-28T20:26:13+00:00,AUTO_READY,No metadata anomaly detected.
1467,2023-12-08,2023,PKRV08122023,/Upload/WebDoc/IndustryStatictics/PKRV08122023714.csv,https://www.mufap.com.pk/Upload/WebDoc/IndustryStatictics/PKRV08122023714.csv,PKRV08122023714.csv,.csv,1,TRUE,READY,,2026-09-28T20:26:13+00:00,AUTO_READY,No metadata anomaly detected.
1469,2023-12-11,2023,PKRV11122023,/Upload/WebDoc/IndustryStatictics/PKRV11122023715.csv,https://www.mufap.com.pk/Upload/WebDoc/IndustryStatictics/PKRV11122023715.csv,PKRV11122023715.csv,.csv,1,TRUE,READY,,2026-09-28T20:26:13+00:00,AUTO_READY,No metadata anomaly detected.
1471,2023-12-12,2023,PKRV12122023,/Upload/WebDoc/IndustryStatictics/PKRV12122023716.csv,https://www.mufap.com.pk/Upload/WebDoc/IndustryStatictics/PKRV12122023716.csv,PKRV12122023716.csv,.csv,1,TRUE,READY,,2026-09-28T20:26:13+00:00,AUTO_READY,No metadata anomaly detected.
1473,2023-12-13,2023,PKRV13122023,/Upload/WebDoc/IndustryStatictics/PKRV13122023717.csv,https://www.mufap.com.pk/Upload/WebDoc/IndustryStatictics/PKRV13122023717.csv,PKRV13122023717.csv,.csv,1,TRUE,READY,,2026-09-28T20:26:13+00:00,AUTO_READY,No metadata anomaly detected.
1475,2023-12-14,2023,PKRV14122023,/Upload/WebDoc/IndustryStatictics/PKRV14122023718.csv,https://www.mufap.com.pk/Upload/WebDoc/IndustryStatictics/PKRV14122023718.csv,PKRV14122023718.csv,.csv,1,TRUE,READY,,2026-09-28T20:26:13+00:00,AUTO_READY,No metadata anomaly detected.
1477,2023-12-15,2023,PKRV15122023,/Upload/WebDoc/IndustryStatictics/PKRV15122023719.csv,https://www.mufap.com.pk/Upload/WebDoc/IndustryStatictics/PKRV15122023719.csv,PKRV15122023719.csv,.csv,1,TRUE,READY,,2026-09-28T20:26:13+00:00,AUTO_READY,No metadata anomaly detected.
1479,2023-12-18,2023,PKRV18122023,/Upload/WebDoc/IndustryStatictics/PKRV18122023720.csv,https://www.mufap.com.pk/Upload/WebDoc/IndustryStatictics/PKRV18122023720.csv,PKRV18122023720.csv,.csv,1,TRUE,READY,,2026-09-28T20:26:13+00:00,AUTO_READY,No metadata anomaly detected.
1481,2023-12-19,2023,PKRV19122023,/Upload/WebDoc/IndustryStatictics/PKRV19122023721.csv,https://www.mufap.com.pk/Upload/WebDoc/IndustryStatictics/PKRV19122023721.csv,PKRV19122023721.csv,.csv,1,TRUE,READY,,2026-09-28T20:26:13+00:00,AUTO_READY,No metadata anomaly detected.
1483,2023-12-20,2023,PKRV20122023,/Upload/WebDoc/IndustryStatictics/PKRV20122023722.csv,https://www.mufap.com.pk/Upload/WebDoc/IndustryStatictics/PKRV20122023722.csv,PKRV20122023722.csv,.csv,1,TRUE,READY,,2026-09-28T20:26:13+00:00,AUTO_READY,No metadata anomaly detected.
1485,2023-12-21,2023,PKRV21122023,/Upload/WebDoc/IndustryStatictics/PKRV21122023723.csv,https://www.mufap.com.pk/Upload/WebDoc/IndustryStatictics/PKRV21122023723.csv,PKRV21122023723.csv,.csv,1,TRUE,READY,,2026-09-28T20:26:13+00:00,AUTO_READY,No metadata anomaly detected.
1487,2023-12-22,2023,PKRV22122023,/Upload/WebDoc/IndustryStatictics/PKRV22122023724.csv,https://www.mufap.com.pk/Upload/WebDoc/IndustryStatictics/PKRV22122023724.csv,PKRV22122023724.csv,.csv,1,TRUE,READY,,2026-09-28T20:26:13+00:00,AUTO_READY,No metadata anomaly detected.
1489,2023-12-26,2023,PKRV26122023,/Upload/WebDoc/IndustryStatictics/PKRV26122023725.csv,https://www.mufap.com.pk/Upload/WebDoc/IndustryStatictics/PKRV26122023725.csv,PKRV26122023725.csv,.csv,1,TRUE,READY,,2026-09-28T20:26:13+00:00,AUTO_READY,No metadata anomaly detected.
1491,2023-12-27,2023,PKRV27122023,/Upload/WebDoc/IndustryStatictics/PKRV27122023726.csv,https://www.mufap.com.pk/Upload/WebDoc/IndustryStatictics/PKRV27122023726.csv,PKRV27122023726.csv,.csv,1,TRUE,READY,,2026-09-28T20:26:13+00:00,AUTO_READY,No metadata anomaly detected.
1493,2023-12-28,2023,PKRV28122023,/Upload/WebDoc/IndustryStatictics/PKRV28122023727.csv,https://www.mufap.com.pk/Upload/WebDoc/IndustryStatictics/PKRV28122023727.csv,PKRV28122023727.csv,.csv,1,TRUE,READY,,2026-09-28T20:26:13+00:00,AUTO_READY,No metadata anomaly detected.
1495,2023-12-29,2023,PKRV29122023,/Upload/WebDoc/IndustryStatictics/PKRV29122023728.csv,https://www.mufap.com.pk/Upload/WebDoc/IndustryStatictics/PKRV29122023728.csv,PKRV29122023728.csv,.csv,1,TRUE,READY,,2026-09-28T20:26:13+00:00,AUTO_READY,No metadata anomaly detected.
1497,2024-01-02,2024,PKRV02012024,/Upload/WebDoc/IndustryStatictics/PKRV02012024535.csv,https://www.mufap.com.pk/Upload/WebDoc/IndustryStatictics/PKRV02012024535.csv,PKRV02012024535.csv,.csv,1,TRUE,READY,,2026-09-28T20:26:13+00:00,AUTO_READY,No metadata anomaly detected.
1500,2024-01-03,2024,PKRV03012024,/Upload/WebDoc/IndustryStatictics/PKRV03012024534.csv,https://www.mufap.com.pk/Upload/WebDoc/IndustryStatictics/PKRV03012024534.csv,PKRV03012024534.csv,.csv,1,TRUE,READY,,2026-09-28T20:26:13+00:00,AUTO_READY,No metadata anomaly detected.
1503,2024-01-04,2024,PKRV04012024,/Upload/WebDoc/IndustryStatictics/PKRV04012024533.csv,https://www.mufap.com.pk/Upload/WebDoc/IndustryStatictics/PKRV04012024533.csv,PKRV04012024533.csv,.csv,1,TRUE,READY,,2026-09-28T20:26:13+00:00,AUTO_READY,No metadata anomaly detected.
1506,2024-01-05,2024,PKRV05012024,/Upload/WebDoc/IndustryStatictics/PKRV05012024532.csv,https://www.mufap.com.pk/Upload/WebDoc/IndustryStatictics/PKRV05012024532.csv,PKRV05012024532.csv,.csv,1,TRUE,READY,,2026-09-28T20:26:13+00:00,AUTO_READY,No metadata anomaly detected.
1509,2024-01-08,2024,PKRV08012024,/Upload/WebDoc/IndustryStatictics/PKRV08012024531.csv,https://www.mufap.com.pk/Upload/WebDoc/IndustryStatictics/PKRV08012024531.csv,PKRV08012024531.csv,.csv,1,TRUE,READY,,2026-09-28T20:26:13+00:00,AUTO_READY,No metadata anomaly detected.
1512,2024-01-09,2024,PKRV09012024,/Upload/WebDoc/IndustryStatictics/PKRV09012024530.csv,https://www.mufap.com.pk/Upload/WebDoc/IndustryStatictics/PKRV09012024530.csv,PKRV09012024530.csv,.csv,1,TRUE,READY,,2026-09-28T20:26:13+00:00,AUTO_READY,No metadata anomaly detected.
1515,2024-01-10,2024,PKRV10012024,/Upload/WebDoc/IndustryStatictics/PKRV10012024529.csv,https://www.mufap.com.pk/Upload/WebDoc/IndustryStatictics/PKRV10012024529.csv,PKRV10012024529.csv,.csv,1,TRUE,READY,,2026-09-28T20:26:13+00:00,AUTO_READY,No metadata anomaly detected.
1518,2024-01-11,2024,PKRV11012024,/Upload/WebDoc/IndustryStatictics/PKRV11012024528.csv,https://www.mufap.com.pk/Upload/WebDoc/IndustryStatictics/PKRV11012024528.csv,PKRV11012024528.csv,.csv,1,TRUE,READY,,2026-09-28T20:26:13+00:00,AUTO_READY,No metadata anomaly detected.
1521,2024-01-12,2024,PKRV12012024,/Upload/WebDoc/IndustryStatictics/PKRV12012024527.csv,https://www.mufap.com.pk/Upload/WebDoc/IndustryStatictics/PKRV12012024527.csv,PKRV12012024527.csv,.csv,1,TRUE,READY,,2026-09-28T20:26:13+00:00,AUTO_READY,No metadata anomaly detected.
1524,2024-01-15,2024,PKRV15012024,/Upload/WebDoc/IndustryStatictics/PKRV15012024526.csv,https://www.mufap.com.pk/Upload/WebDoc/IndustryStatictics/PKRV15012024526.csv,PKRV15012024526.csv,.csv,1,TRUE,READY,,2026-09-28T20:26:13+00:00,AUTO_READY,No metadata anomaly detected.
1527,2024-01-16,2024,PKRV16012024,/Upload/WebDoc/IndustryStatictics/PKRV16012024524.csv,https://www.mufap.com.pk/Upload/WebDoc/IndustryStatictics/PKRV16012024524.csv,PKRV16012024524.csv,.csv,1,TRUE,READY,,2026-09-28T20:26:13+00:00,AUTO_READY,No metadata anomaly detected.
1530,2024-01-17,2024,PKRV17012024,/Upload/WebDoc/IndustryStatictics/PKRV17012024523.csv,https://www.mufap.com.pk/Upload/WebDoc/IndustryStatictics/PKRV17012024523.csv,PKRV17012024523.csv,.csv,1,TRUE,READY,,2026-09-28T20:26:13+00:00,AUTO_READY,No metadata anomaly detected.
1533,2024-01-18,2024,PKRV18012024,/Upload/WebDoc/IndustryStatictics/PKRV18012024522.csv,https://www.mufap.com.pk/Upload/WebDoc/IndustryStatictics/PKRV18012024522.csv,PKRV18012024522.csv,.csv,1,TRUE,READY,,2026-09-28T20:26:13+00:00,AUTO_READY,No metadata anomaly detected.
1536,2024-01-19,2024,PKRV19012024,/Upload/WebDoc/IndustryStatictics/PKRV19012024519.csv,https://www.mufap.com.pk/Upload/WebDoc/IndustryStatictics/PKRV19012024519.csv,PKRV19012024519.csv,.csv,1,TRUE,READY,,2026-09-28T20:26:13+00:00,AUTO_READY,No metadata anomaly detected.
1539,2024-01-22,2024,PKRV22012024,/Upload/WebDoc/IndustryStatictics/PKRV22012024518.csv,https://www.mufap.com.pk/Upload/WebDoc/IndustryStatictics/PKRV22012024518.csv,PKRV22012024518.csv,.csv,1,TRUE,READY,,2026-09-28T20:26:13+00:00,AUTO_READY,No metadata anomaly detected.
1542,2024-01-23,2024,PKRV23012024,/Upload/WebDoc/IndustryStatictics/PKRV23012024517.csv,https://www.mufap.com.pk/Upload/WebDoc/IndustryStatictics/PKRV23012024517.csv,PKRV23012024517.csv,.csv,1,TRUE,READY,,2026-09-28T20:26:13+00:00,AUTO_READY,No metadata anomaly detected.
1545,2024-01-24,2024,PKRV24012024,/Upload/WebDoc/IndustryStatictics/PKRV24012024516.csv,https://www.mufap.com.pk/Upload/WebDoc/IndustryStatictics/PKRV24012024516.csv,PKRV24012024516.csv,.csv,1,TRUE,READY,,2026-09-28T20:26:13+00:00,AUTO_READY,No metadata anomaly detected.
1548,2024-01-25,2024,PKRV25012024,/Upload/WebDoc/IndustryStatictics/PKRV25012024515.csv,https://www.mufap.com.pk/Upload/WebDoc/IndustryStatictics/PKRV25012024515.csv,PKRV25012024515.csv,.csv,1,TRUE,READY,,2026-09-28T20:26:13+00:00,AUTO_READY,No metadata anomaly detected.
1551,2024-01-26,2024,PKRV26012024,/Upload/WebDoc/IndustryStatictics/PKRV26012024514.csv,https://www.mufap.com.pk/Upload/WebDoc/IndustryStatictics/PKRV26012024514.csv,PKRV26012024514.csv,.csv,1,TRUE,READY,,2026-09-28T20:26:13+00:00,AUTO_READY,No metadata anomaly detected.
1554,2024-01-29,2024,PKRV29012024,/Upload/WebDoc/IndustryStatictics/PKRV29012024513.csv,https://www.mufap.com.pk/Upload/WebDoc/IndustryStatictics/PKRV29012024513.csv,PKRV29012024513.csv,.csv,1,TRUE,READY,,2026-09-28T20:26:13+00:00,AUTO_READY,No metadata anomaly detected.
1557,2024-01-30,2024,PKRV30012024,/Upload/WebDoc/IndustryStatictics/PKRV30012024512.csv,https://www.mufap.com.pk/Upload/WebDoc/IndustryStatictics/PKRV30012024512.csv,PKRV30012024512.csv,.csv,1,TRUE,READY,,2026-09-28T20:26:13+00:00,AUTO_READY,No metadata anomaly detected.
1560,2024-01-31,2024,PKRV31012024,/Upload/WebDoc/IndustryStatictics/PKRV31012024511.csv,https://www.mufap.com.pk/Upload/WebDoc/IndustryStatictics/PKRV31012024511.csv,PKRV31012024511.csv,.csv,1,TRUE,READY,,2026-09-28T20:26:13+00:00,AUTO_READY,No metadata anomaly detected.
1563,2024-02-01,2024,PKRV01022024,/Upload/WebDoc/IndustryStatictics/PKRV01022024510.csv,https://www.mufap.com.pk/Upload/WebDoc/IndustryStatictics/PKRV01022024510.csv,PKRV01022024510.csv,.csv,1,TRUE,READY,,2026-09-28T20:26:13+00:00,AUTO_READY,No metadata anomaly detected.
1566,2024-02-02,2024,PKRV02022024,/Upload/WebDoc/IndustryStatictics/PKRV02022024509.csv,https://www.mufap.com.pk/Upload/WebDoc/IndustryStatictics/PKRV02022024509.csv,PKRV02022024509.csv,.csv,1,TRUE,READY,,2026-09-28T20:26:13+00:00,AUTO_READY,No metadata anomaly detected.
1569,2024-02-06,2024,PKRV06022024,/Upload/WebDoc/IndustryStatictics/PKRV06022024508.csv,https://www.mufap.com.pk/Upload/WebDoc/IndustryStatictics/PKRV06022024508.csv,PKRV06022024508.csv,.csv,1,TRUE,READY,,2026-09-28T20:26:13+00:00,AUTO_READY,No metadata anomaly detected.
1572,2024-02-07,2024,PKRV07022024,/Upload/WebDoc/IndustryStatictics/PKRV07022024507.csv,https://www.mufap.com.pk/Upload/WebDoc/IndustryStatictics/PKRV07022024507.csv,PKRV07022024507.csv,.csv,1,TRUE,READY,,2026-09-28T20:26:13+00:00,AUTO_READY,No metadata anomaly detected.
1575,2024-02-09,2024,PKRV09022024,/Upload/WebDoc/IndustryStatictics/PKRV09022024506.csv,https://www.mufap.com.pk/Upload/WebDoc/IndustryStatictics/PKRV09022024506.csv,PKRV09022024506.csv,.csv,1,TRUE,READY,,2026-09-28T20:26:13+00:00,AUTO_READY,No metadata anomaly detected.
1578,2024-02-12,2024,PKRV12022024,/Upload/WebDoc/IndustryStatictics/PKRV12022024505.csv,https://www.mufap.com.pk/Upload/WebDoc/IndustryStatictics/PKRV12022024505.csv,PKRV12022024505.csv,.csv,1,TRUE,READY,,2026-09-28T20:26:13+00:00,AUTO_READY,No metadata anomaly detected.
1581,2024-02-13,2024,PKRV13022024,/Upload/WebDoc/IndustryStatictics/PKRV13022024504.csv,https://www.mufap.com.pk/Upload/WebDoc/IndustryStatictics/PKRV13022024504.csv,PKRV13022024504.csv,.csv,1,TRUE,READY,,2026-09-28T20:26:13+00:00,AUTO_READY,No metadata anomaly detected.
1584,2024-02-14,2024,PKRV14022024,/Upload/WebDoc/IndustryStatictics/PKRV14022024503.csv,https://www.mufap.com.pk/Upload/WebDoc/IndustryStatictics/PKRV14022024503.csv,PKRV14022024503.csv,.csv,1,TRUE,READY,,2026-09-28T20:26:13+00:00,AUTO_READY,No metadata anomaly detected.
1587,2024-02-15,2024,PKRV15022024,/Upload/WebDoc/IndustryStatictics/PKRV15022024502.csv,https://www.mufap.com.pk/Upload/WebDoc/IndustryStatictics/PKRV15022024502.csv,PKRV15022024502.csv,.csv,1,TRUE,READY,,2026-09-28T20:26:13+00:00,AUTO_READY,No metadata anomaly detected.
1590,2024-02-16,2024,PKRV16022024,/Upload/WebDoc/IndustryStatictics/PKRV16022024501.csv,https://www.mufap.com.pk/Upload/WebDoc/IndustryStatictics/PKRV16022024501.csv,PKRV16022024501.csv,.csv,1,TRUE,READY,,2026-09-28T20:26:13+00:00,AUTO_READY,No metadata anomaly detected.
1593,2024-02-19,2024,PKRV19022024,/Upload/WebDoc/IndustryStatictics/PKRV19022024500.csv,https://www.mufap.com.pk/Upload/WebDoc/IndustryStatictics/PKRV19022024500.csv,PKRV19022024500.csv,.csv,1,TRUE,READY,,2026-09-28T20:26:13+00:00,AUTO_READY,No metadata anomaly detected.
1596,2024-02-20,2024,PKRV20022024,/Upload/WebDoc/IndustryStatictics/PKRV20022024499.csv,https://www.mufap.com.pk/Upload/WebDoc/IndustryStatictics/PKRV20022024499.csv,PKRV20022024499.csv,.csv,1,TRUE,READY,,2026-09-28T20:26:13+00:00,AUTO_READY,No metadata anomaly detected.
1599,2024-02-21,2024,PKRV21022024,/Upload/WebDoc/IndustryStatictics/PKRV21022024498.csv,https://www.mufap.com.pk/Upload/WebDoc/IndustryStatictics/PKRV21022024498.csv,PKRV21022024498.csv,.csv,1,TRUE,READY,,2026-09-28T20:26:13+00:00,AUTO_READY,No metadata anomaly detected.
1602,2024-02-22,2024,PKRV22022024,/Upload/WebDoc/IndustryStatictics/PKRV22022024497.csv,https://www.mufap.com.pk/Upload/WebDoc/IndustryStatictics/PKRV22022024497.csv,PKRV22022024497.csv,.csv,1,TRUE,READY,,2026-09-28T20:26:13+00:00,AUTO_READY,No metadata anomaly detected.
1605,2024-02-23,2024,PKRV23022024,/Upload/WebDoc/IndustryStatictics/PKRV23022024496.csv,https://www.mufap.com.pk/Upload/WebDoc/IndustryStatictics/PKRV23022024496.csv,PKRV23022024496.csv,.csv,1,TRUE,READY,,2026-09-28T20:26:13+00:00,AUTO_READY,No metadata anomaly detected.
1608,2024-02-26,2024,PKRV26022024,/Upload/WebDoc/IndustryStatictics/PKRV26022024495.csv,https://www.mufap.com.pk/Upload/WebDoc/IndustryStatictics/PKRV26022024495.csv,PKRV26022024495.csv,.csv,1,TRUE,READY,,2026-09-28T20:26:13+00:00,AUTO_READY,No metadata anomaly detected.
1611,2024-02-27,2024,PKRV27022024,/Upload/WebDoc/IndustryStatictics/PKRV27022024494.csv,https://www.mufap.com.pk/Upload/WebDoc/IndustryStatictics/PKRV27022024494.csv,PKRV27022024494.csv,.csv,1,TRUE,READY,,2026-09-28T20:26:13+00:00,AUTO_READY,No metadata anomaly detected.
1614,2024-02-28,2024,PKRV28022024,/Upload/WebDoc/IndustryStatictics/PKRV28022024493.csv,https://www.mufap.com.pk/Upload/WebDoc/IndustryStatictics/PKRV28022024493.csv,PKRV28022024493.csv,.csv,1,TRUE,READY,,2026-09-28T20:26:13+00:00,AUTO_READY,No metadata anomaly detected.
1617,2024-02-29,2024,PKRV29022024,/Upload/WebDoc/IndustryStatictics/PKRV29022024492.csv,https://www.mufap.com.pk/Upload/WebDoc/IndustryStatictics/PKRV29022024492.csv,PKRV29022024492.csv,.csv,1,TRUE,READY,,2026-09-28T20:26:13+00:00,AUTO_READY,No metadata anomaly detected.
1620,2024-03-01,2024,PKRV01032024,/Upload/WebDoc/IndustryStatictics/PKRV01032024491.csv,https://www.mufap.com.pk/Upload/WebDoc/IndustryStatictics/PKRV01032024491.csv,PKRV01032024491.csv,.csv,1,TRUE,READY,,2026-09-28T20:26:13+00:00,AUTO_READY,No metadata anomaly detected.
1623,2024-03-04,2024,PKRV04032024,/Upload/WebDoc/IndustryStatictics/PKRV04032024490.csv,https://www.mufap.com.pk/Upload/WebDoc/IndustryStatictics/PKRV04032024490.csv,PKRV04032024490.csv,.csv,1,TRUE,READY,,2026-09-28T20:26:13+00:00,AUTO_READY,No metadata anomaly detected.
1626,2024-03-05,2024,PKRV05032024,/Upload/WebDoc/IndustryStatictics/PKRV05032024489.csv,https://www.mufap.com.pk/Upload/WebDoc/IndustryStatictics/PKRV05032024489.csv,PKRV05032024489.csv,.csv,1,TRUE,READY,,2026-09-28T20:26:13+00:00,AUTO_READY,No metadata anomaly detected.
1629,2024-03-06,2024,PKRV06032024,/Upload/WebDoc/IndustryStatictics/PKRV06032024488.csv,https://www.mufap.com.pk/Upload/WebDoc/IndustryStatictics/PKRV06032024488.csv,PKRV06032024488.csv,.csv,1,TRUE,READY,,2026-09-28T20:26:13+00:00,AUTO_READY,No metadata anomaly detected.
1632,2024-03-07,2024,PKRV07032024,/Upload/WebDoc/IndustryStatictics/PKRV07032024487.csv,https://www.mufap.com.pk/Upload/WebDoc/IndustryStatictics/PKRV07032024487.csv,PKRV07032024487.csv,.csv,1,TRUE,READY,,2026-09-28T20:26:13+00:00,AUTO_READY,No metadata anomaly detected.
1635,2024-03-08,2024,PKRV08032024,/Upload/WebDoc/IndustryStatictics/PKRV08032024486.csv,https://www.mufap.com.pk/Upload/WebDoc/IndustryStatictics/PKRV08032024486.csv,PKRV08032024486.csv,.csv,1,TRUE,READY,,2026-09-28T20:26:13+00:00,AUTO_READY,No metadata anomaly detected.
1638,2024-03-11,2024,PKRV11032024,/Upload/WebDoc/IndustryStatictics/PKRV11032024485.csv,https://www.mufap.com.pk/Upload/WebDoc/IndustryStatictics/PKRV11032024485.csv,PKRV11032024485.csv,.csv,1,TRUE,READY,,2026-09-28T20:26:13+00:00,AUTO_READY,No metadata anomaly detected.
1641,2024-03-13,2024,PKRV13032024,/Upload/WebDoc/IndustryStatictics/PKRV13032024484.csv,https://www.mufap.com.pk/Upload/WebDoc/IndustryStatictics/PKRV13032024484.csv,PKRV13032024484.csv,.csv,1,TRUE,READY,,2026-09-28T20:26:13+00:00,AUTO_READY,No metadata anomaly detected.
1645,2024-03-14,2024,PKRV14032024,/Upload/WebDoc/IndustryStatictics/PKRV14032024483.csv,https://www.mufap.com.pk/Upload/WebDoc/IndustryStatictics/PKRV14032024483.csv,PKRV14032024483.csv,.csv,1,TRUE,READY,,2026-09-28T20:26:13+00:00,AUTO_READY,No metadata anomaly detected.
1648,2024-03-15,2024,PKRV15032024,/Upload/WebDoc/IndustryStatictics/PKRV15032024482.csv,https://www.mufap.com.pk/Upload/WebDoc/IndustryStatictics/PKRV15032024482.csv,PKRV15032024482.csv,.csv,1,TRUE,READY,,2026-09-28T20:26:13+00:00,AUTO_READY,No metadata anomaly detected.
1651,2024-03-18,2024,PKRV18032024,/Upload/WebDoc/IndustryStatictics/PKRV18032024481.csv,https://www.mufap.com.pk/Upload/WebDoc/IndustryStatictics/PKRV18032024481.csv,PKRV18032024481.csv,.csv,1,TRUE,READY,,2026-09-28T20:26:13+00:00,AUTO_READY,No metadata anomaly detected.
1654,2024-03-19,2024,PKRV19032024,/Upload/WebDoc/IndustryStatictics/PKRV19032024480.csv,https://www.mufap.com.pk/Upload/WebDoc/IndustryStatictics/PKRV19032024480.csv,PKRV19032024480.csv,.csv,1,TRUE,READY,,2026-09-28T20:26:13+00:00,AUTO_READY,No metadata anomaly detected.
1657,2024-03-20,2024,PKRV20032024,/Upload/WebDoc/IndustryStatictics/PKRV20032024479.csv,https://www.mufap.com.pk/Upload/WebDoc/IndustryStatictics/PKRV20032024479.csv,PKRV20032024479.csv,.csv,1,TRUE,READY,,2026-09-28T20:26:13+00:00,AUTO_READY,No metadata anomaly detected.
1660,2024-03-21,2024,PKRV21032024,/Upload/WebDoc/IndustryStatictics/PKRV21032024478.csv,https://www.mufap.com.pk/Upload/WebDoc/IndustryStatictics/PKRV21032024478.csv,PKRV21032024478.csv,.csv,1,TRUE,READY,,2026-09-28T20:26:13+00:00,AUTO_READY,No metadata anomaly detected.
1663,2024-03-22,2024,PKRV22032024,/Upload/WebDoc/IndustryStatictics/PKRV22032024477.csv,https://www.mufap.com.pk/Upload/WebDoc/IndustryStatictics/PKRV22032024477.csv,PKRV22032024477.csv,.csv,1,TRUE,READY,,2026-09-28T20:26:13+00:00,AUTO_READY,No metadata anomaly detected.
1666,2024-03-25,2024,PKRV25032024,/Upload/WebDoc/IndustryStatictics/PKRV25032024476.csv,https://www.mufap.com.pk/Upload/WebDoc/IndustryStatictics/PKRV25032024476.csv,PKRV25032024476.csv,.csv,1,TRUE,READY,,2026-09-28T20:26:13+00:00,AUTO_READY,No metadata anomaly detected.
1669,2024-03-26,2024,PKRV26032024,/Upload/WebDoc/IndustryStatictics/PKRV26032024475.csv,https://www.mufap.com.pk/Upload/WebDoc/IndustryStatictics/PKRV26032024475.csv,PKRV26032024475.csv,.csv,1,TRUE,READY,,2026-09-28T20:26:13+00:00,AUTO_READY,No metadata anomaly detected.
1672,2024-03-27,2024,PKRV27032024,/Upload/WebDoc/IndustryStatictics/PKRV27032024474.csv,https://www.mufap.com.pk/Upload/WebDoc/IndustryStatictics/PKRV27032024474.csv,PKRV27032024474.csv,.csv,1,TRUE,READY,,2026-09-28T20:26:13+00:00,AUTO_READY,No metadata anomaly detected.
1675,2024-03-28,2024,PKRV28032024,/Upload/WebDoc/IndustryStatictics/PKRV28032024473.csv,https://www.mufap.com.pk/Upload/WebDoc/IndustryStatictics/PKRV28032024473.csv,PKRV28032024473.csv,.csv,1,TRUE,READY,,2026-09-28T20:26:13+00:00,AUTO_READY,No metadata anomaly detected.
1678,2024-03-29,2024,PKRV29032024,/Upload/WebDoc/IndustryStatictics/PKRV29032024472.csv,https://www.mufap.com.pk/Upload/WebDoc/IndustryStatictics/PKRV29032024472.csv,PKRV29032024472.csv,.csv,1,TRUE,READY,,2026-09-28T20:26:13+00:00,AUTO_READY,No metadata anomaly detected.
1681,2024-04-01,2024,PKRV01042024,/Upload/WebDoc/IndustryStatictics/PKRV01042024471.csv,https://www.mufap.com.pk/Upload/WebDoc/IndustryStatictics/PKRV01042024471.csv,PKRV01042024471.csv,.csv,1,TRUE,READY,,2026-09-28T20:26:13+00:00,AUTO_READY,No metadata anomaly detected.
1684,2024-04-02,2024,PKRV02042024,/Upload/WebDoc/IndustryStatictics/PKRV02042024470.csv,https://www.mufap.com.pk/Upload/WebDoc/IndustryStatictics/PKRV02042024470.csv,PKRV02042024470.csv,.csv,1,TRUE,READY,,2026-09-28T20:26:13+00:00,AUTO_READY,No metadata anomaly detected.
1687,2024-04-03,2024,PKRV03042024,/Upload/WebDoc/IndustryStatictics/PKRV03042024465.csv,https://www.mufap.com.pk/Upload/WebDoc/IndustryStatictics/PKRV03042024465.csv,PKRV03042024465.csv,.csv,1,TRUE,READY,,2026-09-28T20:26:13+00:00,AUTO_READY,No metadata anomaly detected.
1690,2024-04-04,2024,PKRV04042024,/Upload/WebDoc/IndustryStatictics/PKRV04042024464.csv,https://www.mufap.com.pk/Upload/WebDoc/IndustryStatictics/PKRV04042024464.csv,PKRV04042024464.csv,.csv,1,TRUE,READY,,2026-09-28T20:26:13+00:00,AUTO_READY,No metadata anomaly detected.
1693,2024-04-05,2024,PKRV05042024,/Upload/WebDoc/IndustryStatictics/PKRV05042024463.csv,https://www.mufap.com.pk/Upload/WebDoc/IndustryStatictics/PKRV05042024463.csv,PKRV05042024463.csv,.csv,1,TRUE,READY,,2026-09-28T20:26:13+00:00,AUTO_READY,No metadata anomaly detected.
1696,2024-04-08,2024,PKRV08042024,/Upload/WebDoc/IndustryStatictics/PKRV08042024462.csv,https://www.mufap.com.pk/Upload/WebDoc/IndustryStatictics/PKRV08042024462.csv,PKRV08042024462.csv,.csv,1,TRUE,READY,,2026-09-28T20:26:13+00:00,AUTO_READY,No metadata anomaly detected.
1699,2024-04-09,2024,PKRV09042024,/Upload/WebDoc/IndustryStatictics/PKRV09042024461.csv,https://www.mufap.com.pk/Upload/WebDoc/IndustryStatictics/PKRV09042024461.csv,PKRV09042024461.csv,.csv,1,TRUE,READY,,2026-09-28T20:26:13+00:00,AUTO_READY,No metadata anomaly detected.
1702,2024-04-15,2024,PKRV15042024,/Upload/WebDoc/IndustryStatictics/PKRV15042024460.csv,https://www.mufap.com.pk/Upload/WebDoc/IndustryStatictics/PKRV15042024460.csv,PKRV15042024460.csv,.csv,1,TRUE,READY,,2026-09-28T20:26:13+00:00,AUTO_READY,No metadata anomaly detected.
1705,2024-04-16,2024,PKRV16042024,/Upload/WebDoc/IndustryStatictics/PKRV16042024459.csv,https://www.mufap.com.pk/Upload/WebDoc/IndustryStatictics/PKRV16042024459.csv,PKRV16042024459.csv,.csv,1,TRUE,READY,,2026-09-28T20:26:13+00:00,AUTO_READY,No metadata anomaly detected.
1708,2024-04-17,2024,PKRV17042024,/Upload/WebDoc/IndustryStatictics/PKRV17042024458.csv,https://www.mufap.com.pk/Upload/WebDoc/IndustryStatictics/PKRV17042024458.csv,PKRV17042024458.csv,.csv,1,TRUE,READY,,2026-09-28T20:26:13+00:00,AUTO_READY,No metadata anomaly detected.
1711,2024-04-18,2024,PKRV18042024,/Upload/WebDoc/IndustryStatictics/PKRV18042024457.csv,https://www.mufap.com.pk/Upload/WebDoc/IndustryStatictics/PKRV18042024457.csv,PKRV18042024457.csv,.csv,1,TRUE,READY,,2026-09-28T20:26:13+00:00,AUTO_READY,No metadata anomaly detected.
1714,2024-04-19,2024,PKRV19042024,/Upload/WebDoc/IndustryStatictics/PKRV19042024456.csv,https://www.mufap.com.pk/Upload/WebDoc/IndustryStatictics/PKRV19042024456.csv,PKRV19042024456.csv,.csv,1,TRUE,READY,,2026-09-28T20:26:13+00:00,AUTO_READY,No metadata anomaly detected.
1719,2024-04-22,2024,PKRV22042024,/Upload/WebDoc/IndustryStatictics/PKRV22042024455.csv,https://www.mufap.com.pk/Upload/WebDoc/IndustryStatictics/PKRV22042024455.csv,PKRV22042024455.csv,.csv,1,TRUE,READY,,2026-09-28T20:26:13+00:00,AUTO_READY,No metadata anomaly detected.
1722,2024-04-23,2024,PKRV23042024,/Upload/WebDoc/IndustryStatictics/PKRV23042024454.csv,https://www.mufap.com.pk/Upload/WebDoc/IndustryStatictics/PKRV23042024454.csv,PKRV23042024454.csv,.csv,1,TRUE,READY,,2026-09-28T20:26:13+00:00,AUTO_READY,No metadata anomaly detected.
1725,2024-04-24,2024,PKRV24042024,/Upload/WebDoc/IndustryStatictics/PKRV24042024453.csv,https://www.mufap.com.pk/Upload/WebDoc/IndustryStatictics/PKRV24042024453.csv,PKRV24042024453.csv,.csv,1,TRUE,READY,,2026-09-28T20:26:13+00:00,AUTO_READY,No metadata anomaly detected.
1728,2024-04-25,2024,PKRV25042024,/Upload/WebDoc/IndustryStatictics/PKRV25042024452.csv,https://www.mufap.com.pk/Upload/WebDoc/IndustryStatictics/PKRV25042024452.csv,PKRV25042024452.csv,.csv,1,TRUE,READY,,2026-09-28T20:26:13+00:00,AUTO_READY,No metadata anomaly detected.
1731,2024-04-26,2024,PKRV26042024,/Upload/WebDoc/IndustryStatictics/PKRV26042024451.csv,https://www.mufap.com.pk/Upload/WebDoc/IndustryStatictics/PKRV26042024451.csv,PKRV26042024451.csv,.csv,1,TRUE,READY,,2026-09-28T20:26:13+00:00,AUTO_READY,No metadata anomaly detected.
1734,2024-04-29,2024,PKRV29042024,/Upload/WebDoc/IndustryStatictics/PKRV29042024450.csv,https://www.mufap.com.pk/Upload/WebDoc/IndustryStatictics/PKRV29042024450.csv,PKRV29042024450.csv,.csv,1,TRUE,READY,,2026-09-28T20:26:13+00:00,AUTO_READY,No metadata anomaly detected.
1737,2024-04-30,2024,PKRV30042024,/Upload/WebDoc/IndustryStatictics/PKRV30042024449.csv,https://www.mufap.com.pk/Upload/WebDoc/IndustryStatictics/PKRV30042024449.csv,PKRV30042024449.csv,.csv,1,TRUE,READY,,2026-09-28T20:26:13+00:00,AUTO_READY,No metadata anomaly detected.
1740,2024-05-02,2024,PKRV02052024,/Upload/WebDoc/IndustryStatictics/PKRV02052024448.csv,https://www.mufap.com.pk/Upload/WebDoc/IndustryStatictics/PKRV02052024448.csv,PKRV02052024448.csv,.csv,1,TRUE,READY,,2026-09-28T20:26:13+00:00,AUTO_READY,No metadata anomaly detected.
1743,2024-05-03,2024,PKRV03052024,/Upload/WebDoc/IndustryStatictics/PKRV03052024447.csv,https://www.mufap.com.pk/Upload/WebDoc/IndustryStatictics/PKRV03052024447.csv,PKRV03052024447.csv,.csv,1,TRUE,READY,,2026-09-28T20:26:13+00:00,AUTO_READY,No metadata anomaly detected.
1746,2024-05-06,2024,PKRV06052024,/Upload/WebDoc/IndustryStatictics/PKRV06052024446.csv,https://www.mufap.com.pk/Upload/WebDoc/IndustryStatictics/PKRV06052024446.csv,PKRV06052024446.csv,.csv,1,TRUE,READY,,2026-09-28T20:26:13+00:00,AUTO_READY,No metadata anomaly detected.
1749,2024-05-07,2024,PKRV07052024,/Upload/WebDoc/IndustryStatictics/PKRV07052024445.csv,https://www.mufap.com.pk/Upload/WebDoc/IndustryStatictics/PKRV07052024445.csv,PKRV07052024445.csv,.csv,1,TRUE,READY,,2026-09-28T20:26:13+00:00,AUTO_READY,No metadata anomaly detected.
1752,2024-05-08,2024,PKRV08052024,/Upload/WebDoc/IndustryStatictics/PKRV08052024444.csv,https://www.mufap.com.pk/Upload/WebDoc/IndustryStatictics/PKRV08052024444.csv,PKRV08052024444.csv,.csv,1,TRUE,READY,,2026-09-28T20:26:13+00:00,AUTO_READY,No metadata anomaly detected.
1758,2024-05-10,2024,PKRV10052024,/Upload/WebDoc/IndustryStatictics/PKRV10052024443.csv,https://www.mufap.com.pk/Upload/WebDoc/IndustryStatictics/PKRV10052024443.csv,PKRV10052024443.csv,.csv,1,TRUE,READY,,2026-09-28T20:26:13+00:00,AUTO_READY,No metadata anomaly detected.
1761,2024-05-13,2024,PKRV13052024,/Upload/WebDoc/IndustryStatictics/PKRV13052024442.csv,https://www.mufap.com.pk/Upload/WebDoc/IndustryStatictics/PKRV13052024442.csv,PKRV13052024442.csv,.csv,1,TRUE,READY,,2026-09-28T20:26:13+00:00,AUTO_READY,No metadata anomaly detected.
1764,2024-05-14,2024,PKRV14052024,/Upload/WebDoc/IndustryStatictics/PKRV14052024441.csv,https://www.mufap.com.pk/Upload/WebDoc/IndustryStatictics/PKRV14052024441.csv,PKRV14052024441.csv,.csv,1,TRUE,READY,,2026-09-28T20:26:13+00:00,AUTO_READY,No metadata anomaly detected.
1768,2024-05-15,2024,PKRV15052024,/Upload/WebDoc/IndustryStatictics/PKRV15052024440.csv,https://www.mufap.com.pk/Upload/WebDoc/IndustryStatictics/PKRV15052024440.csv,PKRV15052024440.csv,.csv,1,TRUE,READY,,2026-09-28T20:26:13+00:00,AUTO_READY,No metadata anomaly detected.
1771,2024-05-16,2024,PKRV16052024,/Upload/WebDoc/IndustryStatictics/PKRV16052024439.csv,https://www.mufap.com.pk/Upload/WebDoc/IndustryStatictics/PKRV16052024439.csv,PKRV16052024439.csv,.csv,1,TRUE,READY,,2026-09-28T20:26:13+00:00,AUTO_READY,No metadata anomaly detected.
1774,2024-05-17,2024,PKRV17052024,/Upload/WebDoc/IndustryStatictics/PKRV17052024438.csv,https://www.mufap.com.pk/Upload/WebDoc/IndustryStatictics/PKRV17052024438.csv,PKRV17052024438.csv,.csv,1,TRUE,READY,,2026-09-28T20:26:13+00:00,AUTO_READY,No metadata anomaly detected.
1777,2024-05-20,2024,PKRV20052024,/Upload/WebDoc/IndustryStatictics/PKRV20052024437.csv,https://www.mufap.com.pk/Upload/WebDoc/IndustryStatictics/PKRV20052024437.csv,PKRV20052024437.csv,.csv,1,TRUE,READY,,2026-09-28T20:26:13+00:00,AUTO_READY,No metadata anomaly detected.
1780,2024-05-21,2024,PKRV21052024,/Upload/WebDoc/IndustryStatictics/PKRV21052024436.csv,https://www.mufap.com.pk/Upload/WebDoc/IndustryStatictics/PKRV21052024436.csv,PKRV21052024436.csv,.csv,1,TRUE,READY,,2026-09-28T20:26:13+00:00,AUTO_READY,No metadata anomaly detected.
1783,2024-05-22,2024,PKRV22052024,/Upload/WebDoc/IndustryStatictics/PKRV22052024435.csv,https://www.mufap.com.pk/Upload/WebDoc/IndustryStatictics/PKRV22052024435.csv,PKRV22052024435.csv,.csv,1,TRUE,READY,,2026-09-28T20:26:13+00:00,AUTO_READY,No metadata anomaly detected.
1786,2024-05-23,2024,PKRV23052024,/Upload/WebDoc/IndustryStatictics/PKRV23052024434.csv,https://www.mufap.com.pk/Upload/WebDoc/IndustryStatictics/PKRV23052024434.csv,PKRV23052024434.csv,.csv,1,TRUE,READY,,2026-09-28T20:26:13+00:00,AUTO_READY,No metadata anomaly detected.
1789,2024-05-24,2024,PKRV24052024,/Upload/WebDoc/IndustryStatictics/PKRV24052024433.csv,https://www.mufap.com.pk/Upload/WebDoc/IndustryStatictics/PKRV24052024433.csv,PKRV24052024433.csv,.csv,1,TRUE,READY,,2026-09-28T20:26:13+00:00,AUTO_READY,No metadata anomaly detected.
1792,2024-05-27,2024,PKRV27052024,/Upload/WebDoc/IndustryStatictics/PKRV27052024432.csv,https://www.mufap.com.pk/Upload/WebDoc/IndustryStatictics/PKRV27052024432.csv,PKRV27052024432.csv,.csv,1,TRUE,READY,,2026-09-28T20:26:13+00:00,AUTO_READY,No metadata anomaly detected.
1795,2024-05-29,2024,PKRV29052024,/Upload/WebDoc/IndustryStatictics/PKRV29052024431.csv,https://www.mufap.com.pk/Upload/WebDoc/IndustryStatictics/PKRV29052024431.csv,PKRV29052024431.csv,.csv,1,TRUE,READY,,2026-09-28T20:26:13+00:00,AUTO_READY,No metadata anomaly detected.
1798,2024-05-30,2024,PKRV30052024,/Upload/WebDoc/IndustryStatictics/PKRV30052024430.csv,https://www.mufap.com.pk/Upload/WebDoc/IndustryStatictics/PKRV30052024430.csv,PKRV30052024430.csv,.csv,1,TRUE,READY,,2026-09-28T20:26:13+00:00,AUTO_READY,No metadata anomaly detected.
1801,2024-05-31,2024,PKRV31052024,/Upload/WebDoc/IndustryStatictics/PKRV31052024429.csv,https://www.mufap.com.pk/Upload/WebDoc/IndustryStatictics/PKRV31052024429.csv,PKRV31052024429.csv,.csv,1,TRUE,READY,,2026-09-28T20:26:13+00:00,AUTO_READY,No metadata anomaly detected.
1802,2024-06-03,2024,PKRV03062024,/Upload/WebDoc/IndustryStatictics/PKFRV03062024209.csv,https://www.mufap.com.pk/Upload/WebDoc/IndustryStatictics/PKFRV03062024209.csv,PKFRV03062024209.csv,.csv,1,TRUE,READY,,2026-09-28T20:26:13+00:00,AUTO_READY,No metadata anomaly detected.
1805,2024-06-04,2024,PKRV04062024,/Upload/WebDoc/IndustryStatictics/PKRV04062024238.csv,https://www.mufap.com.pk/Upload/WebDoc/IndustryStatictics/PKRV04062024238.csv,PKRV04062024238.csv,.csv,1,TRUE,READY,,2026-09-28T20:26:13+00:00,AUTO_READY,No metadata anomaly detected.
1809,2024-06-05,2024,PKRV05062024,/Upload/WebDoc/IndustryStatictics/PKRV05062024235.csv,https://www.mufap.com.pk/Upload/WebDoc/IndustryStatictics/PKRV05062024235.csv,PKRV05062024235.csv,.csv,1,TRUE,READY,,2026-09-28T20:26:13+00:00,AUTO_READY,No metadata anomaly detected.
1812,2024-06-06,2024,PKRV06062024,/Upload/WebDoc/IndustryStatictics/PKRV06062024232.csv,https://www.mufap.com.pk/Upload/WebDoc/IndustryStatictics/PKRV06062024232.csv,PKRV06062024232.csv,.csv,1,TRUE,READY,,2026-09-28T20:26:13+00:00,AUTO_READY,No metadata anomaly detected.
1815,2024-06-07,2024,PKRV07062024,/Upload/WebDoc/IndustryStatictics/PKRV07062024229.csv,https://www.mufap.com.pk/Upload/WebDoc/IndustryStatictics/PKRV07062024229.csv,PKRV07062024229.csv,.csv,1,TRUE,READY,,2026-09-28T20:26:13+00:00,AUTO_READY,No metadata anomaly detected.
1821,2024-06-11,2024,PKRV11062024,/Upload/WebDoc/IndustryStatictics/PKRV11062024172.csv,https://www.mufap.com.pk/Upload/WebDoc/IndustryStatictics/PKRV11062024172.csv,PKRV11062024172.csv,.csv,1,TRUE,READY,,2026-09-28T20:26:13+00:00,AUTO_READY,No metadata anomaly detected.
1824,2024-06-12,2024,PKRV12062024,/Upload/WebDoc/IndustryStatictics/PKRV12062024180.csv,https://www.mufap.com.pk/Upload/WebDoc/IndustryStatictics/PKRV12062024180.csv,PKRV12062024180.csv,.csv,1,TRUE,READY,,2026-09-28T20:26:13+00:00,AUTO_READY,No metadata anomaly detected.
1827,2024-06-13,2024,PKRV13062024,/Upload/WebDoc/IndustryStatictics/PKRV13062024186.csv,https://www.mufap.com.pk/Upload/WebDoc/IndustryStatictics/PKRV13062024186.csv,PKRV13062024186.csv,.csv,1,TRUE,READY,,2026-09-28T20:26:13+00:00,AUTO_READY,No metadata anomaly detected.
1832,2024-06-14,2024,PKRV14062024,/Upload/WebDoc/IndustryStatictics/PKRV14062024199.csv,https://www.mufap.com.pk/Upload/WebDoc/IndustryStatictics/PKRV14062024199.csv,PKRV14062024199.csv,.csv,1,TRUE,READY,,2026-09-28T20:26:13+00:00,AUTO_READY,No metadata anomaly detected.
1833,2024-06-20,2024,PKRV20062024,/Upload/WebDoc/IndustryStatictics/PKRV20062024203.csv,https://www.mufap.com.pk/Upload/WebDoc/IndustryStatictics/PKRV20062024203.csv,PKRV20062024203.csv,.csv,1,TRUE,READY,,2026-09-28T20:26:13+00:00,AUTO_READY,No metadata anomaly detected.
1836,2024-06-21,2024,PKRV21062024,/Upload/WebDoc/IndustryStatictics/PKRV21062024208.csv,https://www.mufap.com.pk/Upload/WebDoc/IndustryStatictics/PKRV21062024208.csv,PKRV21062024208.csv,.csv,1,TRUE,READY,,2026-09-28T20:26:13+00:00,AUTO_READY,No metadata anomaly detected.
1840,2024-06-24,2024,PKRV24062024,/Upload/WebDoc/IndustryStatictics/PKRV24062024222.csv,https://www.mufap.com.pk/Upload/WebDoc/IndustryStatictics/PKRV24062024222.csv,PKRV24062024222.csv,.csv,1,TRUE,READY,,2026-09-28T20:26:13+00:00,AUTO_READY,No metadata anomaly detected.
1843,2024-06-25,2024,PKRV25062024,/Upload/WebDoc/IndustryStatictics/PKRV25062024227.csv,https://www.mufap.com.pk/Upload/WebDoc/IndustryStatictics/PKRV25062024227.csv,PKRV25062024227.csv,.csv,1,TRUE,READY,,2026-09-28T20:26:13+00:00,AUTO_READY,No metadata anomaly detected.
1846,2024-06-26,2024,PKRV26062024,/Upload/WebDoc/IndustryStatictics/PKRV26062024427.csv,https://www.mufap.com.pk/Upload/WebDoc/IndustryStatictics/PKRV26062024427.csv,PKRV26062024427.csv,.csv,1,TRUE,READY,,2026-09-28T20:26:13+00:00,AUTO_READY,No metadata anomaly detected.
1849,2024-06-27,2024,PKRV27062024,/Upload/WebDoc/IndustryStatictics/PKRV27062024538.csv,https://www.mufap.com.pk/Upload/WebDoc/IndustryStatictics/PKRV27062024538.csv,PKRV27062024538.csv,.csv,1,TRUE,READY,,2026-09-28T20:26:13+00:00,AUTO_READY,No metadata anomaly detected.
1852,2024-06-28,2024,PKRV28062024,/Upload/WebDoc/IndustryStatictics/PKRV28062024596.csv,https://www.mufap.com.pk/Upload/WebDoc/IndustryStatictics/PKRV28062024596.csv,PKRV28062024596.csv,.csv,1,TRUE,READY,,2026-09-28T20:26:13+00:00,AUTO_READY,No metadata anomaly detected.
1854,2024-07-02,2024,PKRV02072024,/Upload/WebDoc/IndustryStatictics/PKRV02072024611.csv,https://www.mufap.com.pk/Upload/WebDoc/IndustryStatictics/PKRV02072024611.csv,PKRV02072024611.csv,.csv,1,TRUE,READY,,2026-09-28T20:26:13+00:00,AUTO_READY,No metadata anomaly detected.
1858,2024-07-03,2024,PKRV03072024,/Upload/WebDoc/IndustryStatictics/PKRV03072024616.csv,https://www.mufap.com.pk/Upload/WebDoc/IndustryStatictics/PKRV03072024616.csv,PKRV03072024616.csv,.csv,1,TRUE,READY,,2026-09-28T20:26:13+00:00,AUTO_READY,No metadata anomaly detected.
1861,2024-07-04,2024,PKRV04072024,/Upload/WebDoc/IndustryStatictics/PKRV04072024620.csv,https://www.mufap.com.pk/Upload/WebDoc/IndustryStatictics/PKRV04072024620.csv,PKRV04072024620.csv,.csv,1,TRUE,READY,,2026-09-28T20:26:13+00:00,AUTO_READY,No metadata anomaly detected.
1865,2024-07-05,2024,PKRV05072024,/Upload/WebDoc/IndustryStatictics/PKRV05072024626.csv,https://www.mufap.com.pk/Upload/WebDoc/IndustryStatictics/PKRV05072024626.csv,PKRV05072024626.csv,.csv,1,TRUE,READY,,2026-09-28T20:26:13+00:00,AUTO_READY,No metadata anomaly detected.
1867,2024-07-08,2024,PKRV08072024,/Upload/WebDoc/IndustryStatictics/PKRV08072024629.csv,https://www.mufap.com.pk/Upload/WebDoc/IndustryStatictics/PKRV08072024629.csv,PKRV08072024629.csv,.csv,1,TRUE,READY,,2026-09-28T20:26:13+00:00,AUTO_READY,No metadata anomaly detected.
1871,2024-07-09,2024,PKRV09072024,/Upload/WebDoc/IndustryStatictics/PKRV09072024635.csv,https://www.mufap.com.pk/Upload/WebDoc/IndustryStatictics/PKRV09072024635.csv,PKRV09072024635.csv,.csv,1,TRUE,READY,,2026-09-28T20:26:13+00:00,AUTO_READY,No metadata anomaly detected.
1873,2024-07-10,2024,PKRV10072024,/Upload/WebDoc/IndustryStatictics/PKRV10072024639.csv,https://www.mufap.com.pk/Upload/WebDoc/IndustryStatictics/PKRV10072024639.csv,PKRV10072024639.csv,.csv,1,TRUE,READY,,2026-09-28T20:26:13+00:00,AUTO_READY,No metadata anomaly detected.
1877,2024-07-11,2024,PKRV11072024,/Upload/WebDoc/IndustryStatictics/PKRV11072024645.csv,https://www.mufap.com.pk/Upload/WebDoc/IndustryStatictics/PKRV11072024645.csv,PKRV11072024645.csv,.csv,1,TRUE,READY,,2026-09-28T20:26:13+00:00,AUTO_READY,No metadata anomaly detected.
1880,2024-07-12,2024,PKRV12072024,/Upload/WebDoc/IndustryStatictics/PKRV12072024650.csv,https://www.mufap.com.pk/Upload/WebDoc/IndustryStatictics/PKRV12072024650.csv,PKRV12072024650.csv,.csv,1,TRUE,READY,,2026-09-28T20:26:13+00:00,AUTO_READY,No metadata anomaly detected.
1883,2024-07-15,2024,PKRV15072024,/Upload/WebDoc/IndustryStatictics/PKRV15072024655.csv,https://www.mufap.com.pk/Upload/WebDoc/IndustryStatictics/PKRV15072024655.csv,PKRV15072024655.csv,.csv,1,TRUE,READY,,2026-09-28T20:26:13+00:00,AUTO_READY,No metadata anomaly detected.
1885,2024-07-18,2024,PKRV18072024,/Upload/WebDoc/IndustryStatictics/PKRV18072024659.csv,https://www.mufap.com.pk/Upload/WebDoc/IndustryStatictics/PKRV18072024659.csv,PKRV18072024659.csv,.csv,1,TRUE,READY,,2026-09-28T20:26:13+00:00,AUTO_READY,No metadata anomaly detected.
1887,2024-07-19,2024,PKRV19072024,/Upload/WebDoc/IndustryStatictics/PKRV19072024663.csv,https://www.mufap.com.pk/Upload/WebDoc/IndustryStatictics/PKRV19072024663.csv,PKRV19072024663.csv,.csv,1,TRUE,READY,,2026-09-28T20:26:13+00:00,AUTO_READY,No metadata anomaly detected.
1891,2024-07-22,2024,PKRV22072024,/Upload/WebDoc/IndustryStatictics/PKRV22072024669.csv,https://www.mufap.com.pk/Upload/WebDoc/IndustryStatictics/PKRV22072024669.csv,PKRV22072024669.csv,.csv,1,TRUE,READY,,2026-09-28T20:26:13+00:00,AUTO_READY,No metadata anomaly detected.
1894,2024-07-23,2024,PKRV23072024,/Upload/WebDoc/IndustryStatictics/PKRV23072024674.csv,https://www.mufap.com.pk/Upload/WebDoc/IndustryStatictics/PKRV23072024674.csv,PKRV23072024674.csv,.csv,1,TRUE,READY,,2026-09-28T20:26:13+00:00,AUTO_READY,No metadata anomaly detected.
1897,2024-07-24,2024,PKRV24072024,/Upload/WebDoc/IndustryStatictics/PKRV24072024679.csv,https://www.mufap.com.pk/Upload/WebDoc/IndustryStatictics/PKRV24072024679.csv,PKRV24072024679.csv,.csv,2,TRUE,REVIEW,DUPLICATE_OBSERVATION_DATE,2026-09-28T20:26:13+00:00,ANOMALY_RESOLUTION,Canonical 20-tenor PKRV CSV for 2024-07-24.
1900,2024-07-25,2024,PKRV25072024,/Upload/WebDoc/IndustryStatictics/PKRV25072024684.csv,https://www.mufap.com.pk/Upload/WebDoc/IndustryStatictics/PKRV25072024684.csv,PKRV25072024684.csv,.csv,1,TRUE,READY,,2026-09-28T20:26:13+00:00,AUTO_READY,No metadata anomaly detected.
1903,2024-07-26,2024,PKRV26072024,/Upload/WebDoc/IndustryStatictics/PKRV26072024701.csv,https://www.mufap.com.pk/Upload/WebDoc/IndustryStatictics/PKRV26072024701.csv,PKRV26072024701.csv,.csv,1,TRUE,READY,,2026-09-28T20:26:13+00:00,AUTO_READY,No metadata anomaly detected.
1906,2024-07-29,2024,PKRV29072024,/Upload/WebDoc/IndustryStatictics/PKRV29072024827.csv,https://www.mufap.com.pk/Upload/WebDoc/IndustryStatictics/PKRV29072024827.csv,PKRV29072024827.csv,.csv,1,TRUE,READY,,2026-09-28T20:26:13+00:00,AUTO_READY,No metadata anomaly detected.
1908,2024-07-30,2024,PKRV30072024,/Upload/WebDoc/IndustryStatictics/PKRV30072024967.csv,https://www.mufap.com.pk/Upload/WebDoc/IndustryStatictics/PKRV30072024967.csv,PKRV30072024967.csv,.csv,1,TRUE,READY,,2026-09-28T20:26:13+00:00,AUTO_READY,No metadata anomaly detected.
1912,2024-07-31,2024,PKRV31072024,/Upload/WebDoc/IndustryStatictics/PKRV31072024993.csv,https://www.mufap.com.pk/Upload/WebDoc/IndustryStatictics/PKRV31072024993.csv,PKRV31072024993.csv,.csv,1,TRUE,READY,,2026-09-28T20:26:13+00:00,AUTO_READY,No metadata anomaly detected.
1915,2024-08-01,2024,PKRV01082024,/Upload/WebDoc/IndustryStatictics/PKRV010820241022.csv,https://www.mufap.com.pk/Upload/WebDoc/IndustryStatictics/PKRV010820241022.csv,PKRV010820241022.csv,.csv,1,TRUE,READY,,2026-09-28T20:26:13+00:00,AUTO_READY,No metadata anomaly detected.
1918,2024-08-02,2024,PKRV02082024,/Upload/WebDoc/IndustryStatictics/PKRV0208020241026.csv,https://www.mufap.com.pk/Upload/WebDoc/IndustryStatictics/PKRV0208020241026.csv,PKRV0208020241026.csv,.csv,1,FALSE,REVIEW,TITLE_DATE_NOT_IN_FILEPATH,2026-09-28T20:26:13+00:00,ANOMALY_RESOLUTION,Canonical 20-tenor PKRV CSV; filename contains a malformed date token but source contents and metadata identify 2024-08-02.
1921,2024-08-05,2024,PKRV05082024,/Upload/WebDoc/IndustryStatictics/PKRV050820241030.csv,https://www.mufap.com.pk/Upload/WebDoc/IndustryStatictics/PKRV050820241030.csv,PKRV050820241030.csv,.csv,1,TRUE,READY,,2026-09-28T20:26:13+00:00,AUTO_READY,No metadata anomaly detected.
1925,2024-08-06,2024,PKRV06082024,/Upload/WebDoc/IndustryStatictics/PKRV060820241035.csv,https://www.mufap.com.pk/Upload/WebDoc/IndustryStatictics/PKRV060820241035.csv,PKRV060820241035.csv,.csv,1,TRUE,READY,,2026-09-28T20:26:13+00:00,AUTO_READY,No metadata anomaly detected.
1928,2024-08-07,2024,PKRV07082024,/Upload/WebDoc/IndustryStatictics/PKRV070820241048.csv,https://www.mufap.com.pk/Upload/WebDoc/IndustryStatictics/PKRV070820241048.csv,PKRV070820241048.csv,.csv,1,TRUE,READY,,2026-09-28T20:26:13+00:00,AUTO_READY,No metadata anomaly detected.
1931,2024-08-08,2024,PKRV08082024,/Upload/WebDoc/IndustryStatictics/PKRV080820241095.csv,https://www.mufap.com.pk/Upload/WebDoc/IndustryStatictics/PKRV080820241095.csv,PKRV080820241095.csv,.csv,1,TRUE,READY,,2026-09-28T20:26:13+00:00,AUTO_READY,No metadata anomaly detected.
1934,2024-08-09,2024,PKRV09082024,/Upload/WebDoc/IndustryStatictics/PKRV090820241100.csv,https://www.mufap.com.pk/Upload/WebDoc/IndustryStatictics/PKRV090820241100.csv,PKRV090820241100.csv,.csv,1,TRUE,READY,,2026-09-28T20:26:13+00:00,AUTO_READY,No metadata anomaly detected.
1937,2024-08-12,2024,PKRV12082024,/Upload/WebDoc/IndustryStatictics/PKRV120820241105.csv,https://www.mufap.com.pk/Upload/WebDoc/IndustryStatictics/PKRV120820241105.csv,PKRV120820241105.csv,.csv,1,TRUE,READY,,2026-09-28T20:26:13+00:00,AUTO_READY,No metadata anomaly detected.
1940,2024-08-13,2024,PKRV13082024,/Upload/WebDoc/IndustryStatictics/PKRV130820241110.csv,https://www.mufap.com.pk/Upload/WebDoc/IndustryStatictics/PKRV130820241110.csv,PKRV130820241110.csv,.csv,1,TRUE,READY,,2026-09-28T20:26:13+00:00,AUTO_READY,No metadata anomaly detected.
1943,2024-08-15,2024,PKRV15082024,/Upload/WebDoc/IndustryStatictics/PKRV150820241115.csv,https://www.mufap.com.pk/Upload/WebDoc/IndustryStatictics/PKRV150820241115.csv,PKRV150820241115.csv,.csv,1,TRUE,READY,,2026-09-28T20:26:13+00:00,AUTO_READY,No metadata anomaly detected.
1946,2024-08-16,2024,PKRV16082024,/Upload/WebDoc/IndustryStatictics/PKRV160820241120.csv,https://www.mufap.com.pk/Upload/WebDoc/IndustryStatictics/PKRV160820241120.csv,PKRV160820241120.csv,.csv,1,TRUE,READY,,2026-09-28T20:26:13+00:00,AUTO_READY,No metadata anomaly detected.
1949,2024-08-19,2024,PKRV19082024,/Upload/WebDoc/IndustryStatictics/PKRV190820241125.csv,https://www.mufap.com.pk/Upload/WebDoc/IndustryStatictics/PKRV190820241125.csv,PKRV190820241125.csv,.csv,1,TRUE,READY,,2026-09-28T20:26:13+00:00,AUTO_READY,No metadata anomaly detected.
1952,2024-08-20,2024,PKRV20082024,/Upload/WebDoc/IndustryStatictics/PKRV200820241130.csv,https://www.mufap.com.pk/Upload/WebDoc/IndustryStatictics/PKRV200820241130.csv,PKRV200820241130.csv,.csv,1,TRUE,READY,,2026-09-28T20:26:13+00:00,AUTO_READY,No metadata anomaly detected.
1955,2024-08-21,2024,PKRV21082024,/Upload/WebDoc/IndustryStatictics/PKRV210820241135.csv,https://www.mufap.com.pk/Upload/WebDoc/IndustryStatictics/PKRV210820241135.csv,PKRV210820241135.csv,.csv,1,TRUE,READY,,2026-09-28T20:26:13+00:00,AUTO_READY,No metadata anomaly detected.
1958,2024-08-22,2024,PKRV22082024,/Upload/WebDoc/IndustryStatictics/PKRV220820241141.csv,https://www.mufap.com.pk/Upload/WebDoc/IndustryStatictics/PKRV220820241141.csv,PKRV220820241141.csv,.csv,1,TRUE,READY,,2026-09-28T20:26:13+00:00,AUTO_READY,No metadata anomaly detected.
1961,2024-08-23,2024,PKRV23082024,/Upload/WebDoc/IndustryStatictics/PKRV230820241178.csv,https://www.mufap.com.pk/Upload/WebDoc/IndustryStatictics/PKRV230820241178.csv,PKRV230820241178.csv,.csv,1,TRUE,READY,,2026-09-28T20:26:13+00:00,AUTO_READY,No metadata anomaly detected.
1964,2024-08-26,2024,PKRV26082024,/Upload/WebDoc/IndustryStatictics/PKRV260820241189.csv,https://www.mufap.com.pk/Upload/WebDoc/IndustryStatictics/PKRV260820241189.csv,PKRV260820241189.csv,.csv,1,TRUE,READY,,2026-09-28T20:26:13+00:00,AUTO_READY,No metadata anomaly detected.
1967,2024-08-27,2024,PKRV27082024,/Upload/WebDoc/IndustryStatictics/PKRV270820241194.csv,https://www.mufap.com.pk/Upload/WebDoc/IndustryStatictics/PKRV270820241194.csv,PKRV270820241194.csv,.csv,1,TRUE,READY,,2026-09-28T20:26:13+00:00,AUTO_READY,No metadata anomaly detected.
1970,2024-08-28,2024,PKRV28082024,/Upload/WebDoc/IndustryStatictics/PKRV280820241200.csv,https://www.mufap.com.pk/Upload/WebDoc/IndustryStatictics/PKRV280820241200.csv,PKRV280820241200.csv,.csv,1,TRUE,READY,,2026-09-28T20:26:13+00:00,AUTO_READY,No metadata anomaly detected.
1973,2024-08-29,2024,PKRV29082024,/Upload/WebDoc/IndustryStatictics/PKRV290820241205.csv,https://www.mufap.com.pk/Upload/WebDoc/IndustryStatictics/PKRV290820241205.csv,PKRV290820241205.csv,.csv,1,TRUE,READY,,2026-09-28T20:26:13+00:00,AUTO_READY,No metadata anomaly detected.
1976,2024-08-30,2024,PKRV30082024,/Upload/WebDoc/IndustryStatictics/PKRV300820241211.csv,https://www.mufap.com.pk/Upload/WebDoc/IndustryStatictics/PKRV300820241211.csv,PKRV300820241211.csv,.csv,1,TRUE,READY,,2026-09-28T20:26:13+00:00,AUTO_READY,No metadata anomaly detected.
1980,2024-09-02,2024,PKRV02092024,/Upload/WebDoc/IndustryStatictics/PKRV02092024(REVISED)1226.csv,https://www.mufap.com.pk/Upload/WebDoc/IndustryStatictics/PKRV02092024(REVISED)1226.csv,PKRV02092024(REVISED)1226.csv,.csv,1,TRUE,READY,,2026-09-28T20:26:13+00:00,AUTO_READY,No metadata anomaly detected.
1982,2024-09-03,2024,PKRV03092024,/Upload/WebDoc/IndustryStatictics/PKRV030920241241.csv,https://www.mufap.com.pk/Upload/WebDoc/IndustryStatictics/PKRV030920241241.csv,PKRV030920241241.csv,.csv,1,TRUE,READY,,2026-09-28T20:26:13+00:00,AUTO_READY,No metadata anomaly detected.
1985,2024-09-04,2024,PKRV04092024,/Upload/WebDoc/IndustryStatictics/PKRV040920241246.csv,https://www.mufap.com.pk/Upload/WebDoc/IndustryStatictics/PKRV040920241246.csv,PKRV040920241246.csv,.csv,1,TRUE,READY,,2026-09-28T20:26:13+00:00,AUTO_READY,No metadata anomaly detected.
1988,2024-09-05,2024,PKRV05092024,/Upload/WebDoc/IndustryStatictics/PKRV050920241251.csv,https://www.mufap.com.pk/Upload/WebDoc/IndustryStatictics/PKRV050920241251.csv,PKRV050920241251.csv,.csv,1,TRUE,READY,,2026-09-28T20:26:13+00:00,AUTO_READY,No metadata anomaly detected.
1991,2024-09-06,2024,PKRV06092024,/Upload/WebDoc/IndustryStatictics/PKRV060920241258.csv,https://www.mufap.com.pk/Upload/WebDoc/IndustryStatictics/PKRV060920241258.csv,PKRV060920241258.csv,.csv,1,TRUE,READY,,2026-09-28T20:26:13+00:00,AUTO_READY,No metadata anomaly detected.
1994,2024-09-09,2024,PKRV09092024,/Upload/WebDoc/IndustryStatictics/PKRV090920241264.csv,https://www.mufap.com.pk/Upload/WebDoc/IndustryStatictics/PKRV090920241264.csv,PKRV090920241264.csv,.csv,1,TRUE,READY,,2026-09-28T20:26:13+00:00,AUTO_READY,No metadata anomaly detected.
1997,2024-09-10,2024,PKRV10092024,/Upload/WebDoc/IndustryStatictics/PKRV100920241269.csv,https://www.mufap.com.pk/Upload/WebDoc/IndustryStatictics/PKRV100920241269.csv,PKRV100920241269.csv,.csv,1,TRUE,READY,,2026-09-28T20:26:13+00:00,AUTO_READY,No metadata anomaly detected.
2000,2024-09-11,2024,PKRV11092024,/Upload/WebDoc/IndustryStatictics/PKRV110920241274.csv,https://www.mufap.com.pk/Upload/WebDoc/IndustryStatictics/PKRV110920241274.csv,PKRV110920241274.csv,.csv,1,TRUE,READY,,2026-09-28T20:26:13+00:00,AUTO_READY,No metadata anomaly detected.
2003,2024-09-12,2024,PKRV12092024,/Upload/WebDoc/IndustryStatictics/PKRV120920241298.csv,https://www.mufap.com.pk/Upload/WebDoc/IndustryStatictics/PKRV120920241298.csv,PKRV120920241298.csv,.csv,1,TRUE,READY,,2026-09-28T20:26:13+00:00,AUTO_READY,No metadata anomaly detected.
2006,2024-09-13,2024,PKRV13092024,/Upload/WebDoc/IndustryStatictics/PKRV130920241303.csv,https://www.mufap.com.pk/Upload/WebDoc/IndustryStatictics/PKRV130920241303.csv,PKRV130920241303.csv,.csv,1,TRUE,READY,,2026-09-28T20:26:13+00:00,AUTO_READY,No metadata anomaly detected.
2008,2024-09-16,2024,PKRV16092024,/Upload/WebDoc/IndustryStatictics/PKRV160920241307.csv,https://www.mufap.com.pk/Upload/WebDoc/IndustryStatictics/PKRV160920241307.csv,PKRV160920241307.csv,.csv,1,TRUE,READY,,2026-09-28T20:26:13+00:00,AUTO_READY,No metadata anomaly detected.
2011,2024-09-18,2024,PKRV18092024,/Upload/WebDoc/IndustryStatictics/PKRV180920241312.csv,https://www.mufap.com.pk/Upload/WebDoc/IndustryStatictics/PKRV180920241312.csv,PKRV180920241312.csv,.csv,1,TRUE,READY,,2026-09-28T20:26:13+00:00,AUTO_READY,No metadata anomaly detected.
2015,2024-09-19,2024,PKRV19092024,/Upload/WebDoc/IndustryStatictics/PKRV190920241318.csv,https://www.mufap.com.pk/Upload/WebDoc/IndustryStatictics/PKRV190920241318.csv,PKRV190920241318.csv,.csv,1,TRUE,READY,,2026-09-28T20:26:13+00:00,AUTO_READY,No metadata anomaly detected.
2017,2024-09-20,2024,PKRV20092024,/Upload/WebDoc/IndustryStatictics/PKRV200920241322.csv,https://www.mufap.com.pk/Upload/WebDoc/IndustryStatictics/PKRV200920241322.csv,PKRV200920241322.csv,.csv,1,TRUE,READY,,2026-09-28T20:26:13+00:00,AUTO_READY,No metadata anomaly detected.
2021,2024-09-23,2024,PKRV23092024,/Upload/WebDoc/IndustryStatictics/PKRV230920241328.csv,https://www.mufap.com.pk/Upload/WebDoc/IndustryStatictics/PKRV230920241328.csv,PKRV230920241328.csv,.csv,2,TRUE,REVIEW,DUPLICATE_OBSERVATION_DATE,2026-09-28T20:26:13+00:00,ANOMALY_RESOLUTION,Canonical 20-tenor PKRV CSV for 2024-09-23.
2023,2024-09-24,2024,PKRV24092024,/Upload/WebDoc/IndustryStatictics/PKRV240920241332.csv,https://www.mufap.com.pk/Upload/WebDoc/IndustryStatictics/PKRV240920241332.csv,PKRV240920241332.csv,.csv,1,TRUE,READY,,2026-09-28T20:26:13+00:00,AUTO_READY,No metadata anomaly detected.
2026,2024-09-25,2024,PKRV25092024,/Upload/WebDoc/IndustryStatictics/PKRV250920241337.csv,https://www.mufap.com.pk/Upload/WebDoc/IndustryStatictics/PKRV250920241337.csv,PKRV250920241337.csv,.csv,1,TRUE,READY,,2026-09-28T20:26:13+00:00,AUTO_READY,No metadata anomaly detected.
2029,2024-09-26,2024,PKRV26092024,/Upload/WebDoc/IndustryStatictics/PKRV260920241346.csv,https://www.mufap.com.pk/Upload/WebDoc/IndustryStatictics/PKRV260920241346.csv,PKRV260920241346.csv,.csv,1,TRUE,READY,,2026-09-28T20:26:13+00:00,AUTO_READY,No metadata anomaly detected.
2034,2024-09-27,2024,PKRV27092024,/Upload/WebDoc/IndustryStatictics/PKRV270920241354.csv,https://www.mufap.com.pk/Upload/WebDoc/IndustryStatictics/PKRV270920241354.csv,PKRV270920241354.csv,.csv,1,TRUE,READY,,2026-09-28T20:26:13+00:00,AUTO_READY,No metadata anomaly detected.
2037,2024-09-30,2024,PKRV30092024,/Upload/WebDoc/IndustryStatictics/PKRV300920241359.csv,https://www.mufap.com.pk/Upload/WebDoc/IndustryStatictics/PKRV300920241359.csv,PKRV300920241359.csv,.csv,1,TRUE,READY,,2026-09-28T20:26:13+00:00,AUTO_READY,No metadata anomaly detected.
2040,2024-10-01,2024,PKRV01102024,/Upload/WebDoc/IndustryStatictics/PKRV011020241363.csv,https://www.mufap.com.pk/Upload/WebDoc/IndustryStatictics/PKRV011020241363.csv,PKRV011020241363.csv,.csv,1,TRUE,READY,,2026-09-28T20:26:13+00:00,AUTO_READY,No metadata anomaly detected.
2043,2024-10-02,2024,PKRV02102024,/Upload/WebDoc/IndustryStatictics/PKRV021020241368.csv,https://www.mufap.com.pk/Upload/WebDoc/IndustryStatictics/PKRV021020241368.csv,PKRV021020241368.csv,.csv,1,TRUE,READY,,2026-09-28T20:26:13+00:00,AUTO_READY,No metadata anomaly detected.
2046,2024-10-03,2024,PKRV03102024,/Upload/WebDoc/IndustryStatictics/PKRV031020241372.csv,https://www.mufap.com.pk/Upload/WebDoc/IndustryStatictics/PKRV031020241372.csv,PKRV031020241372.csv,.csv,1,TRUE,READY,,2026-09-28T20:26:13+00:00,AUTO_READY,No metadata anomaly detected.
2049,2024-10-04,2024,PKRV04102024,/Upload/WebDoc/IndustryStatictics/PKRV041020241376.csv,https://www.mufap.com.pk/Upload/WebDoc/IndustryStatictics/PKRV041020241376.csv,PKRV041020241376.csv,.csv,1,TRUE,READY,,2026-09-28T20:26:13+00:00,AUTO_READY,No metadata anomaly detected.
2053,2024-10-07,2024,PKRV07102024,/Upload/WebDoc/IndustryStatictics/PKRV071020241384.csv,https://www.mufap.com.pk/Upload/WebDoc/IndustryStatictics/PKRV071020241384.csv,PKRV071020241384.csv,.csv,1,TRUE,READY,,2026-09-28T20:26:13+00:00,AUTO_READY,No metadata anomaly detected.
2055,2024-10-08,2024,PKRV08102024,/Upload/WebDoc/IndustryStatictics/PKRV081020241387.csv,https://www.mufap.com.pk/Upload/WebDoc/IndustryStatictics/PKRV081020241387.csv,PKRV081020241387.csv,.csv,1,TRUE,READY,,2026-09-28T20:26:13+00:00,AUTO_READY,No metadata anomaly detected.
2058,2024-10-09,2024,PKRV09102024,/Upload/WebDoc/IndustryStatictics/PKRV091020241393.csv,https://www.mufap.com.pk/Upload/WebDoc/IndustryStatictics/PKRV091020241393.csv,PKRV091020241393.csv,.csv,1,TRUE,READY,,2026-09-28T20:26:13+00:00,AUTO_READY,No metadata anomaly detected.
2060,2024-10-10,2024,PKRV10102024,/Upload/WebDoc/IndustryStatictics/PKRV101020241407.csv,https://www.mufap.com.pk/Upload/WebDoc/IndustryStatictics/PKRV101020241407.csv,PKRV101020241407.csv,.csv,1,TRUE,READY,,2026-09-28T20:26:13+00:00,AUTO_READY,No metadata anomaly detected.
2064,2024-10-11,2024,PKRV11102024,/Upload/WebDoc/IndustryStatictics/PKRV111020241479.csv,https://www.mufap.com.pk/Upload/WebDoc/IndustryStatictics/PKRV111020241479.csv,PKRV111020241479.csv,.csv,1,TRUE,READY,,2026-09-28T20:26:13+00:00,AUTO_READY,No metadata anomaly detected.
2067,2024-10-14,2024,PKRV14102024,/Upload/WebDoc/IndustryStatictics/PKRV141020241609.csv,https://www.mufap.com.pk/Upload/WebDoc/IndustryStatictics/PKRV141020241609.csv,PKRV141020241609.csv,.csv,1,TRUE,READY,,2026-09-28T20:26:13+00:00,AUTO_READY,No metadata anomaly detected.
2069,2024-10-15,2024,PKRV15102024,/Upload/WebDoc/IndustryStatictics/PKRV151020241679.csv,https://www.mufap.com.pk/Upload/WebDoc/IndustryStatictics/PKRV151020241679.csv,PKRV151020241679.csv,.csv,1,TRUE,READY,,2026-09-28T20:26:13+00:00,AUTO_READY,No metadata anomaly detected.
2073,2024-10-16,2024,PKRV16102024,/Upload/WebDoc/IndustryStatictics/PKRV161020241685.csv,https://www.mufap.com.pk/Upload/WebDoc/IndustryStatictics/PKRV161020241685.csv,PKRV161020241685.csv,.csv,1,TRUE,READY,,2026-09-28T20:26:13+00:00,AUTO_READY,No metadata anomaly detected.
2076,2024-10-17,2024,PKRV17102024,/Upload/WebDoc/IndustryStatictics/PKRV171020241788.csv,https://www.mufap.com.pk/Upload/WebDoc/IndustryStatictics/PKRV171020241788.csv,PKRV171020241788.csv,.csv,1,TRUE,READY,,2026-09-28T20:26:13+00:00,AUTO_READY,No metadata anomaly detected.
2079,2024-10-18,2024,PKRV18102024,/Upload/WebDoc/IndustryStatictics/PKRV181020241797.csv,https://www.mufap.com.pk/Upload/WebDoc/IndustryStatictics/PKRV181020241797.csv,PKRV181020241797.csv,.csv,1,TRUE,READY,,2026-09-28T20:26:13+00:00,AUTO_READY,No metadata anomaly detected.
2081,2024-10-21,2024,PKRV21102024,/Upload/WebDoc/IndustryStatictics/PKRV211020241841.csv,https://www.mufap.com.pk/Upload/WebDoc/IndustryStatictics/PKRV211020241841.csv,PKRV211020241841.csv,.csv,1,TRUE,READY,,2026-09-28T20:26:13+00:00,AUTO_READY,No metadata anomaly detected.
2084,2024-10-22,2024,PKRV22102024,/Upload/WebDoc/IndustryStatictics/PKRV221020241847.csv,https://www.mufap.com.pk/Upload/WebDoc/IndustryStatictics/PKRV221020241847.csv,PKRV221020241847.csv,.csv,1,TRUE,READY,,2026-09-28T20:26:13+00:00,AUTO_READY,No metadata anomaly detected.
2088,2024-10-23,2024,PKRV23102024,/Upload/WebDoc/IndustryStatictics/PKRV231020241853.csv,https://www.mufap.com.pk/Upload/WebDoc/IndustryStatictics/PKRV231020241853.csv,PKRV231020241853.csv,.csv,1,TRUE,READY,,2026-09-28T20:26:13+00:00,AUTO_READY,No metadata anomaly detected.
2091,2024-10-24,2024,PKRV24102024,/Upload/WebDoc/IndustryStatictics/PKRV241020241858.csv,https://www.mufap.com.pk/Upload/WebDoc/IndustryStatictics/PKRV241020241858.csv,PKRV241020241858.csv,.csv,1,TRUE,READY,,2026-09-28T20:26:13+00:00,AUTO_READY,No metadata anomaly detected.
2094,2024-10-25,2024,PKRV25102024,/Upload/WebDoc/IndustryStatictics/PKRV251020241863.csv,https://www.mufap.com.pk/Upload/WebDoc/IndustryStatictics/PKRV251020241863.csv,PKRV251020241863.csv,.csv,1,TRUE,READY,,2026-09-28T20:26:13+00:00,AUTO_READY,No metadata anomaly detected.
2098,2024-10-28,2024,PKRV28102024,/Upload/WebDoc/IndustryStatictics/PKRV281020241869.csv,https://www.mufap.com.pk/Upload/WebDoc/IndustryStatictics/PKRV281020241869.csv,PKRV281020241869.csv,.csv,1,TRUE,READY,,2026-09-28T20:26:13+00:00,AUTO_READY,No metadata anomaly detected.
2100,2024-10-29,2024,PKRV29102024,/Upload/WebDoc/IndustryStatictics/PKRV291020241876.csv,https://www.mufap.com.pk/Upload/WebDoc/IndustryStatictics/PKRV291020241876.csv,PKRV291020241876.csv,.csv,1,TRUE,READY,,2026-09-28T20:26:13+00:00,AUTO_READY,No metadata anomaly detected.
2103,2024-10-30,2024,PKRV30102024,/Upload/WebDoc/IndustryStatictics/PKRV301020241882.csv,https://www.mufap.com.pk/Upload/WebDoc/IndustryStatictics/PKRV301020241882.csv,PKRV301020241882.csv,.csv,1,TRUE,READY,,2026-09-28T20:26:13+00:00,AUTO_READY,No metadata anomaly detected.
2105,2024-10-31,2024,PKRV31102024,/Upload/WebDoc/IndustryStatictics/PKRV311020241886.csv,https://www.mufap.com.pk/Upload/WebDoc/IndustryStatictics/PKRV311020241886.csv,PKRV311020241886.csv,.csv,1,TRUE,READY,,2026-09-28T20:26:13+00:00,AUTO_READY,No metadata anomaly detected.
2108,2024-11-01,2024,PKRV01112024,/Upload/WebDoc/IndustryStatictics/PKRV011120241892.csv,https://www.mufap.com.pk/Upload/WebDoc/IndustryStatictics/PKRV011120241892.csv,PKRV011120241892.csv,.csv,1,TRUE,READY,,2026-09-28T20:26:13+00:00,AUTO_READY,No metadata anomaly detected.
2111,2024-11-04,2024,PKRV04112024,/Upload/WebDoc/IndustryStatictics/PKRV041120241896.csv,https://www.mufap.com.pk/Upload/WebDoc/IndustryStatictics/PKRV041120241896.csv,PKRV041120241896.csv,.csv,1,TRUE,READY,,2026-09-28T20:26:13+00:00,AUTO_READY,No metadata anomaly detected.
2114,2024-11-05,2024,PKRV05112024,/Upload/WebDoc/IndustryStatictics/PKRV051120242005.csv,https://www.mufap.com.pk/Upload/WebDoc/IndustryStatictics/PKRV051120242005.csv,PKRV051120242005.csv,.csv,1,TRUE,READY,,2026-09-28T20:26:13+00:00,AUTO_READY,No metadata anomaly detected.
2117,2024-11-06,2024,PKRV06112024,/Upload/WebDoc/IndustryStatictics/PKRV061120242031.csv,https://www.mufap.com.pk/Upload/WebDoc/IndustryStatictics/PKRV061120242031.csv,PKRV061120242031.csv,.csv,1,TRUE,READY,,2026-09-28T20:26:13+00:00,AUTO_READY,No metadata anomaly detected.
2120,2024-11-07,2024,PKRV07112024,/Upload/WebDoc/IndustryStatictics/PKRV071120242036.csv,https://www.mufap.com.pk/Upload/WebDoc/IndustryStatictics/PKRV071120242036.csv,PKRV071120242036.csv,.csv,1,TRUE,READY,,2026-09-28T20:26:13+00:00,AUTO_READY,No metadata anomaly detected.
2123,2024-11-08,2024,PKRV08112024,/Upload/WebDoc/IndustryStatictics/PKRV081120242163.csv,https://www.mufap.com.pk/Upload/WebDoc/IndustryStatictics/PKRV081120242163.csv,PKRV081120242163.csv,.csv,1,TRUE,READY,,2026-09-28T20:26:13+00:00,AUTO_READY,No metadata anomaly detected.
2127,2024-11-11,2024,PKRV11112024,/Upload/WebDoc/IndustryStatictics/PKRV111120242171.csv,https://www.mufap.com.pk/Upload/WebDoc/IndustryStatictics/PKRV111120242171.csv,PKRV111120242171.csv,.csv,1,TRUE,READY,,2026-09-28T20:26:13+00:00,AUTO_READY,No metadata anomaly detected.
2129,2024-11-12,2024,PKRV12112024,/Upload/WebDoc/IndustryStatictics/PKRV121120242175.csv,https://www.mufap.com.pk/Upload/WebDoc/IndustryStatictics/PKRV121120242175.csv,PKRV121120242175.csv,.csv,1,TRUE,READY,,2026-09-28T20:26:13+00:00,AUTO_READY,No metadata anomaly detected.
2132,2024-11-13,2024,PKRV13112024,/Upload/WebDoc/IndustryStatictics/PKRV131120242180.csv,https://www.mufap.com.pk/Upload/WebDoc/IndustryStatictics/PKRV131120242180.csv,PKRV131120242180.csv,.csv,1,TRUE,READY,,2026-09-28T20:26:13+00:00,AUTO_READY,No metadata anomaly detected.
2135,2024-11-14,2024,PKRV14112024,/Upload/WebDoc/IndustryStatictics/PKRV141120242188.csv,https://www.mufap.com.pk/Upload/WebDoc/IndustryStatictics/PKRV141120242188.csv,PKRV141120242188.csv,.csv,1,TRUE,READY,,2026-09-28T20:26:13+00:00,AUTO_READY,No metadata anomaly detected.
2138,2024-11-15,2024,PKRV15112024,/Upload/WebDoc/IndustryStatictics/PKRV151120242193.csv,https://www.mufap.com.pk/Upload/WebDoc/IndustryStatictics/PKRV151120242193.csv,PKRV151120242193.csv,.csv,1,TRUE,READY,,2026-09-28T20:26:13+00:00,AUTO_READY,No metadata anomaly detected.
2141,2024-11-18,2024,PKRV18112024,/Upload/WebDoc/IndustryStatictics/PKRV181120242199.csv,https://www.mufap.com.pk/Upload/WebDoc/IndustryStatictics/PKRV181120242199.csv,PKRV181120242199.csv,.csv,1,TRUE,READY,,2026-09-28T20:26:13+00:00,AUTO_READY,No metadata anomaly detected.
2144,2024-11-19,2024,PKRV19112024,/Upload/WebDoc/IndustryStatictics/PKRV191120242205.csv,https://www.mufap.com.pk/Upload/WebDoc/IndustryStatictics/PKRV191120242205.csv,PKRV191120242205.csv,.csv,1,TRUE,READY,,2026-09-28T20:26:13+00:00,AUTO_READY,No metadata anomaly detected.
2147,2024-11-20,2024,PKRV20112024,/Upload/WebDoc/IndustryStatictics/PKRV201120242211.csv,https://www.mufap.com.pk/Upload/WebDoc/IndustryStatictics/PKRV201120242211.csv,PKRV201120242211.csv,.csv,1,TRUE,READY,,2026-09-28T20:26:13+00:00,AUTO_READY,No metadata anomaly detected.
2150,2024-11-21,2024,PKRV21112024,/Upload/WebDoc/IndustryStatictics/PKRV211120242235.csv,https://www.mufap.com.pk/Upload/WebDoc/IndustryStatictics/PKRV211120242235.csv,PKRV211120242235.csv,.csv,1,TRUE,READY,,2026-09-28T20:26:13+00:00,AUTO_READY,No metadata anomaly detected.
2153,2024-11-22,2024,PKRV22112024,/Upload/WebDoc/IndustryStatictics/PKRV221120242426.csv,https://www.mufap.com.pk/Upload/WebDoc/IndustryStatictics/PKRV221120242426.csv,PKRV221120242426.csv,.csv,1,TRUE,READY,,2026-09-28T20:26:13+00:00,AUTO_READY,No metadata anomaly detected.
2156,2024-11-25,2024,PKRV25112024,/Upload/WebDoc/IndustryStatictics/PKRV251120242535.csv,https://www.mufap.com.pk/Upload/WebDoc/IndustryStatictics/PKRV251120242535.csv,PKRV251120242535.csv,.csv,1,TRUE,READY,,2026-09-28T20:26:13+00:00,AUTO_READY,No metadata anomaly detected.
2159,2024-11-26,2024,PKRV26112024,/Upload/WebDoc/IndustryStatictics/PKRV261120242599.csv,https://www.mufap.com.pk/Upload/WebDoc/IndustryStatictics/PKRV261120242599.csv,PKRV261120242599.csv,.csv,1,TRUE,READY,,2026-09-28T20:26:13+00:00,AUTO_READY,No metadata anomaly detected.
2162,2024-11-27,2024,PKRV27112024,/Upload/WebDoc/IndustryStatictics/PKRV271120242792.csv,https://www.mufap.com.pk/Upload/WebDoc/IndustryStatictics/PKRV271120242792.csv,PKRV271120242792.csv,.csv,1,TRUE,READY,,2026-09-28T20:26:13+00:00,AUTO_READY,No metadata anomaly detected.
2167,2024-11-28,2024,PKRV28112024,/Upload/WebDoc/IndustryStatictics/PKRV281120242813.csv,https://www.mufap.com.pk/Upload/WebDoc/IndustryStatictics/PKRV281120242813.csv,PKRV281120242813.csv,.csv,1,TRUE,READY,,2026-09-28T20:26:13+00:00,AUTO_READY,No metadata anomaly detected.
2168,2024-11-29,2024,PKRV29112024,/Upload/WebDoc/IndustryStatictics/PKRV291120242907.csv,https://www.mufap.com.pk/Upload/WebDoc/IndustryStatictics/PKRV291120242907.csv,PKRV291120242907.csv,.csv,1,TRUE,READY,,2026-09-28T20:26:13+00:00,AUTO_READY,No metadata anomaly detected.
2171,2024-12-02,2024,PKRV02122024,/Upload/WebDoc/IndustryStatictics/PKRV021220242913.csv,https://www.mufap.com.pk/Upload/WebDoc/IndustryStatictics/PKRV021220242913.csv,PKRV021220242913.csv,.csv,1,TRUE,READY,,2026-09-28T20:26:13+00:00,AUTO_READY,No metadata anomaly detected.
2174,2024-12-03,2024,PKRV03122024,/Upload/WebDoc/IndustryStatictics/PKRV031220242917.csv,https://www.mufap.com.pk/Upload/WebDoc/IndustryStatictics/PKRV031220242917.csv,PKRV031220242917.csv,.csv,1,TRUE,READY,,2026-09-28T20:26:13+00:00,AUTO_READY,No metadata anomaly detected.
2177,2024-12-04,2024,PKRV04122024,/Upload/WebDoc/IndustryStatictics/PKRV041220242921.csv,https://www.mufap.com.pk/Upload/WebDoc/IndustryStatictics/PKRV041220242921.csv,PKRV041220242921.csv,.csv,1,TRUE,READY,,2026-09-28T20:26:13+00:00,AUTO_READY,No metadata anomaly detected.
2180,2024-12-05,2024,PKRV05122024,/Upload/WebDoc/IndustryStatictics/PKRV051220242945.csv,https://www.mufap.com.pk/Upload/WebDoc/IndustryStatictics/PKRV051220242945.csv,PKRV051220242945.csv,.csv,1,TRUE,READY,,2026-09-28T20:26:13+00:00,AUTO_READY,No metadata anomaly detected.
2183,2024-12-06,2024,PKRV06122024,/Upload/WebDoc/IndustryStatictics/PKRV061220242950.csv,https://www.mufap.com.pk/Upload/WebDoc/IndustryStatictics/PKRV061220242950.csv,PKRV061220242950.csv,.csv,1,TRUE,READY,,2026-09-28T20:26:13+00:00,AUTO_READY,No metadata anomaly detected.
2186,2024-12-09,2024,PKRV09122024,/Upload/WebDoc/IndustryStatictics/PKRV091220242966.csv,https://www.mufap.com.pk/Upload/WebDoc/IndustryStatictics/PKRV091220242966.csv,PKRV091220242966.csv,.csv,1,TRUE,READY,,2026-09-28T20:26:13+00:00,AUTO_READY,No metadata anomaly detected.
2189,2024-12-10,2024,PKRV10122024,/Upload/WebDoc/IndustryStatictics/PKRV101220242972.csv,https://www.mufap.com.pk/Upload/WebDoc/IndustryStatictics/PKRV101220242972.csv,PKRV101220242972.csv,.csv,1,TRUE,READY,,2026-09-28T20:26:13+00:00,AUTO_READY,No metadata anomaly detected.
2192,2024-12-11,2024,PKRV11122024,/Upload/WebDoc/IndustryStatictics/PKRV111220242976.csv,https://www.mufap.com.pk/Upload/WebDoc/IndustryStatictics/PKRV111220242976.csv,PKRV111220242976.csv,.csv,1,TRUE,READY,,2026-09-28T20:26:13+00:00,AUTO_READY,No metadata anomaly detected.
2196,2024-12-12,2024,PKRV12122024,/Upload/WebDoc/IndustryStatictics/PKRV121220242994.csv,https://www.mufap.com.pk/Upload/WebDoc/IndustryStatictics/PKRV121220242994.csv,PKRV121220242994.csv,.csv,1,TRUE,READY,,2026-09-28T20:26:13+00:00,AUTO_READY,No metadata anomaly detected.
2199,2024-12-13,2024,PKRV13122024,/Upload/WebDoc/IndustryStatictics/PKRV131220243012.csv,https://www.mufap.com.pk/Upload/WebDoc/IndustryStatictics/PKRV131220243012.csv,PKRV131220243012.csv,.csv,1,TRUE,READY,,2026-09-28T20:26:13+00:00,AUTO_READY,No metadata anomaly detected.
2202,2024-12-16,2024,PKRV16122024,/Upload/WebDoc/IndustryStatictics/PKRV161220243017.csv,https://www.mufap.com.pk/Upload/WebDoc/IndustryStatictics/PKRV161220243017.csv,PKRV161220243017.csv,.csv,1,TRUE,READY,,2026-09-28T20:26:13+00:00,AUTO_READY,No metadata anomaly detected.
2205,2024-12-17,2024,PKRV17122024,/Upload/WebDoc/IndustryStatictics/PKRV171220243024.csv,https://www.mufap.com.pk/Upload/WebDoc/IndustryStatictics/PKRV171220243024.csv,PKRV171220243024.csv,.csv,1,TRUE,READY,,2026-09-28T20:26:13+00:00,AUTO_READY,No metadata anomaly detected.
2208,2024-12-18,2024,PKRV18122024,/Upload/WebDoc/IndustryStatictics/PKRV181220243030.csv,https://www.mufap.com.pk/Upload/WebDoc/IndustryStatictics/PKRV181220243030.csv,PKRV181220243030.csv,.csv,1,TRUE,READY,,2026-09-28T20:26:13+00:00,AUTO_READY,No metadata anomaly detected.
2211,2024-12-19,2024,PKRV19122024,/Upload/WebDoc/IndustryStatictics/PKRV191220243035.csv,https://www.mufap.com.pk/Upload/WebDoc/IndustryStatictics/PKRV191220243035.csv,PKRV191220243035.csv,.csv,1,TRUE,READY,,2026-09-28T20:26:13+00:00,AUTO_READY,No metadata anomaly detected.
2214,2024-12-20,2024,PKRV20122024,/Upload/WebDoc/IndustryStatictics/PKRV201220243040.csv,https://www.mufap.com.pk/Upload/WebDoc/IndustryStatictics/PKRV201220243040.csv,PKRV201220243040.csv,.csv,1,TRUE,READY,,2026-09-28T20:26:13+00:00,AUTO_READY,No metadata anomaly detected.
2217,2024-12-23,2024,PKRV23122024,/Upload/WebDoc/IndustryStatictics/PKRV231220243045.csv,https://www.mufap.com.pk/Upload/WebDoc/IndustryStatictics/PKRV231220243045.csv,PKRV231220243045.csv,.csv,1,TRUE,READY,,2026-09-28T20:26:13+00:00,AUTO_READY,No metadata anomaly detected.
2220,2024-12-24,2024,PKRV24122024,/Upload/WebDoc/IndustryStatictics/PKRV241220243050.csv,https://www.mufap.com.pk/Upload/WebDoc/IndustryStatictics/PKRV241220243050.csv,PKRV241220243050.csv,.csv,1,TRUE,READY,,2026-09-28T20:26:13+00:00,AUTO_READY,No metadata anomaly detected.
2223,2024-12-26,2024,PKRV26122024,/Upload/WebDoc/IndustryStatictics/PKRV261220243055.csv,https://www.mufap.com.pk/Upload/WebDoc/IndustryStatictics/PKRV261220243055.csv,PKRV261220243055.csv,.csv,1,TRUE,READY,,2026-09-28T20:26:13+00:00,AUTO_READY,No metadata anomaly detected.
2226,2024-12-27,2024,PKRV27122024,/Upload/WebDoc/IndustryStatictics/PKRV271220243060.csv,https://www.mufap.com.pk/Upload/WebDoc/IndustryStatictics/PKRV271220243060.csv,PKRV271220243060.csv,.csv,1,TRUE,READY,,2026-09-28T20:26:13+00:00,AUTO_READY,No metadata anomaly detected.
2229,2024-12-30,2024,PKRV30122024,/Upload/WebDoc/IndustryStatictics/PKRV301220243065.csv,https://www.mufap.com.pk/Upload/WebDoc/IndustryStatictics/PKRV301220243065.csv,PKRV301220243065.csv,.csv,1,TRUE,READY,,2026-09-28T20:26:13+00:00,AUTO_READY,No metadata anomaly detected.
2232,2024-12-31,2024,PKRV31122024,/Upload/WebDoc/IndustryStatictics/PKRV311220243071.csv,https://www.mufap.com.pk/Upload/WebDoc/IndustryStatictics/PKRV311220243071.csv,PKRV311220243071.csv,.csv,1,TRUE,READY,,2026-09-28T20:26:13+00:00,AUTO_READY,No metadata anomaly detected.
2235,2025-01-02,2025,PKRV02012025,/Upload/WebDoc/IndustryStatictics/PKRV020120253079.csv,https://www.mufap.com.pk/Upload/WebDoc/IndustryStatictics/PKRV020120253079.csv,PKRV020120253079.csv,.csv,1,TRUE,READY,,2026-09-28T20:26:13+00:00,AUTO_READY,No metadata anomaly detected.
2238,2025-01-03,2025,PKRV03012025,/Upload/WebDoc/IndustryStatictics/PKRV030120253088.csv,https://www.mufap.com.pk/Upload/WebDoc/IndustryStatictics/PKRV030120253088.csv,PKRV030120253088.csv,.csv,1,TRUE,READY,,2026-09-28T20:26:13+00:00,AUTO_READY,No metadata anomaly detected.
2244,2025-01-06,2025,PKRV06012025,/Upload/WebDoc/IndustryStatictics/PKRV060120253224.csv,https://www.mufap.com.pk/Upload/WebDoc/IndustryStatictics/PKRV060120253224.csv,PKRV060120253224.csv,.csv,2,TRUE,REVIEW,DUPLICATE_OBSERVATION_DATE,2026-09-28T20:26:13+00:00,ANOMALY_RESOLUTION,HTTP 200 canonical 20-tenor PKRV CSV for 2025-01-06.
2245,2025-01-07,2025,PKRV07012025,/Upload/WebDoc/IndustryStatictics/PKRV070120253096.csv,https://www.mufap.com.pk/Upload/WebDoc/IndustryStatictics/PKRV070120253096.csv,PKRV070120253096.csv,.csv,1,TRUE,READY,,2026-09-28T20:26:13+00:00,AUTO_READY,No metadata anomaly detected.
2248,2025-01-08,2025,PKRV08012025,/Upload/WebDoc/IndustryStatictics/PKRV080120253100.csv,https://www.mufap.com.pk/Upload/WebDoc/IndustryStatictics/PKRV080120253100.csv,PKRV080120253100.csv,.csv,1,TRUE,READY,,2026-09-28T20:26:13+00:00,AUTO_READY,No metadata anomaly detected.
2251,2025-01-09,2025,PKRV09012025,/Upload/WebDoc/IndustryStatictics/PKRV090120253105.csv,https://www.mufap.com.pk/Upload/WebDoc/IndustryStatictics/PKRV090120253105.csv,PKRV090120253105.csv,.csv,1,TRUE,READY,,2026-09-28T20:26:13+00:00,AUTO_READY,No metadata anomaly detected.
2254,2025-01-10,2025,PKRV10012025,/Upload/WebDoc/IndustryStatictics/PKRV100120253110.csv,https://www.mufap.com.pk/Upload/WebDoc/IndustryStatictics/PKRV100120253110.csv,PKRV100120253110.csv,.csv,1,TRUE,READY,,2026-09-28T20:26:13+00:00,AUTO_READY,No metadata anomaly detected.
2257,2025-01-13,2025,PKRV13012025,/Upload/WebDoc/IndustryStatictics/PKRV130120253115.csv,https://www.mufap.com.pk/Upload/WebDoc/IndustryStatictics/PKRV130120253115.csv,PKRV130120253115.csv,.csv,1,TRUE,READY,,2026-09-28T20:26:13+00:00,AUTO_READY,No metadata anomaly detected.
2260,2025-01-14,2025,PKRV14012025,/Upload/WebDoc/IndustryStatictics/PKRV140120253120.csv,https://www.mufap.com.pk/Upload/WebDoc/IndustryStatictics/PKRV140120253120.csv,PKRV140120253120.csv,.csv,1,TRUE,READY,,2026-09-28T20:26:13+00:00,AUTO_READY,No metadata anomaly detected.
2263,2025-01-15,2025,PKRV15012025,/Upload/WebDoc/IndustryStatictics/PKRV150120253125.csv,https://www.mufap.com.pk/Upload/WebDoc/IndustryStatictics/PKRV150120253125.csv,PKRV150120253125.csv,.csv,1,TRUE,READY,,2026-09-28T20:26:13+00:00,AUTO_READY,No metadata anomaly detected.
2266,2025-01-16,2025,PKRV16012025,/Upload/WebDoc/IndustryStatictics/PKRV160120253130.csv,https://www.mufap.com.pk/Upload/WebDoc/IndustryStatictics/PKRV160120253130.csv,PKRV160120253130.csv,.csv,1,TRUE,READY,,2026-09-28T20:26:13+00:00,AUTO_READY,No metadata anomaly detected.
2269,2025-01-17,2025,PKRV17012025,/Upload/WebDoc/IndustryStatictics/PKRV170120253135.csv,https://www.mufap.com.pk/Upload/WebDoc/IndustryStatictics/PKRV170120253135.csv,PKRV170120253135.csv,.csv,1,TRUE,READY,,2026-09-28T20:26:13+00:00,AUTO_READY,No metadata anomaly detected.
2272,2025-01-20,2025,PKRV20012025,/Upload/WebDoc/IndustryStatictics/PKRV200120253140.csv,https://www.mufap.com.pk/Upload/WebDoc/IndustryStatictics/PKRV200120253140.csv,PKRV200120253140.csv,.csv,1,TRUE,READY,,2026-09-28T20:26:13+00:00,AUTO_READY,No metadata anomaly detected.
2275,2025-01-21,2025,PKRV21012025,/Upload/WebDoc/IndustryStatictics/PKRV210120253146.csv,https://www.mufap.com.pk/Upload/WebDoc/IndustryStatictics/PKRV210120253146.csv,PKRV210120253146.csv,.csv,1,TRUE,READY,,2026-09-28T20:26:13+00:00,AUTO_READY,No metadata anomaly detected.
2278,2025-01-22,2025,PKRV22012025,/Upload/WebDoc/IndustryStatictics/PKRV220120253151.csv,https://www.mufap.com.pk/Upload/WebDoc/IndustryStatictics/PKRV220120253151.csv,PKRV220120253151.csv,.csv,1,TRUE,READY,,2026-09-28T20:26:13+00:00,AUTO_READY,No metadata anomaly detected.
2281,2025-01-23,2025,PKRV23012025,/Upload/WebDoc/IndustryStatictics/PKRV230120253156.csv,https://www.mufap.com.pk/Upload/WebDoc/IndustryStatictics/PKRV230120253156.csv,PKRV230120253156.csv,.csv,1,TRUE,READY,,2026-09-28T20:26:13+00:00,AUTO_READY,No metadata anomaly detected.
2284,2025-01-24,2025,PKRV24012025,/Upload/WebDoc/IndustryStatictics/PKRV240120253162.csv,https://www.mufap.com.pk/Upload/WebDoc/IndustryStatictics/PKRV240120253162.csv,PKRV240120253162.csv,.csv,1,TRUE,READY,,2026-09-28T20:26:13+00:00,AUTO_READY,No metadata anomaly detected.
2287,2025-01-27,2025,PKRV27012025,/Upload/WebDoc/IndustryStatictics/PKRV270120253167.csv,https://www.mufap.com.pk/Upload/WebDoc/IndustryStatictics/PKRV270120253167.csv,PKRV270120253167.csv,.csv,1,TRUE,READY,,2026-09-28T20:26:13+00:00,AUTO_READY,No metadata anomaly detected.
2290,2025-01-28,2025,PKRV28012025,/Upload/WebDoc/IndustryStatictics/PKRV280120253172.csv,https://www.mufap.com.pk/Upload/WebDoc/IndustryStatictics/PKRV280120253172.csv,PKRV280120253172.csv,.csv,1,TRUE,READY,,2026-09-28T20:26:13+00:00,AUTO_READY,No metadata anomaly detected.
2293,2025-01-29,2025,PKRV29012025,/Upload/WebDoc/IndustryStatictics/PKRV290120253177.csv,https://www.mufap.com.pk/Upload/WebDoc/IndustryStatictics/PKRV290120253177.csv,PKRV290120253177.csv,.csv,1,TRUE,READY,,2026-09-28T20:26:13+00:00,AUTO_READY,No metadata anomaly detected.
2296,2025-01-30,2025,PKRV30012025,/Upload/WebDoc/IndustryStatictics/PKRV300120253182.csv,https://www.mufap.com.pk/Upload/WebDoc/IndustryStatictics/PKRV300120253182.csv,PKRV300120253182.csv,.csv,1,TRUE,READY,,2026-09-28T20:26:13+00:00,AUTO_READY,No metadata anomaly detected.
2299,2025-01-31,2025,PKRV31012025,/Upload/WebDoc/IndustryStatictics/PKRV310120253187.csv,https://www.mufap.com.pk/Upload/WebDoc/IndustryStatictics/PKRV310120253187.csv,PKRV310120253187.csv,.csv,1,TRUE,READY,,2026-09-28T20:26:13+00:00,AUTO_READY,No metadata anomaly detected.
2302,2025-02-03,2025,PKRV03022025,/Upload/WebDoc/IndustryStatictics/PKRV030220253195.csv,https://www.mufap.com.pk/Upload/WebDoc/IndustryStatictics/PKRV030220253195.csv,PKRV030220253195.csv,.csv,1,TRUE,READY,,2026-09-28T20:26:13+00:00,AUTO_READY,No metadata anomaly detected.
2305,2025-02-04,2025,PKRV04022025,/Upload/WebDoc/IndustryStatictics/PKRV040220253202.csv,https://www.mufap.com.pk/Upload/WebDoc/IndustryStatictics/PKRV040220253202.csv,PKRV040220253202.csv,.csv,1,TRUE,READY,,2026-09-28T20:26:13+00:00,AUTO_READY,No metadata anomaly detected.
2308,2025-02-06,2025,PKRV06022025,/Upload/WebDoc/IndustryStatictics/PKRV060220253215.csv,https://www.mufap.com.pk/Upload/WebDoc/IndustryStatictics/PKRV060220253215.csv,PKRV060220253215.csv,.csv,1,TRUE,READY,,2026-09-28T20:26:13+00:00,AUTO_READY,No metadata anomaly detected.
2311,2025-02-07,2025,PKRV07022025,/Upload/WebDoc/IndustryStatictics/PKRV070220253220.csv,https://www.mufap.com.pk/Upload/WebDoc/IndustryStatictics/PKRV070220253220.csv,PKRV070220253220.csv,.csv,1,TRUE,READY,,2026-09-28T20:26:13+00:00,AUTO_READY,No metadata anomaly detected.
2314,2025-02-10,2025,PKRV10022025,/Upload/WebDoc/IndustryStatictics/PKRV100220253225.csv,https://www.mufap.com.pk/Upload/WebDoc/IndustryStatictics/PKRV100220253225.csv,PKRV100220253225.csv,.csv,1,TRUE,READY,,2026-09-28T20:26:13+00:00,AUTO_READY,No metadata anomaly detected.
2317,2025-02-11,2025,PKRV11022025,/Upload/WebDoc/IndustryStatictics/PKRV110220253230.csv,https://www.mufap.com.pk/Upload/WebDoc/IndustryStatictics/PKRV110220253230.csv,PKRV110220253230.csv,.csv,1,TRUE,READY,,2026-09-28T20:26:13+00:00,AUTO_READY,No metadata anomaly detected.
2320,2025-02-12,2025,PKRV12022025,/Upload/WebDoc/IndustryStatictics/PKRV120220253234.csv,https://www.mufap.com.pk/Upload/WebDoc/IndustryStatictics/PKRV120220253234.csv,PKRV120220253234.csv,.csv,1,TRUE,READY,,2026-09-28T20:26:13+00:00,AUTO_READY,No metadata anomaly detected.
2323,2025-02-13,2025,PKRV13022025,/Upload/WebDoc/IndustryStatictics/PKRV130220253238.csv,https://www.mufap.com.pk/Upload/WebDoc/IndustryStatictics/PKRV130220253238.csv,PKRV130220253238.csv,.csv,1,TRUE,READY,,2026-09-28T20:26:13+00:00,AUTO_READY,No metadata anomaly detected.
2326,2025-02-14,2025,PKRV14022025,/Upload/WebDoc/IndustryStatictics/PKRV140220253242.csv,https://www.mufap.com.pk/Upload/WebDoc/IndustryStatictics/PKRV140220253242.csv,PKRV140220253242.csv,.csv,1,TRUE,READY,,2026-09-28T20:26:13+00:00,AUTO_READY,No metadata anomaly detected.
2329,2025-02-17,2025,PKRV17022025,/Upload/WebDoc/IndustryStatictics/PKRV170220253246.csv,https://www.mufap.com.pk/Upload/WebDoc/IndustryStatictics/PKRV170220253246.csv,PKRV170220253246.csv,.csv,1,TRUE,READY,,2026-09-28T20:26:13+00:00,AUTO_READY,No metadata anomaly detected.
2332,2025-02-18,2025,PKRV18022025,/Upload/WebDoc/IndustryStatictics/PKRV180220253250.csv,https://www.mufap.com.pk/Upload/WebDoc/IndustryStatictics/PKRV180220253250.csv,PKRV180220253250.csv,.csv,1,TRUE,READY,,2026-09-28T20:26:13+00:00,AUTO_READY,No metadata anomaly detected.
2335,2025-02-19,2025,PKRV19022025,/Upload/WebDoc/IndustryStatictics/PKRV190220253254.csv,https://www.mufap.com.pk/Upload/WebDoc/IndustryStatictics/PKRV190220253254.csv,PKRV190220253254.csv,.csv,1,TRUE,READY,,2026-09-28T20:26:13+00:00,AUTO_READY,No metadata anomaly detected.
2338,2025-02-20,2025,PKRV20022025,/Upload/WebDoc/IndustryStatictics/PKRV200220253260.csv,https://www.mufap.com.pk/Upload/WebDoc/IndustryStatictics/PKRV200220253260.csv,PKRV200220253260.csv,.csv,1,TRUE,READY,,2026-09-28T20:26:13+00:00,AUTO_READY,No metadata anomaly detected.
2341,2025-02-21,2025,PKRV21022025,/Upload/WebDoc/IndustryStatictics/PKRV210220253266.csv,https://www.mufap.com.pk/Upload/WebDoc/IndustryStatictics/PKRV210220253266.csv,PKRV210220253266.csv,.csv,1,TRUE,READY,,2026-09-28T20:26:13+00:00,AUTO_READY,No metadata anomaly detected.
2344,2025-02-24,2025,PKRV24022025,/Upload/WebDoc/IndustryStatictics/PKRV240220253271.csv,https://www.mufap.com.pk/Upload/WebDoc/IndustryStatictics/PKRV240220253271.csv,PKRV240220253271.csv,.csv,1,TRUE,READY,,2026-09-28T20:26:13+00:00,AUTO_READY,No metadata anomaly detected.
2347,2025-02-25,2025,PKRV25022025,/Upload/WebDoc/IndustryStatictics/PKRV250220253276.csv,https://www.mufap.com.pk/Upload/WebDoc/IndustryStatictics/PKRV250220253276.csv,PKRV250220253276.csv,.csv,1,TRUE,READY,,2026-09-28T20:26:13+00:00,AUTO_READY,No metadata anomaly detected.
2350,2025-02-26,2025,PKRV26022025,/Upload/WebDoc/IndustryStatictics/PKRV260220253281.csv,https://www.mufap.com.pk/Upload/WebDoc/IndustryStatictics/PKRV260220253281.csv,PKRV260220253281.csv,.csv,1,TRUE,READY,,2026-09-28T20:26:13+00:00,AUTO_READY,No metadata anomaly detected.
2353,2025-02-27,2025,PKRV27022025,/Upload/WebDoc/IndustryStatictics/PKRV270220253286.csv,https://www.mufap.com.pk/Upload/WebDoc/IndustryStatictics/PKRV270220253286.csv,PKRV270220253286.csv,.csv,1,TRUE,READY,,2026-09-28T20:26:13+00:00,AUTO_READY,No metadata anomaly detected.
2356,2025-02-28,2025,PKRV28022025,/Upload/WebDoc/IndustryStatictics/PKRV280220253291.csv,https://www.mufap.com.pk/Upload/WebDoc/IndustryStatictics/PKRV280220253291.csv,PKRV280220253291.csv,.csv,1,TRUE,READY,,2026-09-28T20:26:13+00:00,AUTO_READY,No metadata anomaly detected.
2359,2025-03-04,2025,PKRV04032025,/Upload/WebDoc/IndustryStatictics/PKRV040320253297.csv,https://www.mufap.com.pk/Upload/WebDoc/IndustryStatictics/PKRV040320253297.csv,PKRV040320253297.csv,.csv,1,TRUE,READY,,2026-09-28T20:26:13+00:00,AUTO_READY,No metadata anomaly detected.
2362,2025-03-05,2025,PKRV05032025,/Upload/WebDoc/IndustryStatictics/PKRV050320253306.csv,https://www.mufap.com.pk/Upload/WebDoc/IndustryStatictics/PKRV050320253306.csv,PKRV050320253306.csv,.csv,1,TRUE,READY,,2026-09-28T20:26:13+00:00,AUTO_READY,No metadata anomaly detected.
2365,2025-03-06,2025,PKRV06032025,/Upload/WebDoc/IndustryStatictics/PKRV060320253311.csv,https://www.mufap.com.pk/Upload/WebDoc/IndustryStatictics/PKRV060320253311.csv,PKRV060320253311.csv,.csv,1,TRUE,READY,,2026-09-28T20:26:13+00:00,AUTO_READY,No metadata anomaly detected.
2370,2025-03-07,2025,PKRV07032025,/Upload/WebDoc/IndustryStatictics/PKRV070320253319.csv,https://www.mufap.com.pk/Upload/WebDoc/IndustryStatictics/PKRV070320253319.csv,PKRV070320253319.csv,.csv,1,TRUE,READY,,2026-09-28T20:26:13+00:00,AUTO_READY,No metadata anomaly detected.
2371,2025-03-10,2025,PKRV10032025,/Upload/WebDoc/IndustryStatictics/PKRV100320253322.csv,https://www.mufap.com.pk/Upload/WebDoc/IndustryStatictics/PKRV100320253322.csv,PKRV100320253322.csv,.csv,1,TRUE,READY,,2026-09-28T20:26:13+00:00,AUTO_READY,No metadata anomaly detected.
2375,2025-03-11,2025,PKRV11032025,/Upload/WebDoc/IndustryStatictics/PKRV110320253329.csv,https://www.mufap.com.pk/Upload/WebDoc/IndustryStatictics/PKRV110320253329.csv,PKRV110320253329.csv,.csv,1,TRUE,READY,,2026-09-28T20:26:13+00:00,AUTO_READY,No metadata anomaly detected.
2377,2025-03-12,2025,PKRV12032025,/Upload/WebDoc/IndustryStatictics/PKRV120320253333.csv,https://www.mufap.com.pk/Upload/WebDoc/IndustryStatictics/PKRV120320253333.csv,PKRV120320253333.csv,.csv,1,TRUE,READY,,2026-09-28T20:26:13+00:00,AUTO_READY,No metadata anomaly detected.
2380,2025-03-13,2025,PKRV13032025,/Upload/WebDoc/IndustryStatictics/PKRV130320253338.csv,https://www.mufap.com.pk/Upload/WebDoc/IndustryStatictics/PKRV130320253338.csv,PKRV130320253338.csv,.csv,1,TRUE,READY,,2026-09-28T20:26:13+00:00,AUTO_READY,No metadata anomaly detected.
2383,2025-03-14,2025,PKRV14032025,/Upload/WebDoc/IndustryStatictics/PKRV140320253343.csv,https://www.mufap.com.pk/Upload/WebDoc/IndustryStatictics/PKRV140320253343.csv,PKRV140320253343.csv,.csv,1,TRUE,READY,,2026-09-28T20:26:13+00:00,AUTO_READY,No metadata anomaly detected.
2386,2025-03-17,2025,PKRV17032025,/Upload/WebDoc/IndustryStatictics/PKRV170320253348.csv,https://www.mufap.com.pk/Upload/WebDoc/IndustryStatictics/PKRV170320253348.csv,PKRV170320253348.csv,.csv,1,TRUE,READY,,2026-09-28T20:26:13+00:00,AUTO_READY,No metadata anomaly detected.
2389,2025-03-18,2025,PKRV18032025,/Upload/WebDoc/IndustryStatictics/PKRV180320253353.csv,https://www.mufap.com.pk/Upload/WebDoc/IndustryStatictics/PKRV180320253353.csv,PKRV180320253353.csv,.csv,1,TRUE,READY,,2026-09-28T20:26:13+00:00,AUTO_READY,No metadata anomaly detected.
2392,2025-03-19,2025,PKRV19032025,/Upload/WebDoc/IndustryStatictics/PKRV190320253358.csv,https://www.mufap.com.pk/Upload/WebDoc/IndustryStatictics/PKRV190320253358.csv,PKRV190320253358.csv,.csv,1,TRUE,READY,,2026-09-28T20:26:13+00:00,AUTO_READY,No metadata anomaly detected.
2395,2025-03-20,2025,PKRV20032025,/Upload/WebDoc/IndustryStatictics/PKRV200320253363.csv,https://www.mufap.com.pk/Upload/WebDoc/IndustryStatictics/PKRV200320253363.csv,PKRV200320253363.csv,.csv,1,TRUE,READY,,2026-09-28T20:26:13+00:00,AUTO_READY,No metadata anomaly detected.
2398,2025-03-21,2025,PKRV21032025,/Upload/WebDoc/IndustryStatictics/PKRV210320253369.csv,https://www.mufap.com.pk/Upload/WebDoc/IndustryStatictics/PKRV210320253369.csv,PKRV210320253369.csv,.csv,1,TRUE,READY,,2026-09-28T20:26:13+00:00,AUTO_READY,No metadata anomaly detected.
2401,2025-03-24,2025,PKRV24032025,/Upload/WebDoc/IndustryStatictics/PKRV240320253374.csv,https://www.mufap.com.pk/Upload/WebDoc/IndustryStatictics/PKRV240320253374.csv,PKRV240320253374.csv,.csv,1,TRUE,READY,,2026-09-28T20:26:13+00:00,AUTO_READY,No metadata anomaly detected.
2404,2025-03-25,2025,PKRV25032025,/Upload/WebDoc/IndustryStatictics/PKRV250320253379.csv,https://www.mufap.com.pk/Upload/WebDoc/IndustryStatictics/PKRV250320253379.csv,PKRV250320253379.csv,.csv,1,TRUE,READY,,2026-09-28T20:26:13+00:00,AUTO_READY,No metadata anomaly detected.
2407,2025-03-26,2025,PKRV26032025,/Upload/WebDoc/IndustryStatictics/PKRV260320253387.csv,https://www.mufap.com.pk/Upload/WebDoc/IndustryStatictics/PKRV260320253387.csv,PKRV260320253387.csv,.csv,1,TRUE,READY,,2026-09-28T20:26:13+00:00,AUTO_READY,No metadata anomaly detected.
2410,2025-03-27,2025,PKRV27032025,/Upload/WebDoc/IndustryStatictics/PKRV270320253392.csv,https://www.mufap.com.pk/Upload/WebDoc/IndustryStatictics/PKRV270320253392.csv,PKRV270320253392.csv,.csv,1,TRUE,READY,,2026-09-28T20:26:13+00:00,AUTO_READY,No metadata anomaly detected.
2413,2025-03-28,2025,PKRV28032025,/Upload/WebDoc/IndustryStatictics/PKRV280320253397.csv,https://www.mufap.com.pk/Upload/WebDoc/IndustryStatictics/PKRV280320253397.csv,PKRV280320253397.csv,.csv,1,TRUE,READY,,2026-09-28T20:26:13+00:00,AUTO_READY,No metadata anomaly detected.
2416,2025-04-03,2025,PKRV03042025,/Upload/WebDoc/IndustryStatictics/PKRV030420253402.csv,https://www.mufap.com.pk/Upload/WebDoc/IndustryStatictics/PKRV030420253402.csv,PKRV030420253402.csv,.csv,1,TRUE,READY,,2026-09-28T20:26:13+00:00,AUTO_READY,No metadata anomaly detected.
2419,2025-04-04,2025,PKRV04042025,/Upload/WebDoc/IndustryStatictics/PKRV040420253406.csv,https://www.mufap.com.pk/Upload/WebDoc/IndustryStatictics/PKRV040420253406.csv,PKRV040420253406.csv,.csv,1,TRUE,READY,,2026-09-28T20:26:13+00:00,AUTO_READY,No metadata anomaly detected.
2422,2025-04-07,2025,PKRV07042025,/Upload/WebDoc/IndustryStatictics/PKRV070420253412.csv,https://www.mufap.com.pk/Upload/WebDoc/IndustryStatictics/PKRV070420253412.csv,PKRV070420253412.csv,.csv,1,TRUE,READY,,2026-09-28T20:26:13+00:00,AUTO_READY,No metadata anomaly detected.
2425,2025-04-08,2025,PKRV08042025,/Upload/WebDoc/IndustryStatictics/PKRV080420253420.csv,https://www.mufap.com.pk/Upload/WebDoc/IndustryStatictics/PKRV080420253420.csv,PKRV080420253420.csv,.csv,1,TRUE,READY,,2026-09-28T20:26:13+00:00,AUTO_READY,No metadata anomaly detected.
2428,2025-04-09,2025,PKRV09042025,/Upload/WebDoc/IndustryStatictics/PKRV090420253423.csv,https://www.mufap.com.pk/Upload/WebDoc/IndustryStatictics/PKRV090420253423.csv,PKRV090420253423.csv,.csv,1,TRUE,READY,,2026-09-28T20:26:13+00:00,AUTO_READY,No metadata anomaly detected.
2431,2025-04-10,2025,PKRV10042025,/Upload/WebDoc/IndustryStatictics/PKRV100420253427.csv,https://www.mufap.com.pk/Upload/WebDoc/IndustryStatictics/PKRV100420253427.csv,PKRV100420253427.csv,.csv,1,TRUE,READY,,2026-09-28T20:26:13+00:00,AUTO_READY,No metadata anomaly detected.
2434,2025-04-11,2025,PKRV11042025,/Upload/WebDoc/IndustryStatictics/PKRV110420253431.csv,https://www.mufap.com.pk/Upload/WebDoc/IndustryStatictics/PKRV110420253431.csv,PKRV110420253431.csv,.csv,1,TRUE,READY,,2026-09-28T20:26:13+00:00,AUTO_READY,No metadata anomaly detected.
2437,2025-04-14,2025,PKRV14042025,/Upload/WebDoc/IndustryStatictics/PKRV1404202513435.csv,https://www.mufap.com.pk/Upload/WebDoc/IndustryStatictics/PKRV1404202513435.csv,PKRV1404202513435.csv,.csv,1,TRUE,READY,,2026-09-28T20:26:13+00:00,AUTO_READY,No metadata anomaly detected.
2440,2025-04-15,2025,PKRV15042025,/Upload/WebDoc/IndustryStatictics/PKRV1504202513440.csv,https://www.mufap.com.pk/Upload/WebDoc/IndustryStatictics/PKRV1504202513440.csv,PKRV1504202513440.csv,.csv,1,TRUE,READY,,2026-09-28T20:26:13+00:00,AUTO_READY,No metadata anomaly detected.
2443,2025-04-16,2025,PKRV16042025,/Upload/WebDoc/IndustryStatictics/PKRV1604202513445.csv,https://www.mufap.com.pk/Upload/WebDoc/IndustryStatictics/PKRV1604202513445.csv,PKRV1604202513445.csv,.csv,1,TRUE,READY,,2026-09-28T20:26:13+00:00,AUTO_READY,No metadata anomaly detected.
2446,2025-04-17,2025,PKRV17042025,/Upload/WebDoc/IndustryStatictics/PKRV1704202513450.csv,https://www.mufap.com.pk/Upload/WebDoc/IndustryStatictics/PKRV1704202513450.csv,PKRV1704202513450.csv,.csv,1,TRUE,READY,,2026-09-28T20:26:13+00:00,AUTO_READY,No metadata anomaly detected.
2451,2025-04-18,2025,PKRV18042025,/Upload/WebDoc/IndustryStatictics/PKRV1804202513458.csv,https://www.mufap.com.pk/Upload/WebDoc/IndustryStatictics/PKRV1804202513458.csv,PKRV1804202513458.csv,.csv,1,TRUE,READY,,2026-09-28T20:26:13+00:00,AUTO_READY,No metadata anomaly detected.
2452,2025-04-21,2025,PKRV21042025,/Upload/WebDoc/IndustryStatictics/PKRV2104202513459.csv,https://www.mufap.com.pk/Upload/WebDoc/IndustryStatictics/PKRV2104202513459.csv,PKRV2104202513459.csv,.csv,1,TRUE,READY,,2026-09-28T20:26:13+00:00,AUTO_READY,No metadata anomaly detected.
2455,2025-04-22,2025,PKRV22042025,/Upload/WebDoc/IndustryStatictics/PKRV2204202513466.csv,https://www.mufap.com.pk/Upload/WebDoc/IndustryStatictics/PKRV2204202513466.csv,PKRV2204202513466.csv,.csv,1,TRUE,READY,,2026-09-28T20:26:13+00:00,AUTO_READY,No metadata anomaly detected.
2458,2025-04-23,2025,PKRV23042025,/Upload/WebDoc/IndustryStatictics/PKRV2304202513471.csv,https://www.mufap.com.pk/Upload/WebDoc/IndustryStatictics/PKRV2304202513471.csv,PKRV2304202513471.csv,.csv,1,TRUE,READY,,2026-09-28T20:26:13+00:00,AUTO_READY,No metadata anomaly detected.
2461,2025-04-24,2025,PKRV24042025,/Upload/WebDoc/IndustryStatictics/PKRV2404202513477.csv,https://www.mufap.com.pk/Upload/WebDoc/IndustryStatictics/PKRV2404202513477.csv,PKRV2404202513477.csv,.csv,1,TRUE,READY,,2026-09-28T20:26:13+00:00,AUTO_READY,No metadata anomaly detected.
2464,2025-04-25,2025,PKRV25042025,/Upload/WebDoc/IndustryStatictics/PKRV2504202513482.csv,https://www.mufap.com.pk/Upload/WebDoc/IndustryStatictics/PKRV2504202513482.csv,PKRV2504202513482.csv,.csv,1,TRUE,READY,,2026-09-28T20:26:13+00:00,AUTO_READY,No metadata anomaly detected.
2467,2025-04-28,2025,PKRV28042025,/Upload/WebDoc/IndustryStatictics/PKRV2804202513487.csv,https://www.mufap.com.pk/Upload/WebDoc/IndustryStatictics/PKRV2804202513487.csv,PKRV2804202513487.csv,.csv,1,TRUE,READY,,2026-09-28T20:26:13+00:00,AUTO_READY,No metadata anomaly detected.
2470,2025-04-29,2025,PKRV29042025,/Upload/WebDoc/IndustryStatictics/PKRV2904202513492.csv,https://www.mufap.com.pk/Upload/WebDoc/IndustryStatictics/PKRV2904202513492.csv,PKRV2904202513492.csv,.csv,1,TRUE,READY,,2026-09-28T20:26:13+00:00,AUTO_READY,No metadata anomaly detected.
2473,2025-04-30,2025,PKRV30042025,/Upload/WebDoc/IndustryStatictics/PKRV3004202523495.csv,https://www.mufap.com.pk/Upload/WebDoc/IndustryStatictics/PKRV3004202523495.csv,PKRV3004202523495.csv,.csv,1,TRUE,READY,,2026-09-28T20:26:13+00:00,AUTO_READY,No metadata anomaly detected.
2476,2025-05-02,2025,PKRV02052025,/Upload/WebDoc/IndustryStatictics/PKRV0205202523499.csv,https://www.mufap.com.pk/Upload/WebDoc/IndustryStatictics/PKRV0205202523499.csv,PKRV0205202523499.csv,.csv,1,TRUE,READY,,2026-09-28T20:26:13+00:00,AUTO_READY,No metadata anomaly detected.
2479,2025-05-05,2025,PKRV05052025,/Upload/WebDoc/IndustryStatictics/PKRV0505202523505.csv,https://www.mufap.com.pk/Upload/WebDoc/IndustryStatictics/PKRV0505202523505.csv,PKRV0505202523505.csv,.csv,1,TRUE,READY,,2026-09-28T20:26:13+00:00,AUTO_READY,No metadata anomaly detected.
2482,2025-05-06,2025,PKRV06052025,/Upload/WebDoc/IndustryStatictics/PKRV0605202523511.csv,https://www.mufap.com.pk/Upload/WebDoc/IndustryStatictics/PKRV0605202523511.csv,PKRV0605202523511.csv,.csv,1,TRUE,READY,,2026-09-28T20:26:13+00:00,AUTO_READY,No metadata anomaly detected.
2485,2025-05-07,2025,PKRV07052025,/Upload/WebDoc/IndustryStatictics/PKRV0705202523515.csv,https://www.mufap.com.pk/Upload/WebDoc/IndustryStatictics/PKRV0705202523515.csv,PKRV0705202523515.csv,.csv,1,TRUE,READY,,2026-09-28T20:26:13+00:00,AUTO_READY,No metadata anomaly detected.
2488,2025-05-08,2025,PKRV08052025,/Upload/WebDoc/IndustryStatictics/PKRV0805202523519.csv,https://www.mufap.com.pk/Upload/WebDoc/IndustryStatictics/PKRV0805202523519.csv,PKRV0805202523519.csv,.csv,1,TRUE,READY,,2026-09-28T20:26:13+00:00,AUTO_READY,No metadata anomaly detected.
2491,2025-05-09,2025,PKRV09052025,/Upload/WebDoc/IndustryStatictics/PKRV0905202523524.csv,https://www.mufap.com.pk/Upload/WebDoc/IndustryStatictics/PKRV0905202523524.csv,PKRV0905202523524.csv,.csv,1,TRUE,READY,,2026-09-28T20:26:13+00:00,AUTO_READY,No metadata anomaly detected.
2494,2025-05-12,2025,PKRV12052025,/Upload/WebDoc/IndustryStatictics/PKRV1205202523527.csv,https://www.mufap.com.pk/Upload/WebDoc/IndustryStatictics/PKRV1205202523527.csv,PKRV1205202523527.csv,.csv,1,TRUE,READY,,2026-09-28T20:26:13+00:00,AUTO_READY,No metadata anomaly detected.
2497,2025-05-13,2025,PKRV13052025,/Upload/WebDoc/IndustryStatictics/PKRV1305202523535.csv,https://www.mufap.com.pk/Upload/WebDoc/IndustryStatictics/PKRV1305202523535.csv,PKRV1305202523535.csv,.csv,1,TRUE,READY,,2026-09-28T20:26:13+00:00,AUTO_READY,No metadata anomaly detected.
2500,2025-05-14,2025,PKRV14052025,/Upload/WebDoc/IndustryStatictics/PKRV1405202523540.csv,https://www.mufap.com.pk/Upload/WebDoc/IndustryStatictics/PKRV1405202523540.csv,PKRV1405202523540.csv,.csv,1,TRUE,READY,,2026-09-28T20:26:13+00:00,AUTO_READY,No metadata anomaly detected.
2503,2025-05-15,2025,PKRV15052025,/Upload/WebDoc/IndustryStatictics/PKRV1505202523545.csv,https://www.mufap.com.pk/Upload/WebDoc/IndustryStatictics/PKRV1505202523545.csv,PKRV1505202523545.csv,.csv,1,TRUE,READY,,2026-09-28T20:26:13+00:00,AUTO_READY,No metadata anomaly detected.
2506,2025-05-16,2025,PKRV16052025,/Upload/WebDoc/IndustryStatictics/PKRV1605202523550.csv,https://www.mufap.com.pk/Upload/WebDoc/IndustryStatictics/PKRV1605202523550.csv,PKRV1605202523550.csv,.csv,1,TRUE,READY,,2026-09-28T20:26:13+00:00,AUTO_READY,No metadata anomaly detected.
2509,2025-05-19,2025,PKRV19052025,/Upload/WebDoc/IndustryStatictics/PKRV1905202523555.csv,https://www.mufap.com.pk/Upload/WebDoc/IndustryStatictics/PKRV1905202523555.csv,PKRV1905202523555.csv,.csv,1,TRUE,READY,,2026-09-28T20:26:13+00:00,AUTO_READY,No metadata anomaly detected.
2512,2025-05-20,2025,PKRV20052025,/Upload/WebDoc/IndustryStatictics/PKRV2005202523562.csv,https://www.mufap.com.pk/Upload/WebDoc/IndustryStatictics/PKRV2005202523562.csv,PKRV2005202523562.csv,.csv,1,TRUE,READY,,2026-09-28T20:26:13+00:00,AUTO_READY,No metadata anomaly detected.
2515,2025-05-21,2025,PKRV21052025,/Upload/WebDoc/IndustryStatictics/PKRV2105202523567.csv,https://www.mufap.com.pk/Upload/WebDoc/IndustryStatictics/PKRV2105202523567.csv,PKRV2105202523567.csv,.csv,1,TRUE,READY,,2026-09-28T20:26:13+00:00,AUTO_READY,No metadata anomaly detected.
2518,2025-05-22,2025,PKRV22052025,/Upload/WebDoc/IndustryStatictics/PKRV2205202523573.csv,https://www.mufap.com.pk/Upload/WebDoc/IndustryStatictics/PKRV2205202523573.csv,PKRV2205202523573.csv,.csv,1,TRUE,READY,,2026-09-28T20:26:13+00:00,AUTO_READY,No metadata anomaly detected.
2521,2025-05-23,2025,PKRV23052025,/Upload/WebDoc/IndustryStatictics/PKRV2305202523578.csv,https://www.mufap.com.pk/Upload/WebDoc/IndustryStatictics/PKRV2305202523578.csv,PKRV2305202523578.csv,.csv,1,TRUE,READY,,2026-09-28T20:26:13+00:00,AUTO_READY,No metadata anomaly detected.
2524,2025-05-26,2025,PKRV26052025,/Upload/WebDoc/IndustryStatictics/PKRV2605202523583.csv,https://www.mufap.com.pk/Upload/WebDoc/IndustryStatictics/PKRV2605202523583.csv,PKRV2605202523583.csv,.csv,1,TRUE,READY,,2026-09-28T20:26:13+00:00,AUTO_READY,No metadata anomaly detected.
2529,2025-05-27,2025,PKRV27052025,/Upload/WebDoc/IndustryStatictics/PKRV2705202523590.csv,https://www.mufap.com.pk/Upload/WebDoc/IndustryStatictics/PKRV2705202523590.csv,PKRV2705202523590.csv,.csv,1,TRUE,READY,,2026-09-28T20:26:13+00:00,AUTO_READY,No metadata anomaly detected.
2530,2025-05-29,2025,PKRV29052025,/Upload/WebDoc/IndustryStatictics/PKRV2905202523593.csv,https://www.mufap.com.pk/Upload/WebDoc/IndustryStatictics/PKRV2905202523593.csv,PKRV2905202523593.csv,.csv,1,TRUE,READY,,2026-09-28T20:26:13+00:00,AUTO_READY,No metadata anomaly detected.
2533,2025-05-30,2025,PKRV30052025,/Upload/WebDoc/IndustryStatictics/PKRV3005202523598.csv,https://www.mufap.com.pk/Upload/WebDoc/IndustryStatictics/PKRV3005202523598.csv,PKRV3005202523598.csv,.csv,1,TRUE,READY,,2026-09-28T20:26:13+00:00,AUTO_READY,No metadata anomaly detected.
2536,2025-06-02,2025,PKRV02062025,/Upload/WebDoc/IndustryStatictics/PKRV0206202523603.csv,https://www.mufap.com.pk/Upload/WebDoc/IndustryStatictics/PKRV0206202523603.csv,PKRV0206202523603.csv,.csv,1,TRUE,READY,,2026-09-28T20:26:13+00:00,AUTO_READY,No metadata anomaly detected.
2539,2025-06-03,2025,PKRV03062025,/Upload/WebDoc/IndustryStatictics/PKRV0306202523611.csv,https://www.mufap.com.pk/Upload/WebDoc/IndustryStatictics/PKRV0306202523611.csv,PKRV0306202523611.csv,.csv,1,TRUE,READY,,2026-09-28T20:26:13+00:00,AUTO_READY,No metadata anomaly detected.
2544,2025-06-04,2025,PKRV04062025,/Upload/WebDoc/IndustryStatictics/PKRV0406202523617.csv,https://www.mufap.com.pk/Upload/WebDoc/IndustryStatictics/PKRV0406202523617.csv,PKRV0406202523617.csv,.csv,1,TRUE,READY,,2026-09-28T20:26:13+00:00,AUTO_READY,No metadata anomaly detected.
2545,2025-06-05,2025,PKRV05062025,/Upload/WebDoc/IndustryStatictics/PKRV0506202523619.csv,https://www.mufap.com.pk/Upload/WebDoc/IndustryStatictics/PKRV0506202523619.csv,PKRV0506202523619.csv,.csv,1,TRUE,READY,,2026-09-28T20:26:13+00:00,AUTO_READY,No metadata anomaly detected.
2550,2025-06-10,2025,PKRV10062025,/Upload/WebDoc/IndustryStatictics/PKRV1006202523625.csv,https://www.mufap.com.pk/Upload/WebDoc/IndustryStatictics/PKRV1006202523625.csv,PKRV1006202523625.csv,.csv,1,TRUE,READY,,2026-09-28T20:26:13+00:00,AUTO_READY,No metadata anomaly detected.
2551,2025-06-11,2025,PKRV11062025,/Upload/WebDoc/IndustryStatictics/PKRV1106202523627.csv,https://www.mufap.com.pk/Upload/WebDoc/IndustryStatictics/PKRV1106202523627.csv,PKRV1106202523627.csv,.csv,1,TRUE,READY,,2026-09-28T20:26:13+00:00,AUTO_READY,No metadata anomaly detected.
2554,2025-06-12,2025,PKRV12062025,/Upload/WebDoc/IndustryStatictics/PKRV1206202523633.csv,https://www.mufap.com.pk/Upload/WebDoc/IndustryStatictics/PKRV1206202523633.csv,PKRV1206202523633.csv,.csv,1,TRUE,READY,,2026-09-28T20:26:13+00:00,AUTO_READY,No metadata anomaly detected.
2557,2025-06-13,2025,PKRV13062025,/Upload/WebDoc/IndustryStatictics/PKRV1306202523638.csv,https://www.mufap.com.pk/Upload/WebDoc/IndustryStatictics/PKRV1306202523638.csv,PKRV1306202523638.csv,.csv,1,TRUE,READY,,2026-09-28T20:26:13+00:00,AUTO_READY,No metadata anomaly detected.
2560,2025-06-16,2025,PKRV16062025,/Upload/WebDoc/IndustryStatictics/PKRV1606202523645.csv,https://www.mufap.com.pk/Upload/WebDoc/IndustryStatictics/PKRV1606202523645.csv,PKRV1606202523645.csv,.csv,1,TRUE,READY,,2026-09-28T20:26:13+00:00,AUTO_READY,No metadata anomaly detected.
2563,2025-06-17,2025,PKRV17062025,/Upload/WebDoc/IndustryStatictics/PKRV1706202523650.csv,https://www.mufap.com.pk/Upload/WebDoc/IndustryStatictics/PKRV1706202523650.csv,PKRV1706202523650.csv,.csv,1,TRUE,READY,,2026-09-28T20:26:13+00:00,AUTO_READY,No metadata anomaly detected.
2566,2025-06-18,2025,PKRV18062025,/Upload/WebDoc/IndustryStatictics/PKRV1806202523655.csv,https://www.mufap.com.pk/Upload/WebDoc/IndustryStatictics/PKRV1806202523655.csv,PKRV1806202523655.csv,.csv,1,TRUE,READY,,2026-09-28T20:26:13+00:00,AUTO_READY,No metadata anomaly detected.
2569,2025-06-19,2025,PKRV19062025,/Upload/WebDoc/IndustryStatictics/PKRV1906202523660.csv,https://www.mufap.com.pk/Upload/WebDoc/IndustryStatictics/PKRV1906202523660.csv,PKRV1906202523660.csv,.csv,1,TRUE,READY,,2026-09-28T20:26:13+00:00,AUTO_READY,No metadata anomaly detected.
2573,2025-06-20,2025,PKRV20062025,/Upload/WebDoc/IndustryStatictics/PKRV2006202523666.csv,https://www.mufap.com.pk/Upload/WebDoc/IndustryStatictics/PKRV2006202523666.csv,PKRV2006202523666.csv,.csv,1,TRUE,READY,,2026-09-28T20:26:13+00:00,AUTO_READY,No metadata anomaly detected.
2576,2025-06-23,2025,PKRV23062025,/Upload/WebDoc/IndustryStatictics/PKRV2306202523672.csv,https://www.mufap.com.pk/Upload/WebDoc/IndustryStatictics/PKRV2306202523672.csv,PKRV2306202523672.csv,.csv,1,TRUE,READY,,2026-09-28T20:26:13+00:00,AUTO_READY,No metadata anomaly detected.
2579,2025-06-24,2025,PKRV24062025,/Upload/WebDoc/IndustryStatictics/PKRV2406202523678.csv,https://www.mufap.com.pk/Upload/WebDoc/IndustryStatictics/PKRV2406202523678.csv,PKRV2406202523678.csv,.csv,1,TRUE,READY,,2026-09-28T20:26:13+00:00,AUTO_READY,No metadata anomaly detected.
2582,2025-06-25,2025,PKRV25062025,/Upload/WebDoc/IndustryStatictics/PKRV2506202523684.csv,https://www.mufap.com.pk/Upload/WebDoc/IndustryStatictics/PKRV2506202523684.csv,PKRV2506202523684.csv,.csv,1,TRUE,READY,,2026-09-28T20:26:13+00:00,AUTO_READY,No metadata anomaly detected.
2585,2025-06-26,2025,PKRV26062025,/Upload/WebDoc/IndustryStatictics/PKRV2606202523689.csv,https://www.mufap.com.pk/Upload/WebDoc/IndustryStatictics/PKRV2606202523689.csv,PKRV2606202523689.csv,.csv,1,TRUE,READY,,2026-09-28T20:26:13+00:00,AUTO_READY,No metadata anomaly detected.
2588,2025-06-27,2025,PKRV27062025,/Upload/WebDoc/IndustryStatictics/PKRV2706202523694.csv,https://www.mufap.com.pk/Upload/WebDoc/IndustryStatictics/PKRV2706202523694.csv,PKRV2706202523694.csv,.csv,1,TRUE,READY,,2026-09-28T20:26:13+00:00,AUTO_READY,No metadata anomaly detected.
2591,2025-06-30,2025,PKRV30062025,/Upload/WebDoc/IndustryStatictics/PKRV3006202523699.csv,https://www.mufap.com.pk/Upload/WebDoc/IndustryStatictics/PKRV3006202523699.csv,PKRV3006202523699.csv,.csv,1,TRUE,READY,,2026-09-28T20:26:13+00:00,AUTO_READY,No metadata anomaly detected.
2594,2025-07-02,2025,PKRV02072025,/Upload/WebDoc/IndustryStatictics/PKRV0207202523704.csv,https://www.mufap.com.pk/Upload/WebDoc/IndustryStatictics/PKRV0207202523704.csv,PKRV0207202523704.csv,.csv,1,TRUE,READY,,2026-09-28T20:26:13+00:00,AUTO_READY,No metadata anomaly detected.
2597,2025-07-03,2025,PKRV03072025,/Upload/WebDoc/IndustryStatictics/PKRV0307202523710.csv,https://www.mufap.com.pk/Upload/WebDoc/IndustryStatictics/PKRV0307202523710.csv,PKRV0307202523710.csv,.csv,1,TRUE,READY,,2026-09-28T20:26:13+00:00,AUTO_READY,No metadata anomaly detected.
2600,2025-07-04,2025,PKRV04072025,/Upload/WebDoc/IndustryStatictics/PKRV0407202523715.csv,https://www.mufap.com.pk/Upload/WebDoc/IndustryStatictics/PKRV0407202523715.csv,PKRV0407202523715.csv,.csv,1,TRUE,READY,,2026-09-28T20:26:13+00:00,AUTO_READY,No metadata anomaly detected.
2603,2025-07-07,2025,PKRV07072025,/Upload/WebDoc/IndustryStatictics/PKRV0707202523719.csv,https://www.mufap.com.pk/Upload/WebDoc/IndustryStatictics/PKRV0707202523719.csv,PKRV0707202523719.csv,.csv,1,TRUE,READY,,2026-09-28T20:26:13+00:00,AUTO_READY,No metadata anomaly detected.
2606,2025-07-08,2025,PKRV08072025,/Upload/WebDoc/IndustryStatictics/PKRV0807202523722.csv,https://www.mufap.com.pk/Upload/WebDoc/IndustryStatictics/PKRV0807202523722.csv,PKRV0807202523722.csv,.csv,1,TRUE,READY,,2026-09-28T20:26:13+00:00,AUTO_READY,No metadata anomaly detected.
2609,2025-07-09,2025,PKRV09072025,/Upload/WebDoc/IndustryStatictics/PKRV0907202523727.csv,https://www.mufap.com.pk/Upload/WebDoc/IndustryStatictics/PKRV0907202523727.csv,PKRV0907202523727.csv,.csv,1,TRUE,READY,,2026-09-28T20:26:13+00:00,AUTO_READY,No metadata anomaly detected.
2612,2025-07-10,2025,PKRV10072025,/Upload/WebDoc/IndustryStatictics/PKRV1007202523732.csv,https://www.mufap.com.pk/Upload/WebDoc/IndustryStatictics/PKRV1007202523732.csv,PKRV1007202523732.csv,.csv,1,TRUE,READY,,2026-09-28T20:26:13+00:00,AUTO_READY,No metadata anomaly detected.
2615,2025-07-11,2025,PKRV11072025,/Upload/WebDoc/IndustryStatictics/PKRV1107202523736.csv,https://www.mufap.com.pk/Upload/WebDoc/IndustryStatictics/PKRV1107202523736.csv,PKRV1107202523736.csv,.csv,1,TRUE,READY,,2026-09-28T20:26:13+00:00,AUTO_READY,No metadata anomaly detected.
2618,2025-07-14,2025,PKRV14072025,/Upload/WebDoc/IndustryStatictics/PKRV1407202523740.csv,https://www.mufap.com.pk/Upload/WebDoc/IndustryStatictics/PKRV1407202523740.csv,PKRV1407202523740.csv,.csv,1,TRUE,READY,,2026-09-28T20:26:13+00:00,AUTO_READY,No metadata anomaly detected.
2621,2025-07-15,2025,PKRV15072025,/Upload/WebDoc/IndustryStatictics/PKRV1507202523744.csv,https://www.mufap.com.pk/Upload/WebDoc/IndustryStatictics/PKRV1507202523744.csv,PKRV1507202523744.csv,.csv,1,TRUE,READY,,2026-09-28T20:26:13+00:00,AUTO_READY,No metadata anomaly detected.
2624,2025-07-16,2025,PKRV16072025,/Upload/WebDoc/IndustryStatictics/PKRV1607202523749.csv,https://www.mufap.com.pk/Upload/WebDoc/IndustryStatictics/PKRV1607202523749.csv,PKRV1607202523749.csv,.csv,1,TRUE,READY,,2026-09-28T20:26:13+00:00,AUTO_READY,No metadata anomaly detected.
2627,2025-07-17,2025,PKRV17072025,/Upload/WebDoc/IndustryStatictics/PKRV1707202523755.csv,https://www.mufap.com.pk/Upload/WebDoc/IndustryStatictics/PKRV1707202523755.csv,PKRV1707202523755.csv,.csv,1,TRUE,READY,,2026-09-28T20:26:13+00:00,AUTO_READY,No metadata anomaly detected.
2630,2025-07-18,2025,PKRV18072025,/Upload/WebDoc/IndustryStatictics/PKRV1807202523761.csv,https://www.mufap.com.pk/Upload/WebDoc/IndustryStatictics/PKRV1807202523761.csv,PKRV1807202523761.csv,.csv,1,TRUE,READY,,2026-09-28T20:26:13+00:00,AUTO_READY,No metadata anomaly detected.
2635,2025-07-21,2025,PKRV21072025,/Upload/WebDoc/IndustryStatictics/PKRV2107202523768.csv,https://www.mufap.com.pk/Upload/WebDoc/IndustryStatictics/PKRV2107202523768.csv,PKRV2107202523768.csv,.csv,1,TRUE,READY,,2026-09-28T20:26:13+00:00,AUTO_READY,No metadata anomaly detected.
2636,2025-07-22,2025,PKRV22072025,/Upload/WebDoc/IndustryStatictics/PKRV2207202523774.csv,https://www.mufap.com.pk/Upload/WebDoc/IndustryStatictics/PKRV2207202523774.csv,PKRV2207202523774.csv,.csv,1,TRUE,READY,,2026-09-28T20:26:13+00:00,AUTO_READY,No metadata anomaly detected.
2639,2025-07-23,2025,PKRV23072025,/Upload/WebDoc/IndustryStatictics/PKRV2307202523781.csv,https://www.mufap.com.pk/Upload/WebDoc/IndustryStatictics/PKRV2307202523781.csv,PKRV2307202523781.csv,.csv,1,TRUE,READY,,2026-09-28T20:26:13+00:00,AUTO_READY,No metadata anomaly detected.
2642,2025-07-24,2025,PKRV24072025,/Upload/WebDoc/IndustryStatictics/PKRV2407202523786.csv,https://www.mufap.com.pk/Upload/WebDoc/IndustryStatictics/PKRV2407202523786.csv,PKRV2407202523786.csv,.csv,1,TRUE,READY,,2026-09-28T20:26:13+00:00,AUTO_READY,No metadata anomaly detected.
2645,2025-07-25,2025,PKRV25072025,/Upload/WebDoc/IndustryStatictics/PKRV2507202523791.csv,https://www.mufap.com.pk/Upload/WebDoc/IndustryStatictics/PKRV2507202523791.csv,PKRV2507202523791.csv,.csv,1,TRUE,READY,,2026-09-28T20:26:13+00:00,AUTO_READY,No metadata anomaly detected.
2648,2025-07-28,2025,PKRV28072025,/Upload/WebDoc/IndustryStatictics/PKRV2807202523797.csv,https://www.mufap.com.pk/Upload/WebDoc/IndustryStatictics/PKRV2807202523797.csv,PKRV2807202523797.csv,.csv,1,TRUE,READY,,2026-09-28T20:26:13+00:00,AUTO_READY,No metadata anomaly detected.
2651,2025-07-29,2025,PKRV29072025,/Upload/WebDoc/IndustryStatictics/PKRV2907202523804.csv,https://www.mufap.com.pk/Upload/WebDoc/IndustryStatictics/PKRV2907202523804.csv,PKRV2907202523804.csv,.csv,1,TRUE,READY,,2026-09-28T20:26:13+00:00,AUTO_READY,No metadata anomaly detected.
2654,2025-07-30,2025,PKRV30072025,/Upload/WebDoc/IndustryStatictics/PKRV3007202523809.csv,https://www.mufap.com.pk/Upload/WebDoc/IndustryStatictics/PKRV3007202523809.csv,PKRV3007202523809.csv,.csv,1,TRUE,READY,,2026-09-28T20:26:13+00:00,AUTO_READY,No metadata anomaly detected.
2657,2025-07-31,2025,PKRV31072025,/Upload/WebDoc/IndustryStatictics/PKRV3107202523814.csv,https://www.mufap.com.pk/Upload/WebDoc/IndustryStatictics/PKRV3107202523814.csv,PKRV3107202523814.csv,.csv,1,TRUE,READY,,2026-09-28T20:26:13+00:00,AUTO_READY,No metadata anomaly detected.
2660,2025-08-01,2025,PKRV01082025,/Upload/WebDoc/IndustryStatictics/PKRV0108202523818.csv,https://www.mufap.com.pk/Upload/WebDoc/IndustryStatictics/PKRV0108202523818.csv,PKRV0108202523818.csv,.csv,1,TRUE,READY,,2026-09-28T20:26:13+00:00,AUTO_READY,No metadata anomaly detected.
2663,2025-08-04,2025,PKRV04082025,/Upload/WebDoc/IndustryStatictics/PKRV0408202523823.csv,https://www.mufap.com.pk/Upload/WebDoc/IndustryStatictics/PKRV0408202523823.csv,PKRV0408202523823.csv,.csv,1,TRUE,READY,,2026-09-28T20:26:13+00:00,AUTO_READY,No metadata anomaly detected.
2666,2025-08-05,2025,PKRV05082025,/Upload/WebDoc/IndustryStatictics/PKRV0508202523832.csv,https://www.mufap.com.pk/Upload/WebDoc/IndustryStatictics/PKRV0508202523832.csv,PKRV0508202523832.csv,.csv,1,TRUE,READY,,2026-09-28T20:26:13+00:00,AUTO_READY,No metadata anomaly detected.
2669,2025-08-06,2025,PKRV06082025,/Upload/WebDoc/IndustryStatictics/PKRV0608202523841.csv,https://www.mufap.com.pk/Upload/WebDoc/IndustryStatictics/PKRV0608202523841.csv,PKRV0608202523841.csv,.csv,1,TRUE,READY,,2026-09-28T20:26:13+00:00,AUTO_READY,No metadata anomaly detected.
2672,2025-08-07,2025,PKRV07082025,/Upload/WebDoc/IndustryStatictics/PKRV0708202523853.csv,https://www.mufap.com.pk/Upload/WebDoc/IndustryStatictics/PKRV0708202523853.csv,PKRV0708202523853.csv,.csv,1,TRUE,READY,,2026-09-28T20:26:13+00:00,AUTO_READY,No metadata anomaly detected.
2675,2025-08-08,2025,PKRV08082025,/Upload/WebDoc/IndustryStatictics/PKRV0808202523861.csv,https://www.mufap.com.pk/Upload/WebDoc/IndustryStatictics/PKRV0808202523861.csv,PKRV0808202523861.csv,.csv,1,TRUE,READY,,2026-09-28T20:26:13+00:00,AUTO_READY,No metadata anomaly detected.
2678,2025-08-11,2025,PKRV11082025,/Upload/WebDoc/IndustryStatictics/PKRV1108202523866.csv,https://www.mufap.com.pk/Upload/WebDoc/IndustryStatictics/PKRV1108202523866.csv,PKRV1108202523866.csv,.csv,1,TRUE,READY,,2026-09-28T20:26:13+00:00,AUTO_READY,No metadata anomaly detected.
2681,2025-08-12,2025,PKRV12082025,/Upload/WebDoc/IndustryStatictics/PKRV1208202523871.csv,https://www.mufap.com.pk/Upload/WebDoc/IndustryStatictics/PKRV1208202523871.csv,PKRV1208202523871.csv,.csv,1,TRUE,READY,,2026-09-28T20:26:13+00:00,AUTO_READY,No metadata anomaly detected.
2684,2025-08-13,2025,PKRV13082025,/Upload/WebDoc/IndustryStatictics/PKRV1308202523876.csv,https://www.mufap.com.pk/Upload/WebDoc/IndustryStatictics/PKRV1308202523876.csv,PKRV1308202523876.csv,.csv,1,TRUE,READY,,2026-09-28T20:26:13+00:00,AUTO_READY,No metadata anomaly detected.
2687,2025-08-15,2025,PKRV15082025,/Upload/WebDoc/IndustryStatictics/PKRV1508202523881.csv,https://www.mufap.com.pk/Upload/WebDoc/IndustryStatictics/PKRV1508202523881.csv,PKRV1508202523881.csv,.csv,1,TRUE,READY,,2026-09-28T20:26:13+00:00,AUTO_READY,No metadata anomaly detected.
2690,2025-08-18,2025,PKRV18082025,/Upload/WebDoc/IndustryStatictics/PKRV1808202523886.csv,https://www.mufap.com.pk/Upload/WebDoc/IndustryStatictics/PKRV1808202523886.csv,PKRV1808202523886.csv,.csv,1,TRUE,READY,,2026-09-28T20:26:13+00:00,AUTO_READY,No metadata anomaly detected.
2695,2025-08-19,2025,PKRV19082025,/Upload/WebDoc/IndustryStatictics/PKRV1908202523891.csv,https://www.mufap.com.pk/Upload/WebDoc/IndustryStatictics/PKRV1908202523891.csv,PKRV1908202523891.csv,.csv,1,TRUE,READY,,2026-09-28T20:26:13+00:00,AUTO_READY,No metadata anomaly detected.
2696,2025-08-20,2025,PKRV20082025,/Upload/WebDoc/IndustryStatictics/PKRV2008202523896.xlsx,https://www.mufap.com.pk/Upload/WebDoc/IndustryStatictics/PKRV2008202523896.xlsx,PKRV2008202523896.xlsx,.xlsx,1,TRUE,REVIEW,NON_CSV_ARTIFACT,2026-09-28T20:26:13+00:00,ANOMALY_RESOLUTION,Valid XLSX workbook with sheet PKRV20082025 and complete canonical 20-tenor Tenor/Mid Rate/Change structure.
2699,2025-08-21,2025,PKRV21082025,/Upload/WebDoc/IndustryStatictics/PKRV2108202523901.csv,https://www.mufap.com.pk/Upload/WebDoc/IndustryStatictics/PKRV2108202523901.csv,PKRV2108202523901.csv,.csv,1,TRUE,READY,,2026-09-28T20:26:13+00:00,AUTO_READY,No metadata anomaly detected.
2702,2025-08-22,2025,PKRV22082025,/Upload/WebDoc/IndustryStatictics/PKRV2208202523908.csv,https://www.mufap.com.pk/Upload/WebDoc/IndustryStatictics/PKRV2208202523908.csv,PKRV2208202523908.csv,.csv,1,TRUE,READY,,2026-09-28T20:26:13+00:00,AUTO_READY,No metadata anomaly detected.
2705,2025-08-25,2025,PKRV25082025,/Upload/WebDoc/IndustryStatictics/PKRV2508202523916.csv,https://www.mufap.com.pk/Upload/WebDoc/IndustryStatictics/PKRV2508202523916.csv,PKRV2508202523916.csv,.csv,1,TRUE,READY,,2026-09-28T20:26:13+00:00,AUTO_READY,No metadata anomaly detected.
2708,2025-08-26,2025,PKRV26082025,/Upload/WebDoc/IndustryStatictics/PKRV2608202523922.csv,https://www.mufap.com.pk/Upload/WebDoc/IndustryStatictics/PKRV2608202523922.csv,PKRV2608202523922.csv,.csv,1,TRUE,READY,,2026-09-28T20:26:13+00:00,AUTO_READY,No metadata anomaly detected.
2711,2025-08-27,2025,PKRV27082025,/Upload/WebDoc/IndustryStatictics/PKRV2708202523925.csv,https://www.mufap.com.pk/Upload/WebDoc/IndustryStatictics/PKRV2708202523925.csv,PKRV2708202523925.csv,.csv,1,TRUE,READY,,2026-09-28T20:26:13+00:00,AUTO_READY,No metadata anomaly detected.
2714,2025-08-28,2025,PKRV28082025,/Upload/WebDoc/IndustryStatictics/PKRV2808202523931.csv,https://www.mufap.com.pk/Upload/WebDoc/IndustryStatictics/PKRV2808202523931.csv,PKRV2808202523931.csv,.csv,1,TRUE,READY,,2026-09-28T20:26:13+00:00,AUTO_READY,No metadata anomaly detected.
2717,2025-08-29,2025,PKRV29082025,/Upload/WebDoc/IndustryStatictics/PKRV2908202523937.csv,https://www.mufap.com.pk/Upload/WebDoc/IndustryStatictics/PKRV2908202523937.csv,PKRV2908202523937.csv,.csv,1,TRUE,READY,,2026-09-28T20:26:13+00:00,AUTO_READY,No metadata anomaly detected.
2720,2025-09-01,2025,PKRV01092025,/Upload/WebDoc/IndustryStatictics/PKRV0109202523943.csv,https://www.mufap.com.pk/Upload/WebDoc/IndustryStatictics/PKRV0109202523943.csv,PKRV0109202523943.csv,.csv,1,TRUE,READY,,2026-09-28T20:26:13+00:00,AUTO_READY,No metadata anomaly detected.
2725,2025-09-02,2025,PKRV02092025,/Upload/WebDoc/IndustryStatictics/PKRV0209202523948.csv,https://www.mufap.com.pk/Upload/WebDoc/IndustryStatictics/PKRV0209202523948.csv,PKRV0209202523948.csv,.csv,1,TRUE,READY,,2026-09-28T20:26:13+00:00,AUTO_READY,No metadata anomaly detected.
2728,2025-09-03,2025,PKRV03092025,/Upload/WebDoc/IndustryStatictics/PKRV0309202523953.csv,https://www.mufap.com.pk/Upload/WebDoc/IndustryStatictics/PKRV0309202523953.csv,PKRV0309202523953.csv,.csv,1,TRUE,READY,,2026-09-28T20:26:13+00:00,AUTO_READY,No metadata anomaly detected.
2729,2025-09-04,2025,PKRV04092025,/Upload/WebDoc/IndustryStatictics/PKRV0409202523955.csv,https://www.mufap.com.pk/Upload/WebDoc/IndustryStatictics/PKRV0409202523955.csv,PKRV0409202523955.csv,.csv,1,TRUE,READY,,2026-09-28T20:26:13+00:00,AUTO_READY,No metadata anomaly detected.
2732,2025-09-05,2025,PKRV05092025,/Upload/WebDoc/IndustryStatictics/PKRV0509202523964.csv,https://www.mufap.com.pk/Upload/WebDoc/IndustryStatictics/PKRV0509202523964.csv,PKRV0509202523964.csv,.csv,1,TRUE,READY,,2026-09-28T20:26:13+00:00,AUTO_READY,No metadata anomaly detected.
2737,2025-09-08,2025,PKRV08092025,/Upload/WebDoc/IndustryStatictics/PKRV0809202523970.csv,https://www.mufap.com.pk/Upload/WebDoc/IndustryStatictics/PKRV0809202523970.csv,PKRV0809202523970.csv,.csv,1,TRUE,READY,,2026-09-28T20:26:13+00:00,AUTO_READY,No metadata anomaly detected.
2738,2025-09-09,2025,PKRV09092025,/Upload/WebDoc/IndustryStatictics/PKRV0909202523973.csv,https://www.mufap.com.pk/Upload/WebDoc/IndustryStatictics/PKRV0909202523973.csv,PKRV0909202523973.csv,.csv,1,TRUE,READY,,2026-09-28T20:26:13+00:00,AUTO_READY,No metadata anomaly detected.
2741,2025-09-10,2025,PKRV10092025,/Upload/WebDoc/IndustryStatictics/PKRV1009202523979.csv,https://www.mufap.com.pk/Upload/WebDoc/IndustryStatictics/PKRV1009202523979.csv,PKRV1009202523979.csv,.csv,1,TRUE,READY,,2026-09-28T20:26:13+00:00,AUTO_READY,No metadata anomaly detected.
2744,2025-09-11,2025,PKRV11092025,/Upload/WebDoc/IndustryStatictics/PKRV1109202523984.csv,https://www.mufap.com.pk/Upload/WebDoc/IndustryStatictics/PKRV1109202523984.csv,PKRV1109202523984.csv,.csv,1,TRUE,READY,,2026-09-28T20:26:13+00:00,AUTO_READY,No metadata anomaly detected.
2749,2025-09-12,2025,PKRV12092025,/Upload/WebDoc/IndustryStatictics/PKRV1209202523991.csv,https://www.mufap.com.pk/Upload/WebDoc/IndustryStatictics/PKRV1209202523991.csv,PKRV1209202523991.csv,.csv,1,TRUE,READY,,2026-09-28T20:26:13+00:00,AUTO_READY,No metadata anomaly detected.
2750,2025-09-15,2025,PKRV15092025,/Upload/WebDoc/IndustryStatictics/PKRV1509202523994.csv,https://www.mufap.com.pk/Upload/WebDoc/IndustryStatictics/PKRV1509202523994.csv,PKRV1509202523994.csv,.csv,1,TRUE,READY,,2026-09-28T20:26:13+00:00,AUTO_READY,No metadata anomaly detected.
2753,2025-09-16,2025,PKRV16092025,/Upload/WebDoc/IndustryStatictics/PKRV1609202523999.csv,https://www.mufap.com.pk/Upload/WebDoc/IndustryStatictics/PKRV1609202523999.csv,PKRV1609202523999.csv,.csv,1,TRUE,READY,,2026-09-28T20:26:13+00:00,AUTO_READY,No metadata anomaly detected.
2756,2025-09-17,2025,PKRV17092025,/Upload/WebDoc/IndustryStatictics/PKRV1709202524006.csv,https://www.mufap.com.pk/Upload/WebDoc/IndustryStatictics/PKRV1709202524006.csv,PKRV1709202524006.csv,.csv,1,TRUE,READY,,2026-09-28T20:26:13+00:00,AUTO_READY,No metadata anomaly detected.
2759,2025-09-18,2025,PKRV18092025,/Upload/WebDoc/IndustryStatictics/PKRV1809202524022.csv,https://www.mufap.com.pk/Upload/WebDoc/IndustryStatictics/PKRV1809202524022.csv,PKRV1809202524022.csv,.csv,1,TRUE,READY,,2026-09-28T20:26:13+00:00,AUTO_READY,No metadata anomaly detected.
2762,2025-09-19,2025,PKRV19092025,/Upload/WebDoc/IndustryStatictics/PKRV1909202524017.csv,https://www.mufap.com.pk/Upload/WebDoc/IndustryStatictics/PKRV1909202524017.csv,PKRV1909202524017.csv,.csv,1,TRUE,READY,,2026-09-28T20:26:13+00:00,AUTO_READY,No metadata anomaly detected.
2765,2025-09-22,2025,PKRV22092025,/Upload/WebDoc/IndustryStatictics/PKRV2209202524025.csv,https://www.mufap.com.pk/Upload/WebDoc/IndustryStatictics/PKRV2209202524025.csv,PKRV2209202524025.csv,.csv,1,TRUE,READY,,2026-09-28T20:26:13+00:00,AUTO_READY,No metadata anomaly detected.
2768,2025-09-23,2025,PKRV23092025,/Upload/WebDoc/IndustryStatictics/PKRV2309202524031.csv,https://www.mufap.com.pk/Upload/WebDoc/IndustryStatictics/PKRV2309202524031.csv,PKRV2309202524031.csv,.csv,1,TRUE,READY,,2026-09-28T20:26:13+00:00,AUTO_READY,No metadata anomaly detected.
2773,2025-09-24,2025,PKRV24092025,/Upload/WebDoc/IndustryStatictics/PKRV2409202524038.csv,https://www.mufap.com.pk/Upload/WebDoc/IndustryStatictics/PKRV2409202524038.csv,PKRV2409202524038.csv,.csv,1,TRUE,READY,,2026-09-28T20:26:13+00:00,AUTO_READY,No metadata anomaly detected.
2774,2025-09-25,2025,PKRV25092025,/Upload/WebDoc/IndustryStatictics/PKRV2509202524041.csv,https://www.mufap.com.pk/Upload/WebDoc/IndustryStatictics/PKRV2509202524041.csv,PKRV2509202524041.csv,.csv,1,TRUE,READY,,2026-09-28T20:26:13+00:00,AUTO_READY,No metadata anomaly detected.
2777,2025-09-26,2025,PKRV26092025,/Upload/WebDoc/IndustryStatictics/PKRV2609202524046.csv,https://www.mufap.com.pk/Upload/WebDoc/IndustryStatictics/PKRV2609202524046.csv,PKRV2609202524046.csv,.csv,1,TRUE,READY,,2026-09-28T20:26:13+00:00,AUTO_READY,No metadata anomaly detected.
2780,2025-09-29,2025,PKRV29092025,/Upload/WebDoc/IndustryStatictics/PKRV2909202524051.csv,https://www.mufap.com.pk/Upload/WebDoc/IndustryStatictics/PKRV2909202524051.csv,PKRV2909202524051.csv,.csv,1,TRUE,READY,,2026-09-28T20:26:13+00:00,AUTO_READY,No metadata anomaly detected.
2785,2025-09-30,2025,PKRV30092025,/Upload/WebDoc/IndustryStatictics/PKRV3009202524059.csv,https://www.mufap.com.pk/Upload/WebDoc/IndustryStatictics/PKRV3009202524059.csv,PKRV3009202524059.csv,.csv,1,TRUE,READY,,2026-09-28T20:26:13+00:00,AUTO_READY,No metadata anomaly detected.
2786,2025-10-01,2025,PKRV01102025,/Upload/WebDoc/IndustryStatictics/PKRV0110202524062.csv,https://www.mufap.com.pk/Upload/WebDoc/IndustryStatictics/PKRV0110202524062.csv,PKRV0110202524062.csv,.csv,1,TRUE,READY,,2026-09-28T20:26:13+00:00,AUTO_READY,No metadata anomaly detected.
2789,2025-10-02,2025,PKRV02102025,/Upload/WebDoc/IndustryStatictics/PKRV0210202524066.csv,https://www.mufap.com.pk/Upload/WebDoc/IndustryStatictics/PKRV0210202524066.csv,PKRV0210202524066.csv,.csv,1,TRUE,READY,,2026-09-28T20:26:13+00:00,AUTO_READY,No metadata anomaly detected.
2792,2025-10-03,2025,PKRV03102025,/Upload/WebDoc/IndustryStatictics/PKRV0310202524072.csv,https://www.mufap.com.pk/Upload/WebDoc/IndustryStatictics/PKRV0310202524072.csv,PKRV0310202524072.csv,.csv,1,TRUE,READY,,2026-09-28T20:26:13+00:00,AUTO_READY,No metadata anomaly detected.
2795,2025-10-06,2025,PKRV06102025,/Upload/WebDoc/IndustryStatictics/PKRV0610202524079.csv,https://www.mufap.com.pk/Upload/WebDoc/IndustryStatictics/PKRV0610202524079.csv,PKRV0610202524079.csv,.csv,1,TRUE,READY,,2026-09-28T20:26:13+00:00,AUTO_READY,No metadata anomaly detected.
2798,2025-10-07,2025,PKRV07102025,/Upload/WebDoc/IndustryStatictics/PKRV0710202524083.csv,https://www.mufap.com.pk/Upload/WebDoc/IndustryStatictics/PKRV0710202524083.csv,PKRV0710202524083.csv,.csv,1,TRUE,READY,,2026-09-28T20:26:13+00:00,AUTO_READY,No metadata anomaly detected.
2801,2025-10-08,2025,PKRV08102025,/Upload/WebDoc/IndustryStatictics/PKRV0810202524091.csv,https://www.mufap.com.pk/Upload/WebDoc/IndustryStatictics/PKRV0810202524091.csv,PKRV0810202524091.csv,.csv,1,TRUE,READY,,2026-09-28T20:26:13+00:00,AUTO_READY,No metadata anomaly detected.
2804,2025-10-09,2025,PKRV09102025,/Upload/WebDoc/IndustryStatictics/PKRV0910202524095.csv,https://www.mufap.com.pk/Upload/WebDoc/IndustryStatictics/PKRV0910202524095.csv,PKRV0910202524095.csv,.csv,1,TRUE,READY,,2026-09-28T20:26:13+00:00,AUTO_READY,No metadata anomaly detected.
2807,2025-10-10,2025,PKRV10102025,/Upload/WebDoc/IndustryStatictics/PKRV1010202524099.csv,https://www.mufap.com.pk/Upload/WebDoc/IndustryStatictics/PKRV1010202524099.csv,PKRV1010202524099.csv,.csv,1,TRUE,READY,,2026-09-28T20:26:13+00:00,AUTO_READY,No metadata anomaly detected.
2810,2025-10-13,2025,PKRV13102025,/Upload/WebDoc/IndustryStatictics/PKRV1310202524104.csv,https://www.mufap.com.pk/Upload/WebDoc/IndustryStatictics/PKRV1310202524104.csv,PKRV1310202524104.csv,.csv,1,TRUE,READY,,2026-09-28T20:26:13+00:00,AUTO_READY,No metadata anomaly detected.
2814,2025-10-14,2025,PKRV14102025,/Upload/WebDoc/IndustryStatictics/PKRV1410202524111.csv,https://www.mufap.com.pk/Upload/WebDoc/IndustryStatictics/PKRV1410202524111.csv,PKRV1410202524111.csv,.csv,1,TRUE,READY,,2026-09-28T20:26:13+00:00,AUTO_READY,No metadata anomaly detected.
2816,2025-10-15,2025,PKRV15102025,/Upload/WebDoc/IndustryStatictics/PKRV1510202524117.csv,https://www.mufap.com.pk/Upload/WebDoc/IndustryStatictics/PKRV1510202524117.csv,PKRV1510202524117.csv,.csv,1,TRUE,READY,,2026-09-28T20:26:13+00:00,AUTO_READY,No metadata anomaly detected.
2819,2025-10-16,2025,PKRV16102025,/Upload/WebDoc/IndustryStatictics/PKRV1610202524123.csv,https://www.mufap.com.pk/Upload/WebDoc/IndustryStatictics/PKRV1610202524123.csv,PKRV1610202524123.csv,.csv,1,TRUE,READY,,2026-09-28T20:26:13+00:00,AUTO_READY,No metadata anomaly detected.
2822,2025-10-17,2025,PKRV17102025,/Upload/WebDoc/IndustryStatictics/PKRV1710202524128.csv,https://www.mufap.com.pk/Upload/WebDoc/IndustryStatictics/PKRV1710202524128.csv,PKRV1710202524128.csv,.csv,1,TRUE,READY,,2026-09-28T20:26:13+00:00,AUTO_READY,No metadata anomaly detected.
2825,2025-10-20,2025,PKRV20102025,/Upload/WebDoc/IndustryStatictics/PKRV2010202524132.csv,https://www.mufap.com.pk/Upload/WebDoc/IndustryStatictics/PKRV2010202524132.csv,PKRV2010202524132.csv,.csv,1,TRUE,READY,,2026-09-28T20:26:13+00:00,AUTO_READY,No metadata anomaly detected.
2828,2025-10-21,2025,PKRV21102025,/Upload/WebDoc/IndustryStatictics/PKRV2110202524138.csv,https://www.mufap.com.pk/Upload/WebDoc/IndustryStatictics/PKRV2110202524138.csv,PKRV2110202524138.csv,.csv,1,TRUE,READY,,2026-09-28T20:26:13+00:00,AUTO_READY,No metadata anomaly detected.
2831,2025-10-22,2025,PKRV22102025,/Upload/WebDoc/IndustryStatictics/PKRV2210202524142.csv,https://www.mufap.com.pk/Upload/WebDoc/IndustryStatictics/PKRV2210202524142.csv,PKRV2210202524142.csv,.csv,1,TRUE,READY,,2026-09-28T20:26:13+00:00,AUTO_READY,No metadata anomaly detected.
2834,2025-10-23,2025,PKRV23102025,/Upload/WebDoc/IndustryStatictics/PKRV2310202524149.csv,https://www.mufap.com.pk/Upload/WebDoc/IndustryStatictics/PKRV2310202524149.csv,PKRV2310202524149.csv,.csv,1,TRUE,READY,,2026-09-28T20:26:13+00:00,AUTO_READY,No metadata anomaly detected.
2837,2025-10-24,2025,PKRV24102025,/Upload/WebDoc/IndustryStatictics/PKRV2410202524154.csv,https://www.mufap.com.pk/Upload/WebDoc/IndustryStatictics/PKRV2410202524154.csv,PKRV2410202524154.csv,.csv,1,TRUE,READY,,2026-09-28T20:26:13+00:00,AUTO_READY,No metadata anomaly detected.
2840,2025-10-27,2025,PKRV27102025,/Upload/WebDoc/IndustryStatictics/PKRV2710202524159.csv,https://www.mufap.com.pk/Upload/WebDoc/IndustryStatictics/PKRV2710202524159.csv,PKRV2710202524159.csv,.csv,1,TRUE,READY,,2026-09-28T20:26:13+00:00,AUTO_READY,No metadata anomaly detected.
2843,2025-10-28,2025,PKRV28102025,/Upload/WebDoc/IndustryStatictics/PKRV2810202524164.csv,https://www.mufap.com.pk/Upload/WebDoc/IndustryStatictics/PKRV2810202524164.csv,PKRV2810202524164.csv,.csv,1,TRUE,READY,,2026-09-28T20:26:13+00:00,AUTO_READY,No metadata anomaly detected.
2846,2025-10-29,2025,PKRV29102025,/Upload/WebDoc/IndustryStatictics/PKRV2910202524169.csv,https://www.mufap.com.pk/Upload/WebDoc/IndustryStatictics/PKRV2910202524169.csv,PKRV2910202524169.csv,.csv,1,TRUE,READY,,2026-09-28T20:26:13+00:00,AUTO_READY,No metadata anomaly detected.
2849,2025-10-30,2025,PKRV30102025,/Upload/WebDoc/IndustryStatictics/PKRV3010202524174.csv,https://www.mufap.com.pk/Upload/WebDoc/IndustryStatictics/PKRV3010202524174.csv,PKRV3010202524174.csv,.csv,1,TRUE,READY,,2026-09-28T20:26:13+00:00,AUTO_READY,No metadata anomaly detected.
2852,2025-10-31,2025,PKRV31102025,/Upload/WebDoc/IndustryStatictics/PKRV3110202524179.csv,https://www.mufap.com.pk/Upload/WebDoc/IndustryStatictics/PKRV3110202524179.csv,PKRV3110202524179.csv,.csv,1,TRUE,READY,,2026-09-28T20:26:13+00:00,AUTO_READY,No metadata anomaly detected.
2855,2025-11-03,2025,PKRV03112025,/Upload/WebDoc/IndustryStatictics/PKRV0311202524183.csv,https://www.mufap.com.pk/Upload/WebDoc/IndustryStatictics/PKRV0311202524183.csv,PKRV0311202524183.csv,.csv,1,TRUE,READY,,2026-09-28T20:26:13+00:00,AUTO_READY,No metadata anomaly detected.
2858,2025-11-04,2025,PKRV04112025,/Upload/WebDoc/IndustryStatictics/PKRV0411202524188.csv,https://www.mufap.com.pk/Upload/WebDoc/IndustryStatictics/PKRV0411202524188.csv,PKRV0411202524188.csv,.csv,1,TRUE,READY,,2026-09-28T20:26:13+00:00,AUTO_READY,No metadata anomaly detected.
2861,2025-11-05,2025,PKRV05112025,/Upload/WebDoc/IndustryStatictics/PKRV0511202524195.csv,https://www.mufap.com.pk/Upload/WebDoc/IndustryStatictics/PKRV0511202524195.csv,PKRV0511202524195.csv,.csv,1,TRUE,READY,,2026-09-28T20:26:13+00:00,AUTO_READY,No metadata anomaly detected.
2864,2025-11-06,2025,PKRV06112025,/Upload/WebDoc/IndustryStatictics/PKRV0611202524202.csv,https://www.mufap.com.pk/Upload/WebDoc/IndustryStatictics/PKRV0611202524202.csv,PKRV0611202524202.csv,.csv,1,TRUE,READY,,2026-09-28T20:26:13+00:00,AUTO_READY,No metadata anomaly detected.
2867,2025-11-07,2025,PKRV07112025,/Upload/WebDoc/IndustryStatictics/PKRV0711202524205.csv,https://www.mufap.com.pk/Upload/WebDoc/IndustryStatictics/PKRV0711202524205.csv,PKRV0711202524205.csv,.csv,1,TRUE,READY,,2026-09-28T20:26:13+00:00,AUTO_READY,No metadata anomaly detected.
2870,2025-11-10,2025,PKRV10112025,/Upload/WebDoc/IndustryStatictics/PKRV1011202524210.csv,https://www.mufap.com.pk/Upload/WebDoc/IndustryStatictics/PKRV1011202524210.csv,PKRV1011202524210.csv,.csv,1,TRUE,READY,,2026-09-28T20:26:13+00:00,AUTO_READY,No metadata anomaly detected.
2873,2025-11-11,2025,PKRV11112025,/Upload/WebDoc/IndustryStatictics/PKRV1111202524215.csv,https://www.mufap.com.pk/Upload/WebDoc/IndustryStatictics/PKRV1111202524215.csv,PKRV1111202524215.csv,.csv,1,TRUE,READY,,2026-09-28T20:26:13+00:00,AUTO_READY,No metadata anomaly detected.
2876,2025-11-12,2025,PKRV12112025,/Upload/WebDoc/IndustryStatictics/PKRV1211202524220.csv,https://www.mufap.com.pk/Upload/WebDoc/IndustryStatictics/PKRV1211202524220.csv,PKRV1211202524220.csv,.csv,1,TRUE,READY,,2026-09-28T20:26:13+00:00,AUTO_READY,No metadata anomaly detected.
2879,2025-11-13,2025,PKRV13112025,/Upload/WebDoc/IndustryStatictics/PKRV1311202524226.csv,https://www.mufap.com.pk/Upload/WebDoc/IndustryStatictics/PKRV1311202524226.csv,PKRV1311202524226.csv,.csv,1,TRUE,READY,,2026-09-28T20:26:13+00:00,AUTO_READY,No metadata anomaly detected.
2882,2025-11-14,2025,PKRV14112025,/Upload/WebDoc/IndustryStatictics/PKRV1411202524230.csv,https://www.mufap.com.pk/Upload/WebDoc/IndustryStatictics/PKRV1411202524230.csv,PKRV1411202524230.csv,.csv,1,TRUE,READY,,2026-09-28T20:26:13+00:00,AUTO_READY,No metadata anomaly detected.
2885,2025-11-17,2025,PKRV17112025,/Upload/WebDoc/IndustryStatictics/PKRV1711202524235.csv,https://www.mufap.com.pk/Upload/WebDoc/IndustryStatictics/PKRV1711202524235.csv,PKRV1711202524235.csv,.csv,1,TRUE,READY,,2026-09-28T20:26:13+00:00,AUTO_READY,No metadata anomaly detected.
2890,2025-11-18,2025,PKRV18112025,/Upload/WebDoc/IndustryStatictics/PKRV1811202524241.csv,https://www.mufap.com.pk/Upload/WebDoc/IndustryStatictics/PKRV1811202524241.csv,PKRV1811202524241.csv,.csv,1,TRUE,READY,,2026-09-28T20:26:13+00:00,AUTO_READY,No metadata anomaly detected.
2891,2025-11-19,2025,PKRV19112025,/Upload/WebDoc/IndustryStatictics/PKRV1911202524242.csv,https://www.mufap.com.pk/Upload/WebDoc/IndustryStatictics/PKRV1911202524242.csv,PKRV1911202524242.csv,.csv,1,TRUE,READY,,2026-09-28T20:26:13+00:00,AUTO_READY,No metadata anomaly detected.
2894,2025-11-20,2025,PKRV20112025,/Upload/WebDoc/IndustryStatictics/PKRV2011202524249.csv,https://www.mufap.com.pk/Upload/WebDoc/IndustryStatictics/PKRV2011202524249.csv,PKRV2011202524249.csv,.csv,1,TRUE,READY,,2026-09-28T20:26:13+00:00,AUTO_READY,No metadata anomaly detected.
2897,2025-11-21,2025,PKRV21112025,/Upload/WebDoc/IndustryStatictics/PKRV2111202524253.csv,https://www.mufap.com.pk/Upload/WebDoc/IndustryStatictics/PKRV2111202524253.csv,PKRV2111202524253.csv,.csv,1,TRUE,READY,,2026-09-28T20:26:13+00:00,AUTO_READY,No metadata anomaly detected.
2900,2025-11-24,2025,PKRV24112025,/Upload/WebDoc/IndustryStatictics/PKRV2411202524257.csv,https://www.mufap.com.pk/Upload/WebDoc/IndustryStatictics/PKRV2411202524257.csv,PKRV2411202524257.csv,.csv,1,TRUE,READY,,2026-09-28T20:26:13+00:00,AUTO_READY,No metadata anomaly detected.
2903,2025-11-25,2025,PKRV25112025,/Upload/WebDoc/IndustryStatictics/PKRV2511202524261.csv,https://www.mufap.com.pk/Upload/WebDoc/IndustryStatictics/PKRV2511202524261.csv,PKRV2511202524261.csv,.csv,1,TRUE,READY,,2026-09-28T20:26:13+00:00,AUTO_READY,No metadata anomaly detected.
2906,2025-11-26,2025,PKRV26112025,/Upload/WebDoc/IndustryStatictics/PKRV2611202524265.csv,https://www.mufap.com.pk/Upload/WebDoc/IndustryStatictics/PKRV2611202524265.csv,PKRV2611202524265.csv,.csv,1,TRUE,READY,,2026-09-28T20:26:13+00:00,AUTO_READY,No metadata anomaly detected.
2909,2025-11-27,2025,PKRV27112025,/Upload/WebDoc/IndustryStatictics/PKRV2711202524269.csv,https://www.mufap.com.pk/Upload/WebDoc/IndustryStatictics/PKRV2711202524269.csv,PKRV2711202524269.csv,.csv,1,TRUE,READY,,2026-09-28T20:26:13+00:00,AUTO_READY,No metadata anomaly detected.
2912,2025-11-28,2025,PKRV28112025,/Upload/WebDoc/IndustryStatictics/PKRV2811202524273.csv,https://www.mufap.com.pk/Upload/WebDoc/IndustryStatictics/PKRV2811202524273.csv,PKRV2811202524273.csv,.csv,1,TRUE,READY,,2026-09-28T20:26:13+00:00,AUTO_READY,No metadata anomaly detected.
2915,2025-12-01,2025,PKRV01122025,/Upload/WebDoc/IndustryStatictics/PKRV0112202524279.csv,https://www.mufap.com.pk/Upload/WebDoc/IndustryStatictics/PKRV0112202524279.csv,PKRV0112202524279.csv,.csv,1,TRUE,READY,,2026-09-28T20:26:13+00:00,AUTO_READY,No metadata anomaly detected.
2918,2025-12-02,2025,PKRV02122025,/Upload/WebDoc/IndustryStatictics/PKRV0212202524288.csv,https://www.mufap.com.pk/Upload/WebDoc/IndustryStatictics/PKRV0212202524288.csv,PKRV0212202524288.csv,.csv,1,TRUE,READY,,2026-09-28T20:26:13+00:00,AUTO_READY,No metadata anomaly detected.
2921,2025-12-03,2025,PKRV03122025,/Upload/WebDoc/IndustryStatictics/PKRV0312202524293.csv,https://www.mufap.com.pk/Upload/WebDoc/IndustryStatictics/PKRV0312202524293.csv,PKRV0312202524293.csv,.csv,1,TRUE,READY,,2026-09-28T20:26:13+00:00,AUTO_READY,No metadata anomaly detected.
2924,2025-12-04,2025,PKRV04122025,/Upload/WebDoc/IndustryStatictics/PKRV0412202524399.csv,https://www.mufap.com.pk/Upload/WebDoc/IndustryStatictics/PKRV0412202524399.csv,PKRV0412202524399.csv,.csv,1,TRUE,READY,,2026-09-28T20:26:13+00:00,AUTO_READY,No metadata anomaly detected.
2927,2025-12-05,2025,PKRV05122025,/Upload/WebDoc/IndustryStatictics/PKRV0512202524406.csv,https://www.mufap.com.pk/Upload/WebDoc/IndustryStatictics/PKRV0512202524406.csv,PKRV0512202524406.csv,.csv,1,TRUE,READY,,2026-09-28T20:26:13+00:00,AUTO_READY,No metadata anomaly detected.
2930,2025-12-08,2025,PKRV08122025,/Upload/WebDoc/IndustryStatictics/PKRV0812202524413.csv,https://www.mufap.com.pk/Upload/WebDoc/IndustryStatictics/PKRV0812202524413.csv,PKRV0812202524413.csv,.csv,1,TRUE,READY,,2026-09-28T20:26:13+00:00,AUTO_READY,No metadata anomaly detected.
2933,2025-12-09,2025,PKRV09122025,/Upload/WebDoc/IndustryStatictics/PKRV0912202524418.csv,https://www.mufap.com.pk/Upload/WebDoc/IndustryStatictics/PKRV0912202524418.csv,PKRV0912202524418.csv,.csv,1,TRUE,READY,,2026-09-28T20:26:13+00:00,AUTO_READY,No metadata anomaly detected.
2936,2025-12-10,2025,PKRV10122025,/Upload/WebDoc/IndustryStatictics/PKRV1012202524423.csv,https://www.mufap.com.pk/Upload/WebDoc/IndustryStatictics/PKRV1012202524423.csv,PKRV1012202524423.csv,.csv,1,TRUE,READY,,2026-09-28T20:26:13+00:00,AUTO_READY,No metadata anomaly detected.
2939,2025-12-11,2025,PKRV11122025,/Upload/WebDoc/IndustryStatictics/PKRV1112202524428.csv,https://www.mufap.com.pk/Upload/WebDoc/IndustryStatictics/PKRV1112202524428.csv,PKRV1112202524428.csv,.csv,1,TRUE,READY,,2026-09-28T20:26:13+00:00,AUTO_READY,No metadata anomaly detected.
2942,2025-12-12,2025,PKRV12122025,/Upload/WebDoc/IndustryStatictics/PKRV1212202524433.csv,https://www.mufap.com.pk/Upload/WebDoc/IndustryStatictics/PKRV1212202524433.csv,PKRV1212202524433.csv,.csv,1,TRUE,READY,,2026-09-28T20:26:13+00:00,AUTO_READY,No metadata anomaly detected.
2945,2025-12-15,2025,PKRV15122025,/Upload/WebDoc/IndustryStatictics/PKRV1512202524437.csv,https://www.mufap.com.pk/Upload/WebDoc/IndustryStatictics/PKRV1512202524437.csv,PKRV1512202524437.csv,.csv,1,TRUE,READY,,2026-09-28T20:26:13+00:00,AUTO_READY,No metadata anomaly detected.
2948,2025-12-16,2025,PKRV16122025,/Upload/WebDoc/IndustryStatictics/PKRV1612202524444.csv,https://www.mufap.com.pk/Upload/WebDoc/IndustryStatictics/PKRV1612202524444.csv,PKRV1612202524444.csv,.csv,1,TRUE,READY,,2026-09-28T20:26:13+00:00,AUTO_READY,No metadata anomaly detected.
2951,2025-12-17,2025,PKRV17122025,/Upload/WebDoc/IndustryStatictics/PKRV1712202524451.csv,https://www.mufap.com.pk/Upload/WebDoc/IndustryStatictics/PKRV1712202524451.csv,PKRV1712202524451.csv,.csv,1,TRUE,READY,,2026-09-28T20:26:13+00:00,AUTO_READY,No metadata anomaly detected.
2954,2025-12-18,2025,PKRV18122025,/Upload/WebDoc/IndustryStatictics/PKRV1812202524456.csv,https://www.mufap.com.pk/Upload/WebDoc/IndustryStatictics/PKRV1812202524456.csv,PKRV1812202524456.csv,.csv,1,TRUE,READY,,2026-09-28T20:26:13+00:00,AUTO_READY,No metadata anomaly detected.
2957,2025-12-19,2025,PKRV19122025,/Upload/WebDoc/IndustryStatictics/PKRV1912202524461.csv,https://www.mufap.com.pk/Upload/WebDoc/IndustryStatictics/PKRV1912202524461.csv,PKRV1912202524461.csv,.csv,1,TRUE,READY,,2026-09-28T20:26:13+00:00,AUTO_READY,No metadata anomaly detected.
2960,2025-12-22,2025,PKRV22122025,/Upload/WebDoc/IndustryStatictics/PKRV2212202524466.csv,https://www.mufap.com.pk/Upload/WebDoc/IndustryStatictics/PKRV2212202524466.csv,PKRV2212202524466.csv,.csv,1,TRUE,READY,,2026-09-28T20:26:13+00:00,AUTO_READY,No metadata anomaly detected.
2963,2025-12-23,2025,PKRV23122025,/Upload/WebDoc/IndustryStatictics/PKRV2312202524471.csv,https://www.mufap.com.pk/Upload/WebDoc/IndustryStatictics/PKRV2312202524471.csv,PKRV2312202524471.csv,.csv,1,TRUE,READY,,2026-09-28T20:26:13+00:00,AUTO_READY,No metadata anomaly detected.
2966,2025-12-24,2025,PKRV24122025,/Upload/WebDoc/IndustryStatictics/PKRV2412202524476.csv,https://www.mufap.com.pk/Upload/WebDoc/IndustryStatictics/PKRV2412202524476.csv,PKRV2412202524476.csv,.csv,1,TRUE,READY,,2026-09-28T20:26:13+00:00,AUTO_READY,No metadata anomaly detected.
2969,2025-12-26,2025,PKRV26122025,/Upload/WebDoc/IndustryStatictics/PKRV2612202524481.csv,https://www.mufap.com.pk/Upload/WebDoc/IndustryStatictics/PKRV2612202524481.csv,PKRV2612202524481.csv,.csv,1,TRUE,READY,,2026-09-28T20:26:13+00:00,AUTO_READY,No metadata anomaly detected.
2972,2025-12-29,2025,PKRV29122025,/Upload/WebDoc/IndustryStatictics/PKRV2912202524487.csv,https://www.mufap.com.pk/Upload/WebDoc/IndustryStatictics/PKRV2912202524487.csv,PKRV2912202524487.csv,.csv,1,TRUE,READY,,2026-09-28T20:26:13+00:00,AUTO_READY,No metadata anomaly detected.
2975,2025-12-30,2025,PKRV30122025,/Upload/WebDoc/IndustryStatictics/PKRV3012202524492.csv,https://www.mufap.com.pk/Upload/WebDoc/IndustryStatictics/PKRV3012202524492.csv,PKRV3012202524492.csv,.csv,1,TRUE,READY,,2026-09-28T20:26:13+00:00,AUTO_READY,No metadata anomaly detected.
2978,2025-12-31,2025,PKRV31122025,/Upload/WebDoc/IndustryStatictics/PKRV3112202524497.csv,https://www.mufap.com.pk/Upload/WebDoc/IndustryStatictics/PKRV3112202524497.csv,PKRV3112202524497.csv,.csv,1,TRUE,READY,,2026-09-28T20:26:13+00:00,AUTO_READY,No metadata anomaly detected.
2981,2026-01-02,2026,PKRV02012026,/Upload/WebDoc/IndustryStatictics/PKRV0201202624508.csv,https://www.mufap.com.pk/Upload/WebDoc/IndustryStatictics/PKRV0201202624508.csv,PKRV0201202624508.csv,.csv,1,TRUE,READY,,2026-09-28T20:26:13+00:00,AUTO_READY,No metadata anomaly detected.
2984,2026-01-05,2026,PKRV05012026,/Upload/WebDoc/IndustryStatictics/PKRV0501202624519.csv,https://www.mufap.com.pk/Upload/WebDoc/IndustryStatictics/PKRV0501202624519.csv,PKRV0501202624519.csv,.csv,1,TRUE,READY,,2026-09-28T20:26:13+00:00,AUTO_READY,No metadata anomaly detected.
2987,2026-01-06,2026,PKRV06012026,/Upload/WebDoc/IndustryStatictics/PKRV0601202624523.csv,https://www.mufap.com.pk/Upload/WebDoc/IndustryStatictics/PKRV0601202624523.csv,PKRV0601202624523.csv,.csv,1,TRUE,READY,,2026-09-28T20:26:13+00:00,AUTO_READY,No metadata anomaly detected.
2990,2026-01-07,2026,PKRV07012026,/Upload/WebDoc/IndustryStatictics/PKRV0701202624529.csv,https://www.mufap.com.pk/Upload/WebDoc/IndustryStatictics/PKRV0701202624529.csv,PKRV0701202624529.csv,.csv,1,TRUE,READY,,2026-09-28T20:26:13+00:00,AUTO_READY,No metadata anomaly detected.
2993,2026-01-08,2026,PKRV08012026,/Upload/WebDoc/IndustryStatictics/PKRV0801202624534.csv,https://www.mufap.com.pk/Upload/WebDoc/IndustryStatictics/PKRV0801202624534.csv,PKRV0801202624534.csv,.csv,1,TRUE,READY,,2026-09-28T20:26:13+00:00,AUTO_READY,No metadata anomaly detected.
2996,2026-01-09,2026,PKRV09012026,/Upload/WebDoc/IndustryStatictics/PKRV0901202624539.csv,https://www.mufap.com.pk/Upload/WebDoc/IndustryStatictics/PKRV0901202624539.csv,PKRV0901202624539.csv,.csv,1,TRUE,READY,,2026-09-28T20:26:13+00:00,AUTO_READY,No metadata anomaly detected.
2999,2026-01-12,2026,PKRV12012026,/Upload/WebDoc/IndustryStatictics/PKRV1201202624544.csv,https://www.mufap.com.pk/Upload/WebDoc/IndustryStatictics/PKRV1201202624544.csv,PKRV1201202624544.csv,.csv,1,TRUE,READY,,2026-09-28T20:26:13+00:00,AUTO_READY,No metadata anomaly detected.
3002,2026-01-13,2026,PKRV13012026,/Upload/WebDoc/IndustryStatictics/PKRV1301202624549.csv,https://www.mufap.com.pk/Upload/WebDoc/IndustryStatictics/PKRV1301202624549.csv,PKRV1301202624549.csv,.csv,1,TRUE,READY,,2026-09-28T20:26:13+00:00,AUTO_READY,No metadata anomaly detected.
3005,2026-01-14,2026,PKRV14012026,/Upload/WebDoc/IndustryStatictics/PKRV1401202624554.csv,https://www.mufap.com.pk/Upload/WebDoc/IndustryStatictics/PKRV1401202624554.csv,PKRV1401202624554.csv,.csv,1,TRUE,READY,,2026-09-28T20:26:13+00:00,AUTO_READY,No metadata anomaly detected.
3008,2026-01-15,2026,PKRV15012026,/Upload/WebDoc/IndustryStatictics/PKRV1501202624558.csv,https://www.mufap.com.pk/Upload/WebDoc/IndustryStatictics/PKRV1501202624558.csv,PKRV1501202624558.csv,.csv,1,TRUE,READY,,2026-09-28T20:26:13+00:00,AUTO_READY,No metadata anomaly detected.
3011,2026-01-16,2026,PKRV16012026,/Upload/WebDoc/IndustryStatictics/PKRV1601202624564.csv,https://www.mufap.com.pk/Upload/WebDoc/IndustryStatictics/PKRV1601202624564.csv,PKRV1601202624564.csv,.csv,1,TRUE,READY,,2026-09-28T20:26:13+00:00,AUTO_READY,No metadata anomaly detected.
3014,2026-01-19,2026,PKRV19012026,/Upload/WebDoc/IndustryStatictics/PKRV1901202624569.csv,https://www.mufap.com.pk/Upload/WebDoc/IndustryStatictics/PKRV1901202624569.csv,PKRV1901202624569.csv,.csv,1,TRUE,READY,,2026-09-28T20:26:13+00:00,AUTO_READY,No metadata anomaly detected.
3017,2026-01-20,2026,PKRV20012026,/Upload/WebDoc/IndustryStatictics/PKRV2001202624574.csv,https://www.mufap.com.pk/Upload/WebDoc/IndustryStatictics/PKRV2001202624574.csv,PKRV2001202624574.csv,.csv,1,TRUE,READY,,2026-09-28T20:26:13+00:00,AUTO_READY,No metadata anomaly detected.
3020,2026-01-21,2026,PKRV21012026,/Upload/WebDoc/IndustryStatictics/PKRV2101202624579.csv,https://www.mufap.com.pk/Upload/WebDoc/IndustryStatictics/PKRV2101202624579.csv,PKRV2101202624579.csv,.csv,1,TRUE,READY,,2026-09-28T20:26:13+00:00,AUTO_READY,No metadata anomaly detected.
3025,2026-01-22,2026,PKRV22012026,/Upload/WebDoc/IndustryStatictics/PKRV2201202624590.csv,https://www.mufap.com.pk/Upload/WebDoc/IndustryStatictics/PKRV2201202624590.csv,PKRV2201202624590.csv,.csv,1,TRUE,READY,,2026-09-28T20:26:13+00:00,AUTO_READY,No metadata anomaly detected.
3026,2026-01-23,2026,PKRV23012026,/Upload/WebDoc/IndustryStatictics/PKRV2301202624594.csv,https://www.mufap.com.pk/Upload/WebDoc/IndustryStatictics/PKRV2301202624594.csv,PKRV2301202624594.csv,.csv,1,TRUE,READY,,2026-09-28T20:26:13+00:00,AUTO_READY,No metadata anomaly detected.
3029,2026-01-26,2026,PKRV26012026,/Upload/WebDoc/IndustryStatictics/PKRV2601202624599.csv,https://www.mufap.com.pk/Upload/WebDoc/IndustryStatictics/PKRV2601202624599.csv,PKRV2601202624599.csv,.csv,1,TRUE,READY,,2026-09-28T20:26:13+00:00,AUTO_READY,No metadata anomaly detected.
3032,2026-01-27,2026,PKRV27012026,/Upload/WebDoc/IndustryStatictics/PKRV2701202624604.csv,https://www.mufap.com.pk/Upload/WebDoc/IndustryStatictics/PKRV2701202624604.csv,PKRV2701202624604.csv,.csv,1,TRUE,READY,,2026-09-28T20:26:13+00:00,AUTO_READY,No metadata anomaly detected.
3035,2026-01-28,2026,PKRV28012026,/Upload/WebDoc/IndustryStatictics/PKRV2801202624609.csv,https://www.mufap.com.pk/Upload/WebDoc/IndustryStatictics/PKRV2801202624609.csv,PKRV2801202624609.csv,.csv,1,TRUE,READY,,2026-09-28T20:26:13+00:00,AUTO_READY,No metadata anomaly detected.
3038,2026-01-29,2026,PKRV29012026,/Upload/WebDoc/IndustryStatictics/PKRV2901202624616.csv,https://www.mufap.com.pk/Upload/WebDoc/IndustryStatictics/PKRV2901202624616.csv,PKRV2901202624616.csv,.csv,1,TRUE,READY,,2026-09-28T20:26:13+00:00,AUTO_READY,No metadata anomaly detected.
3041,2026-01-30,2026,PKRV30012026,/Upload/WebDoc/IndustryStatictics/PKRV3001202624619.csv,https://www.mufap.com.pk/Upload/WebDoc/IndustryStatictics/PKRV3001202624619.csv,PKRV3001202624619.csv,.csv,1,TRUE,READY,,2026-09-28T20:26:13+00:00,AUTO_READY,No metadata anomaly detected.
3044,2026-02-02,2026,PKRV02022026,/Upload/WebDoc/IndustryStatictics/PKRV0202202624627.csv,https://www.mufap.com.pk/Upload/WebDoc/IndustryStatictics/PKRV0202202624627.csv,PKRV0202202624627.csv,.csv,1,TRUE,READY,,2026-09-28T20:26:13+00:00,AUTO_READY,No metadata anomaly detected.
3047,2026-02-03,2026,PKRV03022026,/Upload/WebDoc/IndustryStatictics/PKRV0302202624634.csv,https://www.mufap.com.pk/Upload/WebDoc/IndustryStatictics/PKRV0302202624634.csv,PKRV0302202624634.csv,.csv,1,TRUE,READY,,2026-09-28T20:26:13+00:00,AUTO_READY,No metadata anomaly detected.
3050,2026-02-04,2026,PKRV04022026,/Upload/WebDoc/IndustryStatictics/PKRV0402202624640.csv,https://www.mufap.com.pk/Upload/WebDoc/IndustryStatictics/PKRV0402202624640.csv,PKRV0402202624640.csv,.csv,1,TRUE,READY,,2026-09-28T20:26:13+00:00,AUTO_READY,No metadata anomaly detected.
3053,2026-02-06,2026,PKRV06022026,/Upload/WebDoc/IndustryStatictics/PKRV0602202624647.csv,https://www.mufap.com.pk/Upload/WebDoc/IndustryStatictics/PKRV0602202624647.csv,PKRV0602202624647.csv,.csv,1,TRUE,READY,,2026-09-28T20:26:13+00:00,AUTO_READY,No metadata anomaly detected.
3056,2026-02-09,2026,PKRV09022026,/Upload/WebDoc/IndustryStatictics/PKRV0902202624652.csv,https://www.mufap.com.pk/Upload/WebDoc/IndustryStatictics/PKRV0902202624652.csv,PKRV0902202624652.csv,.csv,1,TRUE,READY,,2026-09-28T20:26:13+00:00,AUTO_READY,No metadata anomaly detected.
3059,2026-02-10,2026,PKRV10022026,/Upload/WebDoc/IndustryStatictics/PKRV1002202624657.csv,https://www.mufap.com.pk/Upload/WebDoc/IndustryStatictics/PKRV1002202624657.csv,PKRV1002202624657.csv,.csv,1,TRUE,READY,,2026-09-28T20:26:13+00:00,AUTO_READY,No metadata anomaly detected.
3062,2026-02-11,2026,PKRV11022026,/Upload/WebDoc/IndustryStatictics/PKRV1102202624665.csv,https://www.mufap.com.pk/Upload/WebDoc/IndustryStatictics/PKRV1102202624665.csv,PKRV1102202624665.csv,.csv,1,TRUE,READY,,2026-09-28T20:26:13+00:00,AUTO_READY,No metadata anomaly detected.
3065,2026-02-12,2026,PKRV12022026,/Upload/WebDoc/IndustryStatictics/PKRV1202202624670.csv,https://www.mufap.com.pk/Upload/WebDoc/IndustryStatictics/PKRV1202202624670.csv,PKRV1202202624670.csv,.csv,1,TRUE,READY,,2026-09-28T20:26:13+00:00,AUTO_READY,No metadata anomaly detected.
3068,2026-02-13,2026,PKRV13022026,/Upload/WebDoc/IndustryStatictics/PKRV1302202624675.csv,https://www.mufap.com.pk/Upload/WebDoc/IndustryStatictics/PKRV1302202624675.csv,PKRV1302202624675.csv,.csv,1,TRUE,READY,,2026-09-28T20:26:13+00:00,AUTO_READY,No metadata anomaly detected.
3071,2026-02-16,2026,PKRV16022026,/Upload/WebDoc/IndustryStatictics/PKRV1602202624681.csv,https://www.mufap.com.pk/Upload/WebDoc/IndustryStatictics/PKRV1602202624681.csv,PKRV1602202624681.csv,.csv,1,TRUE,READY,,2026-09-28T20:26:13+00:00,AUTO_READY,No metadata anomaly detected.
3074,2026-02-17,2026,PKRV17022026,/Upload/WebDoc/IndustryStatictics/PKRV1702202624687.csv,https://www.mufap.com.pk/Upload/WebDoc/IndustryStatictics/PKRV1702202624687.csv,PKRV1702202624687.csv,.csv,1,TRUE,READY,,2026-09-28T20:26:13+00:00,AUTO_READY,No metadata anomaly detected.
3077,2026-02-18,2026,PKRV18022026,/Upload/WebDoc/IndustryStatictics/PKRV1802202624692.csv,https://www.mufap.com.pk/Upload/WebDoc/IndustryStatictics/PKRV1802202624692.csv,PKRV1802202624692.csv,.csv,1,TRUE,READY,,2026-09-28T20:26:13+00:00,AUTO_READY,No metadata anomaly detected.
3080,2026-02-20,2026,PKRV20022026,/Upload/WebDoc/IndustryStatictics/PKRV2002202624700.csv,https://www.mufap.com.pk/Upload/WebDoc/IndustryStatictics/PKRV2002202624700.csv,PKRV2002202624700.csv,.csv,1,TRUE,READY,,2026-09-28T20:26:13+00:00,AUTO_READY,No metadata anomaly detected.
3083,2026-02-23,2026,PKRV23022026,/Upload/WebDoc/IndustryStatictics/PKRV2302202624705.csv,https://www.mufap.com.pk/Upload/WebDoc/IndustryStatictics/PKRV2302202624705.csv,PKRV2302202624705.csv,.csv,1,TRUE,READY,,2026-09-28T20:26:13+00:00,AUTO_READY,No metadata anomaly detected.
3086,2026-02-24,2026,PKRV24022026,/Upload/WebDoc/IndustryStatictics/PKRV2402202624710.csv,https://www.mufap.com.pk/Upload/WebDoc/IndustryStatictics/PKRV2402202624710.csv,PKRV2402202624710.csv,.csv,1,TRUE,READY,,2026-09-28T20:26:13+00:00,AUTO_READY,No metadata anomaly detected.
3089,2026-02-25,2026,PKRV25022026,/Upload/WebDoc/IndustryStatictics/PKRV2502202624715.csv,https://www.mufap.com.pk/Upload/WebDoc/IndustryStatictics/PKRV2502202624715.csv,PKRV2502202624715.csv,.csv,1,TRUE,READY,,2026-09-28T20:26:13+00:00,AUTO_READY,No metadata anomaly detected.
3092,2026-02-26,2026,PKRV26022026,/Upload/WebDoc/IndustryStatictics/PKRV2602202624720.csv,https://www.mufap.com.pk/Upload/WebDoc/IndustryStatictics/PKRV2602202624720.csv,PKRV2602202624720.csv,.csv,1,TRUE,READY,,2026-09-28T20:26:13+00:00,AUTO_READY,No metadata anomaly detected.
3097,2026-02-27,2026,PKRV27022026,/Upload/WebDoc/IndustryStatictics/PKRV2702202624728.csv,https://www.mufap.com.pk/Upload/WebDoc/IndustryStatictics/PKRV2702202624728.csv,PKRV2702202624728.csv,.csv,1,TRUE,READY,,2026-09-28T20:26:13+00:00,AUTO_READY,No metadata anomaly detected.
3098,2026-03-02,2026,PKRV02032026,/Upload/WebDoc/IndustryStatictics/PKRV0203202624733.csv,https://www.mufap.com.pk/Upload/WebDoc/IndustryStatictics/PKRV0203202624733.csv,PKRV0203202624733.csv,.csv,1,TRUE,READY,,2026-09-28T20:26:13+00:00,AUTO_READY,No metadata anomaly detected.
3101,2026-03-03,2026,PKRV03032026,/Upload/WebDoc/IndustryStatictics/PKRV0303202624739.csv,https://www.mufap.com.pk/Upload/WebDoc/IndustryStatictics/PKRV0303202624739.csv,PKRV0303202624739.csv,.csv,1,TRUE,READY,,2026-09-28T20:26:13+00:00,AUTO_READY,No metadata anomaly detected.
3104,2026-03-04,2026,PKRV04032026,/Upload/WebDoc/IndustryStatictics/PKRV0403202624744.csv,https://www.mufap.com.pk/Upload/WebDoc/IndustryStatictics/PKRV0403202624744.csv,PKRV0403202624744.csv,.csv,1,TRUE,READY,,2026-09-28T20:26:13+00:00,AUTO_READY,No metadata anomaly detected.
3107,2026-03-05,2026,PKRV05032026,/Upload/WebDoc/IndustryStatictics/PKRV0503202624750.csv,https://www.mufap.com.pk/Upload/WebDoc/IndustryStatictics/PKRV0503202624750.csv,PKRV0503202624750.csv,.csv,1,TRUE,READY,,2026-09-28T20:26:13+00:00,AUTO_READY,No metadata anomaly detected.
3110,2026-03-06,2026,PKRV06032026,/Upload/WebDoc/IndustryStatictics/PKRV0603202624754.csv,https://www.mufap.com.pk/Upload/WebDoc/IndustryStatictics/PKRV0603202624754.csv,PKRV0603202624754.csv,.csv,1,TRUE,READY,,2026-09-28T20:26:13+00:00,AUTO_READY,No metadata anomaly detected.
3113,2026-03-09,2026,PKRV09032026,/Upload/WebDoc/IndustryStatictics/PKRV0903202624758.csv,https://www.mufap.com.pk/Upload/WebDoc/IndustryStatictics/PKRV0903202624758.csv,PKRV0903202624758.csv,.csv,1,TRUE,READY,,2026-09-28T20:26:13+00:00,AUTO_READY,No metadata anomaly detected.
3116,2026-03-10,2026,PKRV10032026,/Upload/WebDoc/IndustryStatictics/PKRV1003202624762.csv,https://www.mufap.com.pk/Upload/WebDoc/IndustryStatictics/PKRV1003202624762.csv,PKRV1003202624762.csv,.csv,1,TRUE,READY,,2026-09-28T20:26:13+00:00,AUTO_READY,No metadata anomaly detected.
3119,2026-03-11,2026,PKRV11032026,/Upload/WebDoc/IndustryStatictics/PKRV1103202624766.csv,https://www.mufap.com.pk/Upload/WebDoc/IndustryStatictics/PKRV1103202624766.csv,PKRV1103202624766.csv,.csv,1,TRUE,READY,,2026-09-28T20:26:13+00:00,AUTO_READY,No metadata anomaly detected.
3122,2026-03-12,2026,PKRV12032026,/Upload/WebDoc/IndustryStatictics/PKRV1203202624770.csv,https://www.mufap.com.pk/Upload/WebDoc/IndustryStatictics/PKRV1203202624770.csv,PKRV1203202624770.csv,.csv,1,TRUE,READY,,2026-09-28T20:26:13+00:00,AUTO_READY,No metadata anomaly detected.
3125,2026-03-13,2026,PKRV13032026,/Upload/WebDoc/IndustryStatictics/PKRV1303202624775.csv,https://www.mufap.com.pk/Upload/WebDoc/IndustryStatictics/PKRV1303202624775.csv,PKRV1303202624775.csv,.csv,1,TRUE,READY,,2026-09-28T20:26:13+00:00,AUTO_READY,No metadata anomaly detected.
3128,2026-03-16,2026,PKRV16032026,/Upload/WebDoc/IndustryStatictics/PKRV1603202624780.csv,https://www.mufap.com.pk/Upload/WebDoc/IndustryStatictics/PKRV1603202624780.csv,PKRV1603202624780.csv,.csv,1,TRUE,READY,,2026-09-28T20:26:13+00:00,AUTO_READY,No metadata anomaly detected.
3131,2026-03-17,2026,PKRV17032026,/Upload/WebDoc/IndustryStatictics/PKRV1703202624785.csv,https://www.mufap.com.pk/Upload/WebDoc/IndustryStatictics/PKRV1703202624785.csv,PKRV1703202624785.csv,.csv,1,TRUE,READY,,2026-09-28T20:26:13+00:00,AUTO_READY,No metadata anomaly detected.
3135,2026-03-18,2026,PKRV18032026,/Upload/WebDoc/IndustryStatictics/PKRV1803202624793.xls,https://www.mufap.com.pk/Upload/WebDoc/IndustryStatictics/PKRV1803202624793.xls,PKRV1803202624793.xls,.xls,1,TRUE,REVIEW,NON_CSV_ARTIFACT,2026-09-28T20:26:13+00:00,ANOMALY_RESOLUTION,File uses .xls extension but contains Spreadsheet XML; verified complete canonical 20-tenor PKRV curve.
3137,2026-03-19,2026,PKRV19032026,/Upload/WebDoc/IndustryStatictics/PKRV1903202624797.csv,https://www.mufap.com.pk/Upload/WebDoc/IndustryStatictics/PKRV1903202624797.csv,PKRV1903202624797.csv,.csv,1,TRUE,READY,,2026-09-28T20:26:13+00:00,AUTO_READY,No metadata anomaly detected.
3140,2026-03-24,2026,PKRV24032026,/Upload/WebDoc/IndustryStatictics/PKRV2403202624802.csv,https://www.mufap.com.pk/Upload/WebDoc/IndustryStatictics/PKRV2403202624802.csv,PKRV2403202624802.csv,.csv,1,TRUE,READY,,2026-09-28T20:26:13+00:00,AUTO_READY,No metadata anomaly detected.
3143,2026-03-25,2026,PKRV25032026,/Upload/WebDoc/IndustryStatictics/PKRV2503202624809.csv,https://www.mufap.com.pk/Upload/WebDoc/IndustryStatictics/PKRV2503202624809.csv,PKRV2503202624809.csv,.csv,1,TRUE,READY,,2026-09-28T20:26:13+00:00,AUTO_READY,No metadata anomaly detected.
3146,2026-03-26,2026,PKRV26032026,/Upload/WebDoc/IndustryStatictics/PKRV2603202624816.csv,https://www.mufap.com.pk/Upload/WebDoc/IndustryStatictics/PKRV2603202624816.csv,PKRV2603202624816.csv,.csv,1,TRUE,READY,,2026-09-28T20:26:13+00:00,AUTO_READY,No metadata anomaly detected.
3149,2026-03-27,2026,PKRV27032026,/Upload/WebDoc/IndustryStatictics/PKRV2703202624821.csv,https://www.mufap.com.pk/Upload/WebDoc/IndustryStatictics/PKRV2703202624821.csv,PKRV2703202624821.csv,.csv,1,TRUE,READY,,2026-09-28T20:26:13+00:00,AUTO_READY,No metadata anomaly detected.
3152,2026-03-30,2026,PKRV30032026,/Upload/WebDoc/IndustryStatictics/PKRV3003202624826.csv,https://www.mufap.com.pk/Upload/WebDoc/IndustryStatictics/PKRV3003202624826.csv,PKRV3003202624826.csv,.csv,1,TRUE,READY,,2026-09-28T20:26:13+00:00,AUTO_READY,No metadata anomaly detected.
3155,2026-03-31,2026,PKRV31032026,/Upload/WebDoc/IndustryStatictics/PKRV3103202624831.csv,https://www.mufap.com.pk/Upload/WebDoc/IndustryStatictics/PKRV3103202624831.csv,PKRV3103202624831.csv,.csv,1,TRUE,READY,,2026-09-28T20:26:13+00:00,AUTO_READY,No metadata anomaly detected.
3159,2026-04-01,2026,PKRV01042026,/Upload/WebDoc/IndustryStatictics/PKRV0104202624836.csv,https://www.mufap.com.pk/Upload/WebDoc/IndustryStatictics/PKRV0104202624836.csv,PKRV0104202624836.csv,.csv,1,TRUE,READY,,2026-09-28T20:26:13+00:00,AUTO_READY,No metadata anomaly detected.
3161,2026-04-02,2026,PKRV02042026,/Upload/WebDoc/IndustryStatictics/PKRV0204202624839.csv,https://www.mufap.com.pk/Upload/WebDoc/IndustryStatictics/PKRV0204202624839.csv,PKRV0204202624839.csv,.csv,1,TRUE,READY,,2026-09-28T20:26:13+00:00,AUTO_READY,No metadata anomaly detected.
3164,2026-04-03,2026,PKRV03042026,/Upload/WebDoc/IndustryStatictics/PKRV0304202624852.csv,https://www.mufap.com.pk/Upload/WebDoc/IndustryStatictics/PKRV0304202624852.csv,PKRV0304202624852.csv,.csv,1,TRUE,READY,,2026-09-28T20:26:13+00:00,AUTO_READY,No metadata anomaly detected.
3167,2026-04-06,2026,PKRV06042026,/Upload/WebDoc/IndustryStatictics/PKRV0604202624856.csv,https://www.mufap.com.pk/Upload/WebDoc/IndustryStatictics/PKRV0604202624856.csv,PKRV0604202624856.csv,.csv,1,TRUE,READY,,2026-09-28T20:26:13+00:00,AUTO_READY,No metadata anomaly detected.
3170,2026-04-07,2026,PKRV07042026,/Upload/WebDoc/IndustryStatictics/PKRV0704202624859.csv,https://www.mufap.com.pk/Upload/WebDoc/IndustryStatictics/PKRV0704202624859.csv,PKRV0704202624859.csv,.csv,1,TRUE,READY,,2026-09-28T20:26:13+00:00,AUTO_READY,No metadata anomaly detected.
3175,2026-04-08,2026,PKRV08042026,/Upload/WebDoc/IndustryStatictics/PKRV0804202624869.csv,https://www.mufap.com.pk/Upload/WebDoc/IndustryStatictics/PKRV0804202624869.csv,PKRV0804202624869.csv,.csv,1,TRUE,READY,,2026-09-28T20:26:13+00:00,AUTO_READY,No metadata anomaly detected.
3176,2026-04-09,2026,PKRV09042026,/Upload/WebDoc/IndustryStatictics/PKRV0904202624870.csv,https://www.mufap.com.pk/Upload/WebDoc/IndustryStatictics/PKRV0904202624870.csv,PKRV0904202624870.csv,.csv,1,TRUE,READY,,2026-09-28T20:26:13+00:00,AUTO_READY,No metadata anomaly detected.
3179,2026-04-10,2026,PKRV10042026,/Upload/WebDoc/IndustryStatictics/PKRV1004202624875.csv,https://www.mufap.com.pk/Upload/WebDoc/IndustryStatictics/PKRV1004202624875.csv,PKRV1004202624875.csv,.csv,1,TRUE,READY,,2026-09-28T20:26:13+00:00,AUTO_READY,No metadata anomaly detected.
3182,2026-04-13,2026,PKRV13042026,/Upload/WebDoc/IndustryStatictics/PKRV1304202624880.csv,https://www.mufap.com.pk/Upload/WebDoc/IndustryStatictics/PKRV1304202624880.csv,PKRV1304202624880.csv,.csv,1,TRUE,READY,,2026-09-28T20:26:13+00:00,AUTO_READY,No metadata anomaly detected.
3185,2026-04-14,2026,PKRV14042026,/Upload/WebDoc/IndustryStatictics/PKRV1404202624886.csv,https://www.mufap.com.pk/Upload/WebDoc/IndustryStatictics/PKRV1404202624886.csv,PKRV1404202624886.csv,.csv,1,TRUE,READY,,2026-09-28T20:26:13+00:00,AUTO_READY,No metadata anomaly detected.
3188,2026-04-15,2026,PKRV15042026,/Upload/WebDoc/IndustryStatictics/PKRV1504202624891.csv,https://www.mufap.com.pk/Upload/WebDoc/IndustryStatictics/PKRV1504202624891.csv,PKRV1504202624891.csv,.csv,1,TRUE,READY,,2026-09-28T20:26:13+00:00,AUTO_READY,No metadata anomaly detected.
3191,2026-04-16,2026,PKRV16042026,/Upload/WebDoc/IndustryStatictics/PKRV1604202624902.csv,https://www.mufap.com.pk/Upload/WebDoc/IndustryStatictics/PKRV1604202624902.csv,PKRV1604202624902.csv,.csv,1,TRUE,READY,,2026-09-28T20:26:13+00:00,AUTO_READY,No metadata anomaly detected.
3194,2026-04-17,2026,PKRV17042026,/Upload/WebDoc/IndustryStatictics/PKRV1704202624919.csv,https://www.mufap.com.pk/Upload/WebDoc/IndustryStatictics/PKRV1704202624919.csv,PKRV1704202624919.csv,.csv,1,TRUE,READY,,2026-09-28T20:26:13+00:00,AUTO_READY,No metadata anomaly detected.
3197,2026-04-20,2026,PKRV20042026,/Upload/WebDoc/IndustryStatictics/PKRV2004202624925.csv,https://www.mufap.com.pk/Upload/WebDoc/IndustryStatictics/PKRV2004202624925.csv,PKRV2004202624925.csv,.csv,1,TRUE,READY,,2026-09-28T20:26:13+00:00,AUTO_READY,No metadata anomaly detected.
3200,2026-04-21,2026,PKRV21042026,/Upload/WebDoc/IndustryStatictics/PKRV2104202624930.csv,https://www.mufap.com.pk/Upload/WebDoc/IndustryStatictics/PKRV2104202624930.csv,PKRV2104202624930.csv,.csv,1,TRUE,READY,,2026-09-28T20:26:13+00:00,AUTO_READY,No metadata anomaly detected.
3203,2026-04-22,2026,PKRV22042026,/Upload/WebDoc/IndustryStatictics/PKRV2204202624935.csv,https://www.mufap.com.pk/Upload/WebDoc/IndustryStatictics/PKRV2204202624935.csv,PKRV2204202624935.csv,.csv,1,TRUE,READY,,2026-09-28T20:26:13+00:00,AUTO_READY,No metadata anomaly detected.
3206,2026-04-23,2026,PKRV23042026,/Upload/WebDoc/IndustryStatictics/PKRV2304202624941.csv,https://www.mufap.com.pk/Upload/WebDoc/IndustryStatictics/PKRV2304202624941.csv,PKRV2304202624941.csv,.csv,1,TRUE,READY,,2026-09-28T20:26:13+00:00,AUTO_READY,No metadata anomaly detected.
3209,2026-04-24,2026,PKRV24042026,/Upload/WebDoc/IndustryStatictics/PKRV2404202624946.csv,https://www.mufap.com.pk/Upload/WebDoc/IndustryStatictics/PKRV2404202624946.csv,PKRV2404202624946.csv,.csv,1,TRUE,READY,,2026-09-28T20:26:13+00:00,AUTO_READY,No metadata anomaly detected.
3212,2026-04-27,2026,PKRV27042026,/Upload/WebDoc/IndustryStatictics/PKRV2704202624951.csv,https://www.mufap.com.pk/Upload/WebDoc/IndustryStatictics/PKRV2704202624951.csv,PKRV2704202624951.csv,.csv,1,TRUE,READY,,2026-09-28T20:26:13+00:00,AUTO_READY,No metadata anomaly detected.
3215,2026-04-28,2026,PKRV28042026,/Upload/WebDoc/IndustryStatictics/PKRV2804202624958.csv,https://www.mufap.com.pk/Upload/WebDoc/IndustryStatictics/PKRV2804202624958.csv,PKRV2804202624958.csv,.csv,1,TRUE,READY,,2026-09-28T20:26:13+00:00,AUTO_READY,No metadata anomaly detected.
3218,2026-04-29,2026,PKRV29042026,/Upload/WebDoc/IndustryStatictics/PKRV2904202624964.csv,https://www.mufap.com.pk/Upload/WebDoc/IndustryStatictics/PKRV2904202624964.csv,PKRV2904202624964.csv,.csv,1,TRUE,READY,,2026-09-28T20:26:13+00:00,AUTO_READY,No metadata anomaly detected.
3221,2026-04-30,2026,PKRV30042026,/Upload/WebDoc/IndustryStatictics/PKRV3004202624969.csv,https://www.mufap.com.pk/Upload/WebDoc/IndustryStatictics/PKRV3004202624969.csv,PKRV3004202624969.csv,.csv,1,TRUE,READY,,2026-09-28T20:26:13+00:00,AUTO_READY,No metadata anomaly detected.
3224,2026-05-04,2026,PKRV04052026,/Upload/WebDoc/IndustryStatictics/PKRV0405202624975.csv,https://www.mufap.com.pk/Upload/WebDoc/IndustryStatictics/PKRV0405202624975.csv,PKRV0405202624975.csv,.csv,1,TRUE,READY,,2026-09-28T20:26:13+00:00,AUTO_READY,No metadata anomaly detected.
3227,2026-05-05,2026,PKRV05052026,/Upload/WebDoc/IndustryStatictics/PKRV0505202624979.csv,https://www.mufap.com.pk/Upload/WebDoc/IndustryStatictics/PKRV0505202624979.csv,PKRV0505202624979.csv,.csv,1,TRUE,READY,,2026-09-28T20:26:13+00:00,AUTO_READY,No metadata anomaly detected.
3230,2026-05-06,2026,PKRV06052026,/Upload/WebDoc/IndustryStatictics/PKRV0605202624987.csv,https://www.mufap.com.pk/Upload/WebDoc/IndustryStatictics/PKRV0605202624987.csv,PKRV0605202624987.csv,.csv,1,TRUE,READY,,2026-09-28T20:26:13+00:00,AUTO_READY,No metadata anomaly detected.
3233,2026-05-07,2026,PKRV07052026,/Upload/WebDoc/IndustryStatictics/PKRV0705202624991.csv,https://www.mufap.com.pk/Upload/WebDoc/IndustryStatictics/PKRV0705202624991.csv,PKRV0705202624991.csv,.csv,1,TRUE,READY,,2026-09-28T20:26:13+00:00,AUTO_READY,No metadata anomaly detected.
3236,2026-05-08,2026,PKRV08052026,/Upload/WebDoc/IndustryStatictics/PKRV0805202624996.csv,https://www.mufap.com.pk/Upload/WebDoc/IndustryStatictics/PKRV0805202624996.csv,PKRV0805202624996.csv,.csv,1,TRUE,READY,,2026-09-28T20:26:13+00:00,AUTO_READY,No metadata anomaly detected.
3239,2026-05-11,2026,PKRV11052026,/Upload/WebDoc/IndustryStatictics/PKRV1105202625002.csv,https://www.mufap.com.pk/Upload/WebDoc/IndustryStatictics/PKRV1105202625002.csv,PKRV1105202625002.csv,.csv,1,TRUE,READY,,2026-09-28T20:26:13+00:00,AUTO_READY,No metadata anomaly detected.
3242,2026-05-12,2026,PKRV12052026,/Upload/WebDoc/IndustryStatictics/PKRV1205202625007.csv,https://www.mufap.com.pk/Upload/WebDoc/IndustryStatictics/PKRV1205202625007.csv,PKRV1205202625007.csv,.csv,1,TRUE,READY,,2026-09-28T20:26:13+00:00,AUTO_READY,No metadata anomaly detected.
3245,2026-05-13,2026,PKRV13052026,/Upload/WebDoc/IndustryStatictics/PKRV1305202625014.csv,https://www.mufap.com.pk/Upload/WebDoc/IndustryStatictics/PKRV1305202625014.csv,PKRV1305202625014.csv,.csv,1,TRUE,READY,,2026-09-28T20:26:13+00:00,AUTO_READY,No metadata anomaly detected.
3248,2026-05-14,2026,PKRV14052026,/Upload/WebDoc/IndustryStatictics/PKRV1405202625020.csv,https://www.mufap.com.pk/Upload/WebDoc/IndustryStatictics/PKRV1405202625020.csv,PKRV1405202625020.csv,.csv,1,TRUE,READY,,2026-09-28T20:26:13+00:00,AUTO_READY,No metadata anomaly detected.
3252,2026-05-15,2026,PKRV15052026,/Upload/WebDoc/IndustryStatictics/PKRV1505202625026.csv,https://www.mufap.com.pk/Upload/WebDoc/IndustryStatictics/PKRV1505202625026.csv,PKRV1505202625026.csv,.csv,1,TRUE,READY,,2026-09-28T20:26:13+00:00,AUTO_READY,No metadata anomaly detected.
3254,2026-05-18,2026,PKRV18052026,/Upload/WebDoc/IndustryStatictics/PKRV1805202625030.csv,https://www.mufap.com.pk/Upload/WebDoc/IndustryStatictics/PKRV1805202625030.csv,PKRV1805202625030.csv,.csv,1,TRUE,READY,,2026-09-28T20:26:13+00:00,AUTO_READY,No metadata anomaly detected.
3257,2026-05-19,2026,PKRV19052026,/Upload/WebDoc/IndustryStatictics/PKRV1905202625036.csv,https://www.mufap.com.pk/Upload/WebDoc/IndustryStatictics/PKRV1905202625036.csv,PKRV1905202625036.csv,.csv,1,TRUE,READY,,2026-09-28T20:26:13+00:00,AUTO_READY,No metadata anomaly detected.
3260,2026-05-20,2026,PKRV20052026,/Upload/WebDoc/IndustryStatictics/PKRV2005202625041.csv,https://www.mufap.com.pk/Upload/WebDoc/IndustryStatictics/PKRV2005202625041.csv,PKRV2005202625041.csv,.csv,1,TRUE,READY,,2026-09-28T20:26:13+00:00,AUTO_READY,No metadata anomaly detected.
3263,2026-05-21,2026,PKRV21052026,/Upload/WebDoc/IndustryStatictics/PKRV2105202625045.csv,https://www.mufap.com.pk/Upload/WebDoc/IndustryStatictics/PKRV2105202625045.csv,PKRV2105202625045.csv,.csv,1,TRUE,READY,,2026-09-28T20:26:13+00:00,AUTO_READY,No metadata anomaly detected.
3266,2026-05-22,2026,PKRV22052026,/Upload/WebDoc/IndustryStatictics/PKRV2205202625052.csv,https://www.mufap.com.pk/Upload/WebDoc/IndustryStatictics/PKRV2205202625052.csv,PKRV2205202625052.csv,.csv,1,TRUE,READY,,2026-09-28T20:26:13+00:00,AUTO_READY,No metadata anomaly detected.
3269,2026-05-25,2026,PKRV25052026,/Upload/WebDoc/IndustryStatictics/PKRV2505202625057.csv,https://www.mufap.com.pk/Upload/WebDoc/IndustryStatictics/PKRV2505202625057.csv,PKRV2505202625057.csv,.csv,1,TRUE,READY,,2026-09-28T20:26:13+00:00,AUTO_READY,No metadata anomaly detected.
3272,2026-05-29,2026,PKRV29052026,/Upload/WebDoc/IndustryStatictics/PKRV2905202625062.csv,https://www.mufap.com.pk/Upload/WebDoc/IndustryStatictics/PKRV2905202625062.csv,PKRV2905202625062.csv,.csv,1,TRUE,READY,,2026-09-28T20:26:13+00:00,AUTO_READY,No metadata anomaly detected.
3275,2026-06-01,2026,PKRV01062026,/Upload/WebDoc/IndustryStatictics/PKRV0106202625069.csv,https://www.mufap.com.pk/Upload/WebDoc/IndustryStatictics/PKRV0106202625069.csv,PKRV0106202625069.csv,.csv,1,TRUE,READY,,2026-09-28T20:26:13+00:00,AUTO_READY,No metadata anomaly detected.
3278,2026-06-02,2026,PKRV02062026,/Upload/WebDoc/IndustryStatictics/PKRV0206202625075.csv,https://www.mufap.com.pk/Upload/WebDoc/IndustryStatictics/PKRV0206202625075.csv,PKRV0206202625075.csv,.csv,1,TRUE,READY,,2026-09-28T20:26:13+00:00,AUTO_READY,No metadata anomaly detected.
3281,2026-06-03,2026,PKRV03062026,/Upload/WebDoc/IndustryStatictics/PKRV0306202625080.csv,https://www.mufap.com.pk/Upload/WebDoc/IndustryStatictics/PKRV0306202625080.csv,PKRV0306202625080.csv,.csv,1,TRUE,READY,,2026-09-28T20:26:13+00:00,AUTO_READY,No metadata anomaly detected.
3284,2026-06-04,2026,PKRV04062026,/Upload/WebDoc/IndustryStatictics/PKRV0406202625088.csv,https://www.mufap.com.pk/Upload/WebDoc/IndustryStatictics/PKRV0406202625088.csv,PKRV0406202625088.csv,.csv,1,TRUE,READY,,2026-09-28T20:26:13+00:00,AUTO_READY,No metadata anomaly detected.
3287,2026-06-05,2026,PKRV05062026,/Upload/WebDoc/IndustryStatictics/PKRV0506202625093.csv,https://www.mufap.com.pk/Upload/WebDoc/IndustryStatictics/PKRV0506202625093.csv,PKRV0506202625093.csv,.csv,1,TRUE,READY,,2026-09-28T20:26:13+00:00,AUTO_READY,No metadata anomaly detected.
3290,2026-06-08,2026,PKRV08062026,/Upload/WebDoc/IndustryStatictics/PKRV0806202625098.csv,https://www.mufap.com.pk/Upload/WebDoc/IndustryStatictics/PKRV0806202625098.csv,PKRV0806202625098.csv,.csv,1,TRUE,READY,,2026-09-28T20:26:13+00:00,AUTO_READY,No metadata anomaly detected.
3293,2026-06-09,2026,PKRV09062026,/Upload/WebDoc/IndustryStatictics/PKRV0906202625103.csv,https://www.mufap.com.pk/Upload/WebDoc/IndustryStatictics/PKRV0906202625103.csv,PKRV0906202625103.csv,.csv,1,TRUE,READY,,2026-09-28T20:26:13+00:00,AUTO_READY,No metadata anomaly detected.
3296,2026-06-10,2026,PKRV10062026,/Upload/WebDoc/IndustryStatictics/PKRV1006202625108.csv,https://www.mufap.com.pk/Upload/WebDoc/IndustryStatictics/PKRV1006202625108.csv,PKRV1006202625108.csv,.csv,1,TRUE,READY,,2026-09-28T20:26:13+00:00,AUTO_READY,No metadata anomaly detected.
3299,2026-06-11,2026,PKRV11062026,/Upload/WebDoc/IndustryStatictics/PKRV1106202625113.csv,https://www.mufap.com.pk/Upload/WebDoc/IndustryStatictics/PKRV1106202625113.csv,PKRV1106202625113.csv,.csv,1,TRUE,READY,,2026-09-28T20:26:13+00:00,AUTO_READY,No metadata anomaly detected.
3302,2026-06-12,2026,PKRV12062026,/Upload/WebDoc/IndustryStatictics/PKRV1206202625118.csv,https://www.mufap.com.pk/Upload/WebDoc/IndustryStatictics/PKRV1206202625118.csv,PKRV1206202625118.csv,.csv,1,TRUE,READY,,2026-09-28T20:26:13+00:00,AUTO_READY,No metadata anomaly detected.
3305,2026-06-15,2026,PKRV15062026,/Upload/WebDoc/IndustryStatictics/PKRV1506202625124.csv,https://www.mufap.com.pk/Upload/WebDoc/IndustryStatictics/PKRV1506202625124.csv,PKRV1506202625124.csv,.csv,1,TRUE,READY,,2026-09-28T20:26:13+00:00,AUTO_READY,No metadata anomaly detected.
3308,2026-06-16,2026,PKRV16062026,/Upload/WebDoc/IndustryStatictics/PKRV1606202625129.csv,https://www.mufap.com.pk/Upload/WebDoc/IndustryStatictics/PKRV1606202625129.csv,PKRV1606202625129.csv,.csv,1,TRUE,READY,,2026-09-28T20:26:13+00:00,AUTO_READY,No metadata anomaly detected.
3311,2026-06-17,2026,PKRV17062026,/Upload/WebDoc/IndustryStatictics/PKRV1706202625134.csv,https://www.mufap.com.pk/Upload/WebDoc/IndustryStatictics/PKRV1706202625134.csv,PKRV1706202625134.csv,.csv,1,TRUE,READY,,2026-09-28T20:26:13+00:00,AUTO_READY,No metadata anomaly detected.
3314,2026-06-18,2026,PKRV18062026,/Upload/WebDoc/IndustryStatictics/PKRV1806202625139.csv,https://www.mufap.com.pk/Upload/WebDoc/IndustryStatictics/PKRV1806202625139.csv,PKRV1806202625139.csv,.csv,1,TRUE,READY,,2026-09-28T20:26:13+00:00,AUTO_READY,No metadata anomaly detected.
3318,2026-06-19,2026,PKRV19062026,/Upload/WebDoc/IndustryStatictics/PKRV1906202625147.csv,https://www.mufap.com.pk/Upload/WebDoc/IndustryStatictics/PKRV1906202625147.csv,PKRV1906202625147.csv,.csv,1,TRUE,READY,,2026-09-28T20:26:13+00:00,AUTO_READY,No metadata anomaly detected.
3320,2026-06-22,2026,PKRV22062026,/Upload/WebDoc/IndustryStatictics/PKRV2206202625151.csv,https://www.mufap.com.pk/Upload/WebDoc/IndustryStatictics/PKRV2206202625151.csv,PKRV2206202625151.csv,.csv,1,TRUE,READY,,2026-09-28T20:26:13+00:00,AUTO_READY,No metadata anomaly detected.
3323,2026-06-23,2026,PKRV23062026,/Upload/WebDoc/IndustryStatictics/PKRV2306202625156.csv,https://www.mufap.com.pk/Upload/WebDoc/IndustryStatictics/PKRV2306202625156.csv,PKRV2306202625156.csv,.csv,1,TRUE,READY,,2026-09-28T20:26:13+00:00,AUTO_READY,No metadata anomaly detected.
3326,2026-06-24,2026,PKRV24062026,/Upload/WebDoc/IndustryStatictics/PKRV2406202625161.csv,https://www.mufap.com.pk/Upload/WebDoc/IndustryStatictics/PKRV2406202625161.csv,PKRV2406202625161.csv,.csv,1,TRUE,READY,,2026-09-28T20:26:13+00:00,AUTO_READY,No metadata anomaly detected.
3329,2026-06-29,2026,PKRV29062026,/Upload/WebDoc/IndustryStatictics/PKRV2906202625166.csv,https://www.mufap.com.pk/Upload/WebDoc/IndustryStatictics/PKRV2906202625166.csv,PKRV2906202625166.csv,.csv,1,TRUE,READY,,2026-09-28T20:26:13+00:00,AUTO_READY,No metadata anomaly detected.
3332,2026-06-30,2026,PKRV30062026,/Upload/WebDoc/IndustryStatictics/PKRV3006202625172.csv,https://www.mufap.com.pk/Upload/WebDoc/IndustryStatictics/PKRV3006202625172.csv,PKRV3006202625172.csv,.csv,1,TRUE,READY,,2026-09-28T20:26:13+00:00,AUTO_READY,No metadata anomaly detected.
3335,2026-07-02,2026,PKRV02072026,/Upload/WebDoc/IndustryStatictics/PKRV0207202625180.csv,https://www.mufap.com.pk/Upload/WebDoc/IndustryStatictics/PKRV0207202625180.csv,PKRV0207202625180.csv,.csv,1,TRUE,READY,,2026-09-28T20:26:13+00:00,AUTO_READY,No metadata anomaly detected.
3338,2026-07-03,2026,PKRV03072026,/Upload/WebDoc/IndustryStatictics/PKRV0307202625188.csv,https://www.mufap.com.pk/Upload/WebDoc/IndustryStatictics/PKRV0307202625188.csv,PKRV0307202625188.csv,.csv,1,TRUE,READY,,2026-09-28T20:26:13+00:00,AUTO_READY,No metadata anomaly detected.
3341,2026-07-06,2026,PKRV06072026,/Upload/WebDoc/IndustryStatictics/PKRV0607202625192.csv,https://www.mufap.com.pk/Upload/WebDoc/IndustryStatictics/PKRV0607202625192.csv,PKRV0607202625192.csv,.csv,1,TRUE,READY,,2026-09-28T20:26:13+00:00,AUTO_READY,No metadata anomaly detected.
3344,2026-07-07,2026,PKRV07072026,/Upload/WebDoc/IndustryStatictics/PKRV0707202625196.csv,https://www.mufap.com.pk/Upload/WebDoc/IndustryStatictics/PKRV0707202625196.csv,PKRV0707202625196.csv,.csv,1,TRUE,READY,,2026-09-28T20:26:13+00:00,AUTO_READY,No metadata anomaly detected.
3347,2026-07-08,2026,PKRV08072026,/Upload/WebDoc/IndustryStatictics/PKRV0807202625200.csv,https://www.mufap.com.pk/Upload/WebDoc/IndustryStatictics/PKRV0807202625200.csv,PKRV0807202625200.csv,.csv,1,TRUE,READY,,2026-09-28T20:26:13+00:00,AUTO_READY,No metadata anomaly detected.
3350,2026-07-09,2026,PKRV09072026,/Upload/WebDoc/IndustryStatictics/PKRV0907202625205.csv,https://www.mufap.com.pk/Upload/WebDoc/IndustryStatictics/PKRV0907202625205.csv,PKRV0907202625205.csv,.csv,1,TRUE,READY,,2026-09-28T20:26:13+00:00,AUTO_READY,No metadata anomaly detected.
3353,2026-07-10,2026,PKRV10072026,/Upload/WebDoc/IndustryStatictics/PKRV1007202625209.csv,https://www.mufap.com.pk/Upload/WebDoc/IndustryStatictics/PKRV1007202625209.csv,PKRV1007202625209.csv,.csv,1,TRUE,READY,,2026-09-28T20:26:13+00:00,AUTO_READY,No metadata anomaly detected.
3356,2026-07-13,2026,PKRV13072026,/Upload/WebDoc/IndustryStatictics/PKRV1307202625213.csv,https://www.mufap.com.pk/Upload/WebDoc/IndustryStatictics/PKRV1307202625213.csv,PKRV1307202625213.csv,.csv,1,TRUE,READY,,2026-09-28T20:26:13+00:00,AUTO_READY,No metadata anomaly detected.
3359,2026-07-14,2026,PKRV14072026,/Upload/WebDoc/IndustryStatictics/PKRV1407202625217.csv,https://www.mufap.com.pk/Upload/WebDoc/IndustryStatictics/PKRV1407202625217.csv,PKRV1407202625217.csv,.csv,1,TRUE,READY,,2026-09-28T20:26:13+00:00,AUTO_READY,No metadata anomaly detected.
3362,2026-07-15,2026,PKRV15072026,/Upload/WebDoc/IndustryStatictics/PKRV1507202625225.csv,https://www.mufap.com.pk/Upload/WebDoc/IndustryStatictics/PKRV1507202625225.csv,PKRV1507202625225.csv,.csv,1,TRUE,READY,,2026-09-28T20:26:13+00:00,AUTO_READY,No metadata anomaly detected.
3365,2026-07-16,2026,PKRV16072026,/Upload/WebDoc/IndustryStatictics/PKRV1607202625228.csv,https://www.mufap.com.pk/Upload/WebDoc/IndustryStatictics/PKRV1607202625228.csv,PKRV1607202625228.csv,.csv,1,TRUE,READY,,2026-09-28T20:26:13+00:00,AUTO_READY,No metadata anomaly detected.
3368,2026-07-17,2026,PKRV17072026,/Upload/WebDoc/IndustryStatictics/PKRV1707202625232.csv,https://www.mufap.com.pk/Upload/WebDoc/IndustryStatictics/PKRV1707202625232.csv,PKRV1707202625232.csv,.csv,1,TRUE,READY,,2026-09-28T20:26:13+00:00,AUTO_READY,No metadata anomaly detected.
3371,2026-07-20,2026,PKRV20072026,/Upload/WebDoc/IndustryStatictics/PKRV2007202625236.csv,https://www.mufap.com.pk/Upload/WebDoc/IndustryStatictics/PKRV2007202625236.csv,PKRV2007202625236.csv,.csv,1,TRUE,READY,,2026-09-28T20:26:13+00:00,AUTO_READY,No metadata anomaly detected.
3374,2026-07-21,2026,PKRV21072026,/Upload/WebDoc/IndustryStatictics/PKRV2107202625240.csv,https://www.mufap.com.pk/Upload/WebDoc/IndustryStatictics/PKRV2107202625240.csv,PKRV2107202625240.csv,.csv,1,TRUE,READY,,2026-09-28T20:26:13+00:00,AUTO_READY,No metadata anomaly detected.
3377,2026-07-22,2026,PKRV22072026,/Upload/WebDoc/IndustryStatictics/PKRV2207202625244.csv,https://www.mufap.com.pk/Upload/WebDoc/IndustryStatictics/PKRV2207202625244.csv,PKRV2207202625244.csv,.csv,1,TRUE,READY,,2026-09-28T20:26:13+00:00,AUTO_READY,No metadata anomaly detected.
3380,2026-07-23,2026,PKRV23072026,/Upload/WebDoc/IndustryStatictics/PKRV2307202625249.csv,https://www.mufap.com.pk/Upload/WebDoc/IndustryStatictics/PKRV2307202625249.csv,PKRV2307202625249.csv,.csv,1,TRUE,READY,,2026-09-28T20:26:13+00:00,AUTO_READY,No metadata anomaly detected.
3383,2026-07-24,2026,PKRV24072026,/Upload/WebDoc/IndustryStatictics/PKRV2407202625253.csv,https://www.mufap.com.pk/Upload/WebDoc/IndustryStatictics/PKRV2407202625253.csv,PKRV2407202625253.csv,.csv,1,TRUE,READY,,2026-09-28T20:26:13+00:00,AUTO_READY,No metadata anomaly detected.
3386,2026-07-27,2026,PKRV27072026,/Upload/WebDoc/IndustryStatictics/PKRV2707202625257.csv,https://www.mufap.com.pk/Upload/WebDoc/IndustryStatictics/PKRV2707202625257.csv,PKRV2707202625257.csv,.csv,1,TRUE,READY,,2026-09-28T20:26:13+00:00,AUTO_READY,No metadata anomaly detected.
3389,2026-07-28,2026,PKRV28072026,/Upload/WebDoc/IndustryStatictics/PKRV2807202625262.csv,https://www.mufap.com.pk/Upload/WebDoc/IndustryStatictics/PKRV2807202625262.csv,PKRV2807202625262.csv,.csv,1,TRUE,READY,,2026-09-28T20:26:13+00:00,AUTO_READY,No metadata anomaly detected.
3392,2026-07-29,2026,PKRV29072026,/Upload/WebDoc/IndustryStatictics/PKRV2907202625270.csv,https://www.mufap.com.pk/Upload/WebDoc/IndustryStatictics/PKRV2907202625270.csv,PKRV2907202625270.csv,.csv,1,TRUE,READY,,2026-09-28T20:26:13+00:00,AUTO_READY,No metadata anomaly detected.
3395,2026-07-30,2026,PKRV30072026,/Upload/WebDoc/IndustryStatictics/PKRV3007202625274.csv,https://www.mufap.com.pk/Upload/WebDoc/IndustryStatictics/PKRV3007202625274.csv,PKRV3007202625274.csv,.csv,1,TRUE,READY,,2026-09-28T20:26:13+00:00,AUTO_READY,No metadata anomaly detected.
3400,2026-07-31,2026,PKRV31072026,/Upload/WebDoc/IndustryStatictics/PKRV3107202625280.csv,https://www.mufap.com.pk/Upload/WebDoc/IndustryStatictics/PKRV3107202625280.csv,PKRV3107202625280.csv,.csv,1,TRUE,READY,,2026-09-28T20:26:13+00:00,AUTO_READY,No metadata anomaly detected.
3401,2026-08-03,2026,PKRV03082026,/Upload/WebDoc/IndustryStatictics/PKRV0308202625284.csv,https://www.mufap.com.pk/Upload/WebDoc/IndustryStatictics/PKRV0308202625284.csv,PKRV0308202625284.csv,.csv,1,TRUE,READY,,2026-09-28T20:26:13+00:00,AUTO_READY,No metadata anomaly detected.
3404,2026-08-04,2026,PKRV04082026,/Upload/WebDoc/IndustryStatictics/PKRV0408202625288.csv,https://www.mufap.com.pk/Upload/WebDoc/IndustryStatictics/PKRV0408202625288.csv,PKRV0408202625288.csv,.csv,1,TRUE,READY,,2026-09-28T20:26:13+00:00,AUTO_READY,No metadata anomaly detected.
3407,2026-08-05,2026,PKRV05082026,/Upload/WebDoc/IndustryStatictics/PKRV0508202625296.csv,https://www.mufap.com.pk/Upload/WebDoc/IndustryStatictics/PKRV0508202625296.csv,PKRV0508202625296.csv,.csv,1,TRUE,READY,,2026-09-28T20:26:13+00:00,AUTO_READY,No metadata anomaly detected.
3410,2026-08-06,2026,PKRV06082026,/Upload/WebDoc/IndustryStatictics/PKRV0608202625300.csv,https://www.mufap.com.pk/Upload/WebDoc/IndustryStatictics/PKRV0608202625300.csv,PKRV0608202625300.csv,.csv,1,TRUE,READY,,2026-09-28T20:26:13+00:00,AUTO_READY,No metadata anomaly detected.
3413,2026-08-07,2026,PKRV07082026,/Upload/WebDoc/IndustryStatictics/PKRV0708202625309.csv,https://www.mufap.com.pk/Upload/WebDoc/IndustryStatictics/PKRV0708202625309.csv,PKRV0708202625309.csv,.csv,1,TRUE,READY,,2026-09-28T20:26:13+00:00,AUTO_READY,No metadata anomaly detected.
3416,2026-08-10,2026,PKRV10082026,/Upload/WebDoc/IndustryStatictics/PKRV1008202625313.csv,https://www.mufap.com.pk/Upload/WebDoc/IndustryStatictics/PKRV1008202625313.csv,PKRV1008202625313.csv,.csv,1,TRUE,READY,,2026-09-28T20:26:13+00:00,AUTO_READY,No metadata anomaly detected.
3419,2026-08-11,2026,PKRV11082026,/Upload/WebDoc/IndustryStatictics/PKRV1108202625317.csv,https://www.mufap.com.pk/Upload/WebDoc/IndustryStatictics/PKRV1108202625317.csv,PKRV1108202625317.csv,.csv,1,TRUE,READY,,2026-09-28T20:26:13+00:00,AUTO_READY,No metadata anomaly detected.
3422,2026-08-12,2026,PKRV12082026,/Upload/WebDoc/IndustryStatictics/PKRV1208202625322.csv,https://www.mufap.com.pk/Upload/WebDoc/IndustryStatictics/PKRV1208202625322.csv,PKRV1208202625322.csv,.csv,1,TRUE,READY,,2026-09-28T20:26:13+00:00,AUTO_READY,No metadata anomaly detected.
3425,2026-08-13,2026,PKRV13082026,/Upload/WebDoc/IndustryStatictics/PKRV1308202625328.csv,https://www.mufap.com.pk/Upload/WebDoc/IndustryStatictics/PKRV1308202625328.csv,PKRV1308202625328.csv,.csv,1,TRUE,READY,,2026-09-28T20:26:13+00:00,AUTO_READY,No metadata anomaly detected.
3428,2026-08-17,2026,PKRV17082026,/Upload/WebDoc/IndustryStatictics/PKRV1708202625333.csv,https://www.mufap.com.pk/Upload/WebDoc/IndustryStatictics/PKRV1708202625333.csv,PKRV1708202625333.csv,.csv,1,TRUE,READY,,2026-09-28T20:26:13+00:00,AUTO_READY,No metadata anomaly detected.
3431,2026-08-18,2026,PKRV18082026,/Upload/WebDoc/IndustryStatictics/PKRV1808202625338.csv,https://www.mufap.com.pk/Upload/WebDoc/IndustryStatictics/PKRV1808202625338.csv,PKRV1808202625338.csv,.csv,1,TRUE,READY,,2026-09-28T20:26:13+00:00,AUTO_READY,No metadata anomaly detected.
3434,2026-08-19,2026,PKRV19082026,/Upload/WebDoc/IndustryStatictics/PKRV1908202625343.csv,https://www.mufap.com.pk/Upload/WebDoc/IndustryStatictics/PKRV1908202625343.csv,PKRV1908202625343.csv,.csv,1,TRUE,READY,,2026-09-28T20:26:13+00:00,AUTO_READY,No metadata anomaly detected.
3438,2026-08-20,2026,PKRV20082026,/Upload/WebDoc/IndustryStatictics/PKRV2008202625349.csv,https://www.mufap.com.pk/Upload/WebDoc/IndustryStatictics/PKRV2008202625349.csv,PKRV2008202625349.csv,.csv,1,TRUE,READY,,2026-09-28T20:26:13+00:00,AUTO_READY,No metadata anomaly detected.
3441,2026-08-21,2026,PKRV21082026,/Upload/WebDoc/IndustryStatictics/PKRV2108202625356.csv,https://www.mufap.com.pk/Upload/WebDoc/IndustryStatictics/PKRV2108202625356.csv,PKRV2108202625356.csv,.csv,1,TRUE,READY,,2026-09-28T20:26:13+00:00,AUTO_READY,No metadata anomaly detected.
3443,2026-08-24,2026,PKRV24082026,/Upload/WebDoc/IndustryStatictics/PKRV2408202625361.csv,https://www.mufap.com.pk/Upload/WebDoc/IndustryStatictics/PKRV2408202625361.csv,PKRV2408202625361.csv,.csv,1,TRUE,READY,,2026-09-28T20:26:13+00:00,AUTO_READY,No metadata anomaly detected.
3446,2026-08-25,2026,PKRV25082026,/Upload/WebDoc/IndustryStatictics/PKRV2508202625366.csv,https://www.mufap.com.pk/Upload/WebDoc/IndustryStatictics/PKRV2508202625366.csv,PKRV2508202625366.csv,.csv,1,TRUE,READY,,2026-09-28T20:26:13+00:00,AUTO_READY,No metadata anomaly detected.
3449,2026-08-27,2026,PKRV27082026,/Upload/WebDoc/IndustryStatictics/PKRV2708202625371.csv,https://www.mufap.com.pk/Upload/WebDoc/IndustryStatictics/PKRV2708202625371.csv,PKRV2708202625371.csv,.csv,1,TRUE,READY,,2026-09-28T20:26:13+00:00,AUTO_READY,No metadata anomaly detected.
3452,2026-08-28,2026,PKRV28082026,/Upload/WebDoc/IndustryStatictics/PKRV2808202625379.csv,https://www.mufap.com.pk/Upload/WebDoc/IndustryStatictics/PKRV2808202625379.csv,PKRV2808202625379.csv,.csv,1,TRUE,READY,,2026-09-28T20:26:13+00:00,AUTO_READY,No metadata anomaly detected.
3457,2026-08-31,2026,PKRV31082026,/Upload/WebDoc/IndustryStatictics/PKRV3108202625386.csv,https://www.mufap.com.pk/Upload/WebDoc/IndustryStatictics/PKRV3108202625386.csv,PKRV3108202625386.csv,.csv,1,TRUE,READY,,2026-09-28T20:26:13+00:00,AUTO_READY,No metadata anomaly detected.
3458,2026-09-01,2026,PKRV01092026,/Upload/WebDoc/IndustryStatictics/PKRV0109202625388.csv,https://www.mufap.com.pk/Upload/WebDoc/IndustryStatictics/PKRV0109202625388.csv,PKRV0109202625388.csv,.csv,1,TRUE,READY,,2026-09-28T20:26:13+00:00,AUTO_READY,No metadata anomaly detected.
3461,2026-09-02,2026,PKRV02092026,/Upload/WebDoc/IndustryStatictics/PKRV0209202625398.csv,https://www.mufap.com.pk/Upload/WebDoc/IndustryStatictics/PKRV0209202625398.csv,PKRV0209202625398.csv,.csv,1,TRUE,READY,,2026-09-28T20:26:13+00:00,AUTO_READY,No metadata anomaly detected.
3464,2026-09-03,2026,PKRV03092026,/Upload/WebDoc/IndustryStatictics/PKRV0309202625402.csv,https://www.mufap.com.pk/Upload/WebDoc/IndustryStatictics/PKRV0309202625402.csv,PKRV0309202625402.csv,.csv,1,TRUE,READY,,2026-09-28T20:26:13+00:00,AUTO_READY,No metadata anomaly detected.
3469,2026-09-04,2026,PKRV04092026,/Upload/WebDoc/IndustryStatictics/PKRV0409202625409.csv,https://www.mufap.com.pk/Upload/WebDoc/IndustryStatictics/PKRV0409202625409.csv,PKRV0409202625409.csv,.csv,1,TRUE,READY,,2026-09-28T20:26:13+00:00,AUTO_READY,No metadata anomaly detected.
3470,2026-09-07,2026,PKRV07092026,/Upload/WebDoc/IndustryStatictics/PKRV0709202625411.csv,https://www.mufap.com.pk/Upload/WebDoc/IndustryStatictics/PKRV0709202625411.csv,PKRV0709202625411.csv,.csv,1,TRUE,READY,,2026-09-28T20:26:13+00:00,AUTO_READY,No metadata anomaly detected.
3474,2026-09-08,2026,PKRV08092026,/Upload/WebDoc/IndustryStatictics/PKRV0809202625416.csv,https://www.mufap.com.pk/Upload/WebDoc/IndustryStatictics/PKRV0809202625416.csv,PKRV0809202625416.csv,.csv,1,TRUE,READY,,2026-09-28T20:26:13+00:00,AUTO_READY,No metadata anomaly detected.
3478,2026-09-09,2026,PKRV09092026,/Upload/WebDoc/IndustryStatictics/PKRV0909202625421.csv,https://www.mufap.com.pk/Upload/WebDoc/IndustryStatictics/PKRV0909202625421.csv,PKRV0909202625421.csv,.csv,1,TRUE,READY,,2026-09-28T20:26:13+00:00,AUTO_READY,No metadata anomaly detected.
3480,2026-09-10,2026,PKRV10092026,/Upload/WebDoc/IndustryStatictics/PKRV1009202625424.csv,https://www.mufap.com.pk/Upload/WebDoc/IndustryStatictics/PKRV1009202625424.csv,PKRV1009202625424.csv,.csv,1,TRUE,READY,,2026-09-28T20:26:13+00:00,AUTO_READY,No metadata anomaly detected.
3484,2026-09-11,2026,PKRV11092026,/Upload/WebDoc/IndustryStatictics/PKRV1109202625429.csv,https://www.mufap.com.pk/Upload/WebDoc/IndustryStatictics/PKRV1109202625429.csv,PKRV1109202625429.csv,.csv,1,TRUE,READY,,2026-09-28T20:26:13+00:00,AUTO_READY,No metadata anomaly detected.
3487,2026-09-14,2026,PKRV14092026,/Upload/WebDoc/IndustryStatictics/PKRV1409202625435.csv,https://www.mufap.com.pk/Upload/WebDoc/IndustryStatictics/PKRV1409202625435.csv,PKRV1409202625435.csv,.csv,1,TRUE,READY,,2026-09-28T20:26:13+00:00,AUTO_READY,No metadata anomaly detected.
3490,2026-09-15,2026,PKRV15092026,/Upload/WebDoc/IndustryStatictics/PKRV1509202625439.csv,https://www.mufap.com.pk/Upload/WebDoc/IndustryStatictics/PKRV1509202625439.csv,PKRV1509202625439.csv,.csv,1,TRUE,READY,,2026-09-28T20:26:13+00:00,AUTO_READY,No metadata anomaly detected.
3493,2026-09-16,2026,PKRV16092026,/Upload/WebDoc/IndustryStatictics/PKRV1609202625443.csv,https://www.mufap.com.pk/Upload/WebDoc/IndustryStatictics/PKRV1609202625443.csv,PKRV1609202625443.csv,.csv,1,TRUE,READY,,2026-09-28T20:26:13+00:00,AUTO_READY,No metadata anomaly detected.
3496,2026-09-17,2026,PKRV17092026,/Upload/WebDoc/IndustryStatictics/PKRV1709202625447.csv,https://www.mufap.com.pk/Upload/WebDoc/IndustryStatictics/PKRV1709202625447.csv,PKRV1709202625447.csv,.csv,1,TRUE,READY,,2026-09-28T20:26:13+00:00,AUTO_READY,No metadata anomaly detected.
3498,2026-09-18,2026,PKRV18092026,/Upload/WebDoc/IndustryStatictics/PKRV1809202625450.csv,https://www.mufap.com.pk/Upload/WebDoc/IndustryStatictics/PKRV1809202625450.csv,PKRV1809202625450.csv,.csv,1,TRUE,READY,,2026-09-28T20:26:13+00:00,AUTO_READY,No metadata anomaly detected.
3501,2026-09-21,2026,PKRV21092026,/Upload/WebDoc/IndustryStatictics/PKRV2109202625454.csv,https://www.mufap.com.pk/Upload/WebDoc/IndustryStatictics/PKRV2109202625454.csv,PKRV2109202625454.csv,.csv,1,TRUE,READY,,2026-09-28T20:26:13+00:00,AUTO_READY,No metadata anomaly detected.
3503,2026-09-22,2026,PKRV22092026,/Upload/WebDoc/IndustryStatictics/PKRV2209202625458.csv,https://www.mufap.com.pk/Upload/WebDoc/IndustryStatictics/PKRV2209202625458.csv,PKRV2209202625458.csv,.csv,1,TRUE,READY,,2026-09-28T20:26:13+00:00,AUTO_READY,No metadata anomaly detected.
3508,2026-09-23,2026,PKRV23092026,/Upload/WebDoc/IndustryStatictics/PKRV2309202625465.csv,https://www.mufap.com.pk/Upload/WebDoc/IndustryStatictics/PKRV2309202625465.csv,PKRV2309202625465.csv,.csv,1,TRUE,READY,,2026-09-28T20:26:13+00:00,AUTO_READY,No metadata anomaly detected.
3510,2026-09-24,2026,PKRV24092026,/Upload/WebDoc/IndustryStatictics/PKRV2409202625469.csv,https://www.mufap.com.pk/Upload/WebDoc/IndustryStatictics/PKRV2409202625469.csv,PKRV2409202625469.csv,.csv,1,TRUE,READY,,2026-09-28T20:26:13+00:00,AUTO_READY,No metadata anomaly detected.
3514,2026-09-25,2026,PKRV25092026,/Upload/WebDoc/IndustryStatictics/PKRV2509202625476.csv,https://www.mufap.com.pk/Upload/WebDoc/IndustryStatictics/PKRV2509202625476.csv,PKRV2509202625476.csv,.csv,1,TRUE,READY,,2026-09-28T20:26:13+00:00,AUTO_READY,No metadata anomaly detected.
3515,2026-09-28,2026,PKRV28092026,/Upload/WebDoc/IndustryStatictics/PKRV2809202625481.csv,https://www.mufap.com.pk/Upload/WebDoc/IndustryStatictics/PKRV2809202625481.csv,PKRV2809202625481.csv,.csv,1,TRUE,READY,,2026-09-28T20:26:13+00:00,AUTO_READY,No metadata anomaly detected.
