observation_date,file_name,source_url,http_status,content_type,content_length,result,checked_at_utc,error
2023-09-13,PKRV13092023781.csv,https://www.mufap.com.pk/Upload/WebDoc/IndustryStatictics/PKRV13092023781.csv,404,text/html,,HTTP_404,2026-09-29T18:19:43+00:00,
2023-09-14,PKRV14092023782.csv,https://www.mufap.com.pk/Upload/WebDoc/IndustryStatictics/PKRV14092023782.csv,200,application/octet-stream,1418,AVAILABLE,2026-09-29T18:19:44+00:00,
2023-09-15,PKRV15092023783.csv,https://www.mufap.com.pk/Upload/WebDoc/IndustryStatictics/PKRV15092023783.csv,200,application/octet-stream,1702,AVAILABLE,2026-09-29T18:19:45+00:00,
2023-09-18,PKRV18092023784.csv,https://www.mufap.com.pk/Upload/WebDoc/IndustryStatictics/PKRV18092023784.csv,200,application/octet-stream,1432,AVAILABLE,2026-09-29T18:19:45+00:00,
2023-09-19,PKRV19092023787.csv,https://www.mufap.com.pk/Upload/WebDoc/IndustryStatictics/PKRV19092023787.csv,200,application/octet-stream,1432,AVAILABLE,2026-09-29T18:19:46+00:00,
2023-09-20,PKRV20092023788.csv,https://www.mufap.com.pk/Upload/WebDoc/IndustryStatictics/PKRV20092023788.csv,200,application/octet-stream,1367,AVAILABLE,2026-09-29T18:19:47+00:00,
2023-09-21,PKRV21092023789.csv,https://www.mufap.com.pk/Upload/WebDoc/IndustryStatictics/PKRV21092023789.csv,200,application/octet-stream,1384,AVAILABLE,2026-09-29T18:19:47+00:00,
2023-09-22,PKRV22092023790.csv,https://www.mufap.com.pk/Upload/WebDoc/IndustryStatictics/PKRV22092023790.csv,200,application/octet-stream,1445,AVAILABLE,2026-09-29T18:19:48+00:00,
2023-09-25,PKRV25092023791.csv,https://www.mufap.com.pk/Upload/WebDoc/IndustryStatictics/PKRV25092023791.csv,200,application/octet-stream,1313,AVAILABLE,2026-09-29T18:19:49+00:00,
2023-09-26,PKRV26092023792.csv,https://www.mufap.com.pk/Upload/WebDoc/IndustryStatictics/PKRV26092023792.csv,200,application/octet-stream,1433,AVAILABLE,2026-09-29T18:19:50+00:00,
2023-09-27,PKRV27092023793.csv,https://www.mufap.com.pk/Upload/WebDoc/IndustryStatictics/PKRV27092023793.csv,200,application/octet-stream,1423,AVAILABLE,2026-09-29T18:19:50+00:00,
2023-09-28,PKRV28092023794.csv,https://www.mufap.com.pk/Upload/WebDoc/IndustryStatictics/PKRV28092023794.csv,200,application/octet-stream,1424,AVAILABLE,2026-09-29T18:19:51+00:00,
2023-10-02,PKRV02102023750.csv,https://www.mufap.com.pk/Upload/WebDoc/IndustryStatictics/PKRV02102023750.csv,200,application/octet-stream,1302,AVAILABLE,2026-09-29T18:19:52+00:00,
2023-10-03,PKRV03102023751.csv,https://www.mufap.com.pk/Upload/WebDoc/IndustryStatictics/PKRV03102023751.csv,200,application/octet-stream,1434,AVAILABLE,2026-09-29T18:19:52+00:00,
2023-10-04,PKRV04102023752.csv,https://www.mufap.com.pk/Upload/WebDoc/IndustryStatictics/PKRV04102023752.csv,200,application/octet-stream,1422,AVAILABLE,2026-09-29T18:19:53+00:00,
2023-10-05,PKRV05102023753.csv,https://www.mufap.com.pk/Upload/WebDoc/IndustryStatictics/PKRV05102023753.csv,200,application/octet-stream,1296,AVAILABLE,2026-09-29T18:19:54+00:00,
2023-10-06,PKRV06102023754.csv,https://www.mufap.com.pk/Upload/WebDoc/IndustryStatictics/PKRV06102023754.csv,200,application/octet-stream,1420,AVAILABLE,2026-09-29T18:19:55+00:00,
2023-10-09,PKRV09102023755.csv,https://www.mufap.com.pk/Upload/WebDoc/IndustryStatictics/PKRV09102023755.csv,200,application/octet-stream,1415,AVAILABLE,2026-09-29T18:19:56+00:00,
2023-10-10,PKRV10102023756.csv,https://www.mufap.com.pk/Upload/WebDoc/IndustryStatictics/PKRV10102023756.csv,200,application/octet-stream,1430,AVAILABLE,2026-09-29T18:19:57+00:00,
2023-10-11,PKRV11102023757.csv,https://www.mufap.com.pk/Upload/WebDoc/IndustryStatictics/PKRV11102023757.csv,200,application/octet-stream,1626,AVAILABLE,2026-09-29T18:19:58+00:00,
2023-10-12,PKRV12102023758.csv,https://www.mufap.com.pk/Upload/WebDoc/IndustryStatictics/PKRV12102023758.csv,200,application/octet-stream,1436,AVAILABLE,2026-09-29T18:19:58+00:00,
2023-10-13,PKRV13102023759.csv,https://www.mufap.com.pk/Upload/WebDoc/IndustryStatictics/PKRV13102023759.csv,200,application/octet-stream,1432,AVAILABLE,2026-09-29T18:19:59+00:00,
2023-10-16,PKRV16102023760.csv,https://www.mufap.com.pk/Upload/WebDoc/IndustryStatictics/PKRV16102023760.csv,200,application/octet-stream,1431,AVAILABLE,2026-09-29T18:20:00+00:00,
2023-10-17,PKRV17102023761.csv,https://www.mufap.com.pk/Upload/WebDoc/IndustryStatictics/PKRV17102023761.csv,200,application/octet-stream,1425,AVAILABLE,2026-09-29T18:20:00+00:00,
2023-10-18,PKRV18102023762.csv,https://www.mufap.com.pk/Upload/WebDoc/IndustryStatictics/PKRV18102023762.csv,200,application/octet-stream,1406,AVAILABLE,2026-09-29T18:20:01+00:00,
2023-10-19,PKRV19102023763.csv,https://www.mufap.com.pk/Upload/WebDoc/IndustryStatictics/PKRV19102023763.csv,200,application/octet-stream,1354,AVAILABLE,2026-09-29T18:20:02+00:00,
2023-10-20,PKRV20102023764.csv,https://www.mufap.com.pk/Upload/WebDoc/IndustryStatictics/PKRV20102023764.csv,200,application/octet-stream,1444,AVAILABLE,2026-09-29T18:20:03+00:00,
2023-10-23,PKRV23102023765.csv,https://www.mufap.com.pk/Upload/WebDoc/IndustryStatictics/PKRV23102023765.csv,200,application/octet-stream,1369,AVAILABLE,2026-09-29T18:20:03+00:00,
2023-10-24,PKRV24102023766.csv,https://www.mufap.com.pk/Upload/WebDoc/IndustryStatictics/PKRV24102023766.csv,200,application/octet-stream,1366,AVAILABLE,2026-09-29T18:20:04+00:00,
2023-10-25,PKRV25102023767.csv,https://www.mufap.com.pk/Upload/WebDoc/IndustryStatictics/PKRV25102023767.csv,200,application/octet-stream,1384,AVAILABLE,2026-09-29T18:20:05+00:00,
2023-10-26,PKRV26102023768.csv,https://www.mufap.com.pk/Upload/WebDoc/IndustryStatictics/PKRV26102023768.csv,200,application/octet-stream,1758,AVAILABLE,2026-09-29T18:20:05+00:00,
2023-10-27,PKRV27102023769.csv,https://www.mufap.com.pk/Upload/WebDoc/IndustryStatictics/PKRV27102023769.csv,200,application/octet-stream,1688,AVAILABLE,2026-09-29T18:20:06+00:00,
2023-10-30,PKRV30102023770.csv,https://www.mufap.com.pk/Upload/WebDoc/IndustryStatictics/PKRV30102023770.csv,200,application/octet-stream,337,AVAILABLE,2026-09-29T18:20:07+00:00,
2023-10-31,PKRV31102023771.csv,https://www.mufap.com.pk/Upload/WebDoc/IndustryStatictics/PKRV31102023771.csv,200,application/octet-stream,1563,AVAILABLE,2026-09-29T18:20:07+00:00,
2023-11-01,PKRV01112023729.csv,https://www.mufap.com.pk/Upload/WebDoc/IndustryStatictics/PKRV01112023729.csv,200,application/octet-stream,1408,AVAILABLE,2026-09-29T18:20:08+00:00,
2023-11-02,PKRV02112023730.csv,https://www.mufap.com.pk/Upload/WebDoc/IndustryStatictics/PKRV02112023730.csv,200,application/octet-stream,1417,AVAILABLE,2026-09-29T18:20:09+00:00,
2023-11-03,PKRV03112023731.csv,https://www.mufap.com.pk/Upload/WebDoc/IndustryStatictics/PKRV03112023731.csv,200,application/octet-stream,1466,AVAILABLE,2026-09-29T18:20:10+00:00,
2023-11-06,PKRV06112023732.csv,https://www.mufap.com.pk/Upload/WebDoc/IndustryStatictics/PKRV06112023732.csv,200,application/octet-stream,1465,AVAILABLE,2026-09-29T18:20:10+00:00,
2023-11-07,PKRV07112023733.csv,https://www.mufap.com.pk/Upload/WebDoc/IndustryStatictics/PKRV07112023733.csv,200,application/octet-stream,1352,AVAILABLE,2026-09-29T18:20:11+00:00,
2023-11-08,PKRV08112023734.csv,https://www.mufap.com.pk/Upload/WebDoc/IndustryStatictics/PKRV08112023734.csv,200,application/octet-stream,1411,AVAILABLE,2026-09-29T18:20:12+00:00,
2023-11-10,PKRV10112023735.csv,https://www.mufap.com.pk/Upload/WebDoc/IndustryStatictics/PKRV10112023735.csv,200,application/octet-stream,1453,AVAILABLE,2026-09-29T18:20:12+00:00,
2023-11-13,PKRV13112023736.csv,https://www.mufap.com.pk/Upload/WebDoc/IndustryStatictics/PKRV13112023736.csv,200,application/octet-stream,1469,AVAILABLE,2026-09-29T18:20:13+00:00,
2023-11-14,PKRV14112023737.csv,https://www.mufap.com.pk/Upload/WebDoc/IndustryStatictics/PKRV14112023737.csv,200,application/octet-stream,1398,AVAILABLE,2026-09-29T18:20:14+00:00,
2023-11-15,PKRV15112023738.csv,https://www.mufap.com.pk/Upload/WebDoc/IndustryStatictics/PKRV15112023738.csv,200,application/octet-stream,1472,AVAILABLE,2026-09-29T18:20:14+00:00,
2023-11-16,PKRV16112023739.csv,https://www.mufap.com.pk/Upload/WebDoc/IndustryStatictics/PKRV16112023739.csv,200,application/octet-stream,1211,AVAILABLE,2026-09-29T18:20:15+00:00,
2023-11-17,PKRV17112023740.csv,https://www.mufap.com.pk/Upload/WebDoc/IndustryStatictics/PKRV17112023740.csv,200,application/octet-stream,5216,AVAILABLE,2026-09-29T18:20:16+00:00,
2023-11-20,PKRV20112023741.csv,https://www.mufap.com.pk/Upload/WebDoc/IndustryStatictics/PKRV20112023741.csv,200,application/octet-stream,1460,AVAILABLE,2026-09-29T18:20:16+00:00,
2023-11-21,PKRV21112023742.csv,https://www.mufap.com.pk/Upload/WebDoc/IndustryStatictics/PKRV21112023742.csv,200,application/octet-stream,1432,AVAILABLE,2026-09-29T18:20:17+00:00,
2023-11-22,PKRV22112023743.csv,https://www.mufap.com.pk/Upload/WebDoc/IndustryStatictics/PKRV22112023743.csv,200,application/octet-stream,1450,AVAILABLE,2026-09-29T18:20:18+00:00,
2023-11-23,PKRV23112023744.csv,https://www.mufap.com.pk/Upload/WebDoc/IndustryStatictics/PKRV23112023744.csv,200,application/octet-stream,5416,AVAILABLE,2026-09-29T18:20:18+00:00,
2023-11-24,PKRV24112023745.csv,https://www.mufap.com.pk/Upload/WebDoc/IndustryStatictics/PKRV24112023745.csv,200,application/octet-stream,1394,AVAILABLE,2026-09-29T18:20:19+00:00,
2023-11-27,PKRV27112023746.csv,https://www.mufap.com.pk/Upload/WebDoc/IndustryStatictics/PKRV27112023746.csv,200,application/octet-stream,1512,AVAILABLE,2026-09-29T18:20:20+00:00,
2023-11-28,PKRV28112023747.csv,https://www.mufap.com.pk/Upload/WebDoc/IndustryStatictics/PKRV28112023747.csv,200,application/octet-stream,1626,AVAILABLE,2026-09-29T18:20:21+00:00,
2023-11-29,PKRV29112023748.csv,https://www.mufap.com.pk/Upload/WebDoc/IndustryStatictics/PKRV29112023748.csv,200,application/octet-stream,1395,AVAILABLE,2026-09-29T18:20:21+00:00,
2023-11-30,PKRV30112023749.csv,https://www.mufap.com.pk/Upload/WebDoc/IndustryStatictics/PKRV30112023749.csv,200,application/octet-stream,1399,AVAILABLE,2026-09-29T18:20:22+00:00,
2023-12-01,PKRV01122023708.csv,https://www.mufap.com.pk/Upload/WebDoc/IndustryStatictics/PKRV01122023708.csv,200,application/octet-stream,335,AVAILABLE,2026-09-29T18:20:23+00:00,
2023-12-04,PKRV04122023710.csv,https://www.mufap.com.pk/Upload/WebDoc/IndustryStatictics/PKRV04122023710.csv,200,application/octet-stream,328,AVAILABLE,2026-09-29T18:20:23+00:00,
2023-12-05,PKRV05122023711.csv,https://www.mufap.com.pk/Upload/WebDoc/IndustryStatictics/PKRV05122023711.csv,200,application/octet-stream,330,AVAILABLE,2026-09-29T18:20:24+00:00,
2023-12-06,PKRV06122023712.csv,https://www.mufap.com.pk/Upload/WebDoc/IndustryStatictics/PKRV06122023712.csv,200,application/octet-stream,329,AVAILABLE,2026-09-29T18:20:25+00:00,
2023-12-07,PKRV07122023713.csv,https://www.mufap.com.pk/Upload/WebDoc/IndustryStatictics/PKRV07122023713.csv,200,application/octet-stream,338,AVAILABLE,2026-09-29T18:20:26+00:00,
2023-12-08,PKRV08122023714.csv,https://www.mufap.com.pk/Upload/WebDoc/IndustryStatictics/PKRV08122023714.csv,200,application/octet-stream,338,AVAILABLE,2026-09-29T18:20:27+00:00,
2023-12-11,PKRV11122023715.csv,https://www.mufap.com.pk/Upload/WebDoc/IndustryStatictics/PKRV11122023715.csv,200,application/octet-stream,340,AVAILABLE,2026-09-29T18:20:27+00:00,
2023-12-12,PKRV12122023716.csv,https://www.mufap.com.pk/Upload/WebDoc/IndustryStatictics/PKRV12122023716.csv,200,application/octet-stream,333,AVAILABLE,2026-09-29T18:20:28+00:00,
2023-12-13,PKRV13122023717.csv,https://www.mufap.com.pk/Upload/WebDoc/IndustryStatictics/PKRV13122023717.csv,200,application/octet-stream,337,AVAILABLE,2026-09-29T18:20:29+00:00,
2023-12-14,PKRV14122023718.csv,https://www.mufap.com.pk/Upload/WebDoc/IndustryStatictics/PKRV14122023718.csv,200,application/octet-stream,339,AVAILABLE,2026-09-29T18:20:30+00:00,
2023-12-15,PKRV15122023719.csv,https://www.mufap.com.pk/Upload/WebDoc/IndustryStatictics/PKRV15122023719.csv,200,application/octet-stream,339,AVAILABLE,2026-09-29T18:20:30+00:00,
2023-12-18,PKRV18122023720.csv,https://www.mufap.com.pk/Upload/WebDoc/IndustryStatictics/PKRV18122023720.csv,200,application/octet-stream,339,AVAILABLE,2026-09-29T18:20:31+00:00,
2023-12-19,PKRV19122023721.csv,https://www.mufap.com.pk/Upload/WebDoc/IndustryStatictics/PKRV19122023721.csv,200,application/octet-stream,334,AVAILABLE,2026-09-29T18:20:32+00:00,
2023-12-20,PKRV20122023722.csv,https://www.mufap.com.pk/Upload/WebDoc/IndustryStatictics/PKRV20122023722.csv,200,application/octet-stream,333,AVAILABLE,2026-09-29T18:20:33+00:00,
2023-12-21,PKRV21122023723.csv,https://www.mufap.com.pk/Upload/WebDoc/IndustryStatictics/PKRV21122023723.csv,200,application/octet-stream,332,AVAILABLE,2026-09-29T18:20:33+00:00,
2023-12-22,PKRV22122023724.csv,https://www.mufap.com.pk/Upload/WebDoc/IndustryStatictics/PKRV22122023724.csv,200,application/octet-stream,338,AVAILABLE,2026-09-29T18:20:34+00:00,
2023-12-26,PKRV26122023725.csv,https://www.mufap.com.pk/Upload/WebDoc/IndustryStatictics/PKRV26122023725.csv,200,application/octet-stream,331,AVAILABLE,2026-09-29T18:20:35+00:00,
2023-12-27,PKRV27122023726.csv,https://www.mufap.com.pk/Upload/WebDoc/IndustryStatictics/PKRV27122023726.csv,200,application/octet-stream,326,AVAILABLE,2026-09-29T18:20:36+00:00,
2023-12-28,PKRV28122023727.csv,https://www.mufap.com.pk/Upload/WebDoc/IndustryStatictics/PKRV28122023727.csv,200,application/octet-stream,325,AVAILABLE,2026-09-29T18:20:37+00:00,
2023-12-29,PKRV29122023728.csv,https://www.mufap.com.pk/Upload/WebDoc/IndustryStatictics/PKRV29122023728.csv,200,application/octet-stream,1575,AVAILABLE,2026-09-29T18:20:37+00:00,
2024-01-02,PKRV02012024535.csv,https://www.mufap.com.pk/Upload/WebDoc/IndustryStatictics/PKRV02012024535.csv,200,application/octet-stream,340,AVAILABLE,2026-09-29T18:20:39+00:00,
2024-01-03,PKRV03012024534.csv,https://www.mufap.com.pk/Upload/WebDoc/IndustryStatictics/PKRV03012024534.csv,200,application/octet-stream,1714,AVAILABLE,2026-09-29T18:20:40+00:00,
2024-01-04,PKRV04012024533.csv,https://www.mufap.com.pk/Upload/WebDoc/IndustryStatictics/PKRV04012024533.csv,200,application/octet-stream,1423,AVAILABLE,2026-09-29T18:20:40+00:00,
2024-01-05,PKRV05012024532.csv,https://www.mufap.com.pk/Upload/WebDoc/IndustryStatictics/PKRV05012024532.csv,200,application/octet-stream,1488,AVAILABLE,2026-09-29T18:20:41+00:00,
2024-01-08,PKRV08012024531.csv,https://www.mufap.com.pk/Upload/WebDoc/IndustryStatictics/PKRV08012024531.csv,200,application/octet-stream,1523,AVAILABLE,2026-09-29T18:20:42+00:00,
2024-01-09,PKRV09012024530.csv,https://www.mufap.com.pk/Upload/WebDoc/IndustryStatictics/PKRV09012024530.csv,200,application/octet-stream,338,AVAILABLE,2026-09-29T18:20:43+00:00,
2024-01-10,PKRV10012024529.csv,https://www.mufap.com.pk/Upload/WebDoc/IndustryStatictics/PKRV10012024529.csv,200,application/octet-stream,1404,AVAILABLE,2026-09-29T18:20:43+00:00,
2024-01-11,PKRV11012024528.csv,https://www.mufap.com.pk/Upload/WebDoc/IndustryStatictics/PKRV11012024528.csv,200,application/octet-stream,1404,AVAILABLE,2026-09-29T18:20:44+00:00,
2024-01-12,PKRV12012024527.csv,https://www.mufap.com.pk/Upload/WebDoc/IndustryStatictics/PKRV12012024527.csv,200,application/octet-stream,1476,AVAILABLE,2026-09-29T18:20:45+00:00,
2024-01-15,PKRV15012024526.csv,https://www.mufap.com.pk/Upload/WebDoc/IndustryStatictics/PKRV15012024526.csv,200,application/octet-stream,1481,AVAILABLE,2026-09-29T18:20:46+00:00,
2024-01-16,PKRV16012024524.csv,https://www.mufap.com.pk/Upload/WebDoc/IndustryStatictics/PKRV16012024524.csv,200,application/octet-stream,1539,AVAILABLE,2026-09-29T18:20:46+00:00,
2024-01-17,PKRV17012024523.csv,https://www.mufap.com.pk/Upload/WebDoc/IndustryStatictics/PKRV17012024523.csv,200,application/octet-stream,1516,AVAILABLE,2026-09-29T18:20:47+00:00,
2024-01-18,PKRV18012024522.csv,https://www.mufap.com.pk/Upload/WebDoc/IndustryStatictics/PKRV18012024522.csv,200,application/octet-stream,1466,AVAILABLE,2026-09-29T18:20:48+00:00,
2024-01-19,PKRV19012024519.csv,https://www.mufap.com.pk/Upload/WebDoc/IndustryStatictics/PKRV19012024519.csv,200,application/octet-stream,1452,AVAILABLE,2026-09-29T18:20:48+00:00,
2024-01-22,PKRV22012024518.csv,https://www.mufap.com.pk/Upload/WebDoc/IndustryStatictics/PKRV22012024518.csv,200,application/octet-stream,1459,AVAILABLE,2026-09-29T18:20:49+00:00,
2024-01-23,PKRV23012024517.csv,https://www.mufap.com.pk/Upload/WebDoc/IndustryStatictics/PKRV23012024517.csv,200,application/octet-stream,1504,AVAILABLE,2026-09-29T18:20:50+00:00,
2024-01-24,PKRV24012024516.csv,https://www.mufap.com.pk/Upload/WebDoc/IndustryStatictics/PKRV24012024516.csv,200,application/octet-stream,1498,AVAILABLE,2026-09-29T18:20:51+00:00,
2024-01-25,PKRV25012024515.csv,https://www.mufap.com.pk/Upload/WebDoc/IndustryStatictics/PKRV25012024515.csv,200,application/octet-stream,335,AVAILABLE,2026-09-29T18:20:52+00:00,
2024-01-26,PKRV26012024514.csv,https://www.mufap.com.pk/Upload/WebDoc/IndustryStatictics/PKRV26012024514.csv,200,application/octet-stream,1498,AVAILABLE,2026-09-29T18:20:52+00:00,
2024-01-29,PKRV29012024513.csv,https://www.mufap.com.pk/Upload/WebDoc/IndustryStatictics/PKRV29012024513.csv,200,application/octet-stream,329,AVAILABLE,2026-09-29T18:20:53+00:00,
2024-01-30,PKRV30012024512.csv,https://www.mufap.com.pk/Upload/WebDoc/IndustryStatictics/PKRV30012024512.csv,200,application/octet-stream,1421,AVAILABLE,2026-09-29T18:20:54+00:00,
2024-01-31,PKRV31012024511.csv,https://www.mufap.com.pk/Upload/WebDoc/IndustryStatictics/PKRV31012024511.csv,200,application/octet-stream,1409,AVAILABLE,2026-09-29T18:20:55+00:00,
2024-02-01,PKRV01022024510.csv,https://www.mufap.com.pk/Upload/WebDoc/IndustryStatictics/PKRV01022024510.csv,200,application/octet-stream,331,AVAILABLE,2026-09-29T18:20:56+00:00,
2024-02-02,PKRV02022024509.csv,https://www.mufap.com.pk/Upload/WebDoc/IndustryStatictics/PKRV02022024509.csv,200,application/octet-stream,1452,AVAILABLE,2026-09-29T18:20:57+00:00,
2024-02-06,PKRV06022024508.csv,https://www.mufap.com.pk/Upload/WebDoc/IndustryStatictics/PKRV06022024508.csv,200,application/octet-stream,337,AVAILABLE,2026-09-29T18:20:58+00:00,
2024-02-07,PKRV07022024507.csv,https://www.mufap.com.pk/Upload/WebDoc/IndustryStatictics/PKRV07022024507.csv,200,application/octet-stream,340,AVAILABLE,2026-09-29T18:20:58+00:00,
2024-02-09,PKRV09022024506.csv,https://www.mufap.com.pk/Upload/WebDoc/IndustryStatictics/PKRV09022024506.csv,200,application/octet-stream,336,AVAILABLE,2026-09-29T18:20:59+00:00,
2024-02-12,PKRV12022024505.csv,https://www.mufap.com.pk/Upload/WebDoc/IndustryStatictics/PKRV12022024505.csv,200,application/octet-stream,328,AVAILABLE,2026-09-29T18:21:00+00:00,
2024-02-13,PKRV13022024504.csv,https://www.mufap.com.pk/Upload/WebDoc/IndustryStatictics/PKRV13022024504.csv,200,application/octet-stream,330,AVAILABLE,2026-09-29T18:21:01+00:00,
2024-02-14,PKRV14022024503.csv,https://www.mufap.com.pk/Upload/WebDoc/IndustryStatictics/PKRV14022024503.csv,200,application/octet-stream,331,AVAILABLE,2026-09-29T18:21:02+00:00,
2024-02-15,PKRV15022024502.csv,https://www.mufap.com.pk/Upload/WebDoc/IndustryStatictics/PKRV15022024502.csv,200,application/octet-stream,328,AVAILABLE,2026-09-29T18:21:02+00:00,
2024-02-16,PKRV16022024501.csv,https://www.mufap.com.pk/Upload/WebDoc/IndustryStatictics/PKRV16022024501.csv,200,application/octet-stream,328,AVAILABLE,2026-09-29T18:21:03+00:00,
2024-02-19,PKRV19022024500.csv,https://www.mufap.com.pk/Upload/WebDoc/IndustryStatictics/PKRV19022024500.csv,200,application/octet-stream,327,AVAILABLE,2026-09-29T18:21:04+00:00,
2024-02-20,PKRV20022024499.csv,https://www.mufap.com.pk/Upload/WebDoc/IndustryStatictics/PKRV20022024499.csv,200,application/octet-stream,327,AVAILABLE,2026-09-29T18:21:05+00:00,
2024-02-21,PKRV21022024498.csv,https://www.mufap.com.pk/Upload/WebDoc/IndustryStatictics/PKRV21022024498.csv,200,application/octet-stream,335,AVAILABLE,2026-09-29T18:21:05+00:00,
2024-02-22,PKRV22022024497.csv,https://www.mufap.com.pk/Upload/WebDoc/IndustryStatictics/PKRV22022024497.csv,200,application/octet-stream,338,AVAILABLE,2026-09-29T18:21:06+00:00,
2024-02-23,PKRV23022024496.csv,https://www.mufap.com.pk/Upload/WebDoc/IndustryStatictics/PKRV23022024496.csv,200,application/octet-stream,331,AVAILABLE,2026-09-29T18:21:07+00:00,
2024-02-26,PKRV26022024495.csv,https://www.mufap.com.pk/Upload/WebDoc/IndustryStatictics/PKRV26022024495.csv,200,application/octet-stream,337,AVAILABLE,2026-09-29T18:21:08+00:00,
2024-02-27,PKRV27022024494.csv,https://www.mufap.com.pk/Upload/WebDoc/IndustryStatictics/PKRV27022024494.csv,200,application/octet-stream,1805,AVAILABLE,2026-09-29T18:21:09+00:00,
2024-02-28,PKRV28022024493.csv,https://www.mufap.com.pk/Upload/WebDoc/IndustryStatictics/PKRV28022024493.csv,200,application/octet-stream,331,AVAILABLE,2026-09-29T18:21:09+00:00,
2024-02-29,PKRV29022024492.csv,https://www.mufap.com.pk/Upload/WebDoc/IndustryStatictics/PKRV29022024492.csv,200,application/octet-stream,1791,AVAILABLE,2026-09-29T18:21:10+00:00,
2024-03-01,PKRV01032024491.csv,https://www.mufap.com.pk/Upload/WebDoc/IndustryStatictics/PKRV01032024491.csv,200,application/octet-stream,1831,AVAILABLE,2026-09-29T18:21:11+00:00,
2024-03-04,PKRV04032024490.csv,https://www.mufap.com.pk/Upload/WebDoc/IndustryStatictics/PKRV04032024490.csv,200,application/octet-stream,345,AVAILABLE,2026-09-29T18:21:12+00:00,
2024-03-05,PKRV05032024489.csv,https://www.mufap.com.pk/Upload/WebDoc/IndustryStatictics/PKRV05032024489.csv,200,application/octet-stream,339,AVAILABLE,2026-09-29T18:21:12+00:00,
2024-03-06,PKRV06032024488.csv,https://www.mufap.com.pk/Upload/WebDoc/IndustryStatictics/PKRV06032024488.csv,200,application/octet-stream,328,AVAILABLE,2026-09-29T18:21:13+00:00,
2024-03-07,PKRV07032024487.csv,https://www.mufap.com.pk/Upload/WebDoc/IndustryStatictics/PKRV07032024487.csv,200,application/octet-stream,332,AVAILABLE,2026-09-29T18:21:14+00:00,
2024-03-08,PKRV08032024486.csv,https://www.mufap.com.pk/Upload/WebDoc/IndustryStatictics/PKRV08032024486.csv,200,application/octet-stream,339,AVAILABLE,2026-09-29T18:21:15+00:00,
2024-03-11,PKRV11032024485.csv,https://www.mufap.com.pk/Upload/WebDoc/IndustryStatictics/PKRV11032024485.csv,200,application/octet-stream,339,AVAILABLE,2026-09-29T18:21:16+00:00,
2024-03-13,PKRV13032024484.csv,https://www.mufap.com.pk/Upload/WebDoc/IndustryStatictics/PKRV13032024484.csv,200,application/octet-stream,332,AVAILABLE,2026-09-29T18:21:17+00:00,
2024-03-14,PKRV14032024483.csv,https://www.mufap.com.pk/Upload/WebDoc/IndustryStatictics/PKRV14032024483.csv,200,application/octet-stream,337,AVAILABLE,2026-09-29T18:21:17+00:00,
2024-03-15,PKRV15032024482.csv,https://www.mufap.com.pk/Upload/WebDoc/IndustryStatictics/PKRV15032024482.csv,200,application/octet-stream,1497,AVAILABLE,2026-09-29T18:21:18+00:00,
2024-03-18,PKRV18032024481.csv,https://www.mufap.com.pk/Upload/WebDoc/IndustryStatictics/PKRV18032024481.csv,200,application/octet-stream,327,AVAILABLE,2026-09-29T18:21:19+00:00,
2024-03-19,PKRV19032024480.csv,https://www.mufap.com.pk/Upload/WebDoc/IndustryStatictics/PKRV19032024480.csv,200,application/octet-stream,328,AVAILABLE,2026-09-29T18:21:20+00:00,
2024-03-20,PKRV20032024479.csv,https://www.mufap.com.pk/Upload/WebDoc/IndustryStatictics/PKRV20032024479.csv,200,application/octet-stream,333,AVAILABLE,2026-09-29T18:21:20+00:00,
2024-03-21,PKRV21032024478.csv,https://www.mufap.com.pk/Upload/WebDoc/IndustryStatictics/PKRV21032024478.csv,200,application/octet-stream,332,AVAILABLE,2026-09-29T18:21:21+00:00,
2024-03-22,PKRV22032024477.csv,https://www.mufap.com.pk/Upload/WebDoc/IndustryStatictics/PKRV22032024477.csv,200,application/octet-stream,1877,AVAILABLE,2026-09-29T18:21:22+00:00,
2024-03-25,PKRV25032024476.csv,https://www.mufap.com.pk/Upload/WebDoc/IndustryStatictics/PKRV25032024476.csv,200,application/octet-stream,329,AVAILABLE,2026-09-29T18:21:22+00:00,
2024-03-26,PKRV26032024475.csv,https://www.mufap.com.pk/Upload/WebDoc/IndustryStatictics/PKRV26032024475.csv,200,application/octet-stream,332,AVAILABLE,2026-09-29T18:21:23+00:00,
2024-03-27,PKRV27032024474.csv,https://www.mufap.com.pk/Upload/WebDoc/IndustryStatictics/PKRV27032024474.csv,200,application/octet-stream,1847,AVAILABLE,2026-09-29T18:21:24+00:00,
2024-03-28,PKRV28032024473.csv,https://www.mufap.com.pk/Upload/WebDoc/IndustryStatictics/PKRV28032024473.csv,200,application/octet-stream,334,AVAILABLE,2026-09-29T18:21:25+00:00,
2024-03-29,PKRV29032024472.csv,https://www.mufap.com.pk/Upload/WebDoc/IndustryStatictics/PKRV29032024472.csv,200,application/octet-stream,1848,AVAILABLE,2026-09-29T18:21:25+00:00,
2024-04-01,PKRV01042024471.csv,https://www.mufap.com.pk/Upload/WebDoc/IndustryStatictics/PKRV01042024471.csv,200,application/octet-stream,337,AVAILABLE,2026-09-29T18:21:26+00:00,
2024-04-02,PKRV02042024470.csv,https://www.mufap.com.pk/Upload/WebDoc/IndustryStatictics/PKRV02042024470.csv,200,application/octet-stream,340,AVAILABLE,2026-09-29T18:21:27+00:00,
2024-04-03,PKRV03042024465.csv,https://www.mufap.com.pk/Upload/WebDoc/IndustryStatictics/PKRV03042024465.csv,200,application/octet-stream,334,AVAILABLE,2026-09-29T18:21:28+00:00,
2024-04-04,PKRV04042024464.csv,https://www.mufap.com.pk/Upload/WebDoc/IndustryStatictics/PKRV04042024464.csv,200,application/octet-stream,1633,AVAILABLE,2026-09-29T18:21:29+00:00,
2024-04-05,PKRV05042024463.csv,https://www.mufap.com.pk/Upload/WebDoc/IndustryStatictics/PKRV05042024463.csv,200,application/octet-stream,332,AVAILABLE,2026-09-29T18:21:29+00:00,
2024-04-08,PKRV08042024462.csv,https://www.mufap.com.pk/Upload/WebDoc/IndustryStatictics/PKRV08042024462.csv,200,application/octet-stream,337,AVAILABLE,2026-09-29T18:21:30+00:00,
2024-04-09,PKRV09042024461.csv,https://www.mufap.com.pk/Upload/WebDoc/IndustryStatictics/PKRV09042024461.csv,200,application/octet-stream,334,AVAILABLE,2026-09-29T18:21:31+00:00,
2024-04-15,PKRV15042024460.csv,https://www.mufap.com.pk/Upload/WebDoc/IndustryStatictics/PKRV15042024460.csv,200,application/octet-stream,333,AVAILABLE,2026-09-29T18:21:32+00:00,
2024-04-16,PKRV16042024459.csv,https://www.mufap.com.pk/Upload/WebDoc/IndustryStatictics/PKRV16042024459.csv,200,application/octet-stream,333,AVAILABLE,2026-09-29T18:21:33+00:00,
2024-04-17,PKRV17042024458.csv,https://www.mufap.com.pk/Upload/WebDoc/IndustryStatictics/PKRV17042024458.csv,200,application/octet-stream,332,AVAILABLE,2026-09-29T18:21:33+00:00,
2024-04-18,PKRV18042024457.csv,https://www.mufap.com.pk/Upload/WebDoc/IndustryStatictics/PKRV18042024457.csv,200,application/octet-stream,334,AVAILABLE,2026-09-29T18:21:34+00:00,
2024-04-19,PKRV19042024456.csv,https://www.mufap.com.pk/Upload/WebDoc/IndustryStatictics/PKRV19042024456.csv,200,application/octet-stream,330,AVAILABLE,2026-09-29T18:21:35+00:00,
2024-04-22,PKRV22042024455.csv,https://www.mufap.com.pk/Upload/WebDoc/IndustryStatictics/PKRV22042024455.csv,200,application/octet-stream,327,AVAILABLE,2026-09-29T18:21:36+00:00,
2024-04-23,PKRV23042024454.csv,https://www.mufap.com.pk/Upload/WebDoc/IndustryStatictics/PKRV23042024454.csv,200,application/octet-stream,345,AVAILABLE,2026-09-29T18:21:36+00:00,
2024-04-24,PKRV24042024453.csv,https://www.mufap.com.pk/Upload/WebDoc/IndustryStatictics/PKRV24042024453.csv,200,application/octet-stream,344,AVAILABLE,2026-09-29T18:21:37+00:00,
2024-04-25,PKRV25042024452.csv,https://www.mufap.com.pk/Upload/WebDoc/IndustryStatictics/PKRV25042024452.csv,200,application/octet-stream,335,AVAILABLE,2026-09-29T18:21:38+00:00,
2024-04-26,PKRV26042024451.csv,https://www.mufap.com.pk/Upload/WebDoc/IndustryStatictics/PKRV26042024451.csv,200,application/octet-stream,332,AVAILABLE,2026-09-29T18:21:39+00:00,
2024-04-29,PKRV29042024450.csv,https://www.mufap.com.pk/Upload/WebDoc/IndustryStatictics/PKRV29042024450.csv,200,application/octet-stream,335,AVAILABLE,2026-09-29T18:21:40+00:00,
2024-04-30,PKRV30042024449.csv,https://www.mufap.com.pk/Upload/WebDoc/IndustryStatictics/PKRV30042024449.csv,200,application/octet-stream,328,AVAILABLE,2026-09-29T18:21:40+00:00,
2024-05-02,PKRV02052024448.csv,https://www.mufap.com.pk/Upload/WebDoc/IndustryStatictics/PKRV02052024448.csv,200,application/octet-stream,329,AVAILABLE,2026-09-29T18:21:41+00:00,
2024-05-03,PKRV03052024447.csv,https://www.mufap.com.pk/Upload/WebDoc/IndustryStatictics/PKRV03052024447.csv,200,application/octet-stream,332,AVAILABLE,2026-09-29T18:21:42+00:00,
2024-05-06,PKRV06052024446.csv,https://www.mufap.com.pk/Upload/WebDoc/IndustryStatictics/PKRV06052024446.csv,200,application/octet-stream,337,AVAILABLE,2026-09-29T18:21:42+00:00,
2024-05-07,PKRV07052024445.csv,https://www.mufap.com.pk/Upload/WebDoc/IndustryStatictics/PKRV07052024445.csv,200,application/octet-stream,328,AVAILABLE,2026-09-29T18:21:43+00:00,
2024-05-08,PKRV08052024444.csv,https://www.mufap.com.pk/Upload/WebDoc/IndustryStatictics/PKRV08052024444.csv,200,application/octet-stream,330,AVAILABLE,2026-09-29T18:21:44+00:00,
2024-05-10,PKRV10052024443.csv,https://www.mufap.com.pk/Upload/WebDoc/IndustryStatictics/PKRV10052024443.csv,200,application/octet-stream,335,AVAILABLE,2026-09-29T18:21:45+00:00,
2024-05-13,PKRV13052024442.csv,https://www.mufap.com.pk/Upload/WebDoc/IndustryStatictics/PKRV13052024442.csv,200,application/octet-stream,328,AVAILABLE,2026-09-29T18:21:46+00:00,
2024-05-14,PKRV14052024441.csv,https://www.mufap.com.pk/Upload/WebDoc/IndustryStatictics/PKRV14052024441.csv,200,application/octet-stream,332,AVAILABLE,2026-09-29T18:21:46+00:00,
2024-05-15,PKRV15052024440.csv,https://www.mufap.com.pk/Upload/WebDoc/IndustryStatictics/PKRV15052024440.csv,200,application/octet-stream,331,AVAILABLE,2026-09-29T18:21:47+00:00,
2024-05-16,PKRV16052024439.csv,https://www.mufap.com.pk/Upload/WebDoc/IndustryStatictics/PKRV16052024439.csv,200,application/octet-stream,346,AVAILABLE,2026-09-29T18:21:48+00:00,
2024-05-17,PKRV17052024438.csv,https://www.mufap.com.pk/Upload/WebDoc/IndustryStatictics/PKRV17052024438.csv,200,application/octet-stream,332,AVAILABLE,2026-09-29T18:21:49+00:00,
2024-05-20,PKRV20052024437.csv,https://www.mufap.com.pk/Upload/WebDoc/IndustryStatictics/PKRV20052024437.csv,200,application/octet-stream,333,AVAILABLE,2026-09-29T18:21:49+00:00,
2024-05-21,PKRV21052024436.csv,https://www.mufap.com.pk/Upload/WebDoc/IndustryStatictics/PKRV21052024436.csv,200,application/octet-stream,337,AVAILABLE,2026-09-29T18:21:50+00:00,
2024-05-22,PKRV22052024435.csv,https://www.mufap.com.pk/Upload/WebDoc/IndustryStatictics/PKRV22052024435.csv,200,application/octet-stream,333,AVAILABLE,2026-09-29T18:21:51+00:00,
2024-05-23,PKRV23052024434.csv,https://www.mufap.com.pk/Upload/WebDoc/IndustryStatictics/PKRV23052024434.csv,200,application/octet-stream,329,AVAILABLE,2026-09-29T18:21:52+00:00,
2024-05-24,PKRV24052024433.csv,https://www.mufap.com.pk/Upload/WebDoc/IndustryStatictics/PKRV24052024433.csv,200,application/octet-stream,333,AVAILABLE,2026-09-29T18:21:52+00:00,
2024-05-27,PKRV27052024432.csv,https://www.mufap.com.pk/Upload/WebDoc/IndustryStatictics/PKRV27052024432.csv,200,application/octet-stream,335,AVAILABLE,2026-09-29T18:21:53+00:00,
2024-05-29,PKRV29052024431.csv,https://www.mufap.com.pk/Upload/WebDoc/IndustryStatictics/PKRV29052024431.csv,200,application/octet-stream,335,AVAILABLE,2026-09-29T18:21:54+00:00,
2024-05-30,PKRV30052024430.csv,https://www.mufap.com.pk/Upload/WebDoc/IndustryStatictics/PKRV30052024430.csv,200,application/octet-stream,341,AVAILABLE,2026-09-29T18:21:55+00:00,
2024-05-31,PKRV31052024429.csv,https://www.mufap.com.pk/Upload/WebDoc/IndustryStatictics/PKRV31052024429.csv,200,application/octet-stream,327,AVAILABLE,2026-09-29T18:21:55+00:00,
2024-06-03,PKFRV03062024209.csv,https://www.mufap.com.pk/Upload/WebDoc/IndustryStatictics/PKFRV03062024209.csv,200,application/octet-stream,3613,AVAILABLE,2026-09-29T18:21:56+00:00,
2024-06-04,PKRV04062024238.csv,https://www.mufap.com.pk/Upload/WebDoc/IndustryStatictics/PKRV04062024238.csv,200,application/octet-stream,342,AVAILABLE,2026-09-29T18:21:57+00:00,
2024-06-05,PKRV05062024235.csv,https://www.mufap.com.pk/Upload/WebDoc/IndustryStatictics/PKRV05062024235.csv,200,application/octet-stream,338,AVAILABLE,2026-09-29T18:21:58+00:00,
2024-06-06,PKRV06062024232.csv,https://www.mufap.com.pk/Upload/WebDoc/IndustryStatictics/PKRV06062024232.csv,200,application/octet-stream,334,AVAILABLE,2026-09-29T18:21:59+00:00,
2024-06-07,PKRV07062024229.csv,https://www.mufap.com.pk/Upload/WebDoc/IndustryStatictics/PKRV07062024229.csv,200,application/octet-stream,332,AVAILABLE,2026-09-29T18:21:59+00:00,
2024-06-11,PKRV11062024172.csv,https://www.mufap.com.pk/Upload/WebDoc/IndustryStatictics/PKRV11062024172.csv,200,application/octet-stream,346,AVAILABLE,2026-09-29T18:22:00+00:00,
2024-06-12,PKRV12062024180.csv,https://www.mufap.com.pk/Upload/WebDoc/IndustryStatictics/PKRV12062024180.csv,200,application/octet-stream,331,AVAILABLE,2026-09-29T18:22:01+00:00,
2024-06-13,PKRV13062024186.csv,https://www.mufap.com.pk/Upload/WebDoc/IndustryStatictics/PKRV13062024186.csv,200,application/octet-stream,340,AVAILABLE,2026-09-29T18:22:02+00:00,
2024-06-14,PKRV14062024199.csv,https://www.mufap.com.pk/Upload/WebDoc/IndustryStatictics/PKRV14062024199.csv,200,application/octet-stream,330,AVAILABLE,2026-09-29T18:22:02+00:00,
2024-06-20,PKRV20062024203.csv,https://www.mufap.com.pk/Upload/WebDoc/IndustryStatictics/PKRV20062024203.csv,200,application/octet-stream,326,AVAILABLE,2026-09-29T18:22:03+00:00,
2024-06-21,PKRV21062024208.csv,https://www.mufap.com.pk/Upload/WebDoc/IndustryStatictics/PKRV21062024208.csv,200,application/octet-stream,327,AVAILABLE,2026-09-29T18:22:04+00:00,
2024-06-24,PKRV24062024222.csv,https://www.mufap.com.pk/Upload/WebDoc/IndustryStatictics/PKRV24062024222.csv,200,application/octet-stream,332,AVAILABLE,2026-09-29T18:22:05+00:00,
2024-06-25,PKRV25062024227.csv,https://www.mufap.com.pk/Upload/WebDoc/IndustryStatictics/PKRV25062024227.csv,200,application/octet-stream,336,AVAILABLE,2026-09-29T18:22:05+00:00,
2024-06-26,PKRV26062024427.csv,https://www.mufap.com.pk/Upload/WebDoc/IndustryStatictics/PKRV26062024427.csv,200,application/octet-stream,332,AVAILABLE,2026-09-29T18:22:06+00:00,
2024-06-27,PKRV27062024538.csv,https://www.mufap.com.pk/Upload/WebDoc/IndustryStatictics/PKRV27062024538.csv,200,application/octet-stream,337,AVAILABLE,2026-09-29T18:22:07+00:00,
2024-06-28,PKRV28062024596.csv,https://www.mufap.com.pk/Upload/WebDoc/IndustryStatictics/PKRV28062024596.csv,200,application/octet-stream,336,AVAILABLE,2026-09-29T18:22:07+00:00,
2024-07-02,PKRV02072024611.csv,https://www.mufap.com.pk/Upload/WebDoc/IndustryStatictics/PKRV02072024611.csv,200,application/octet-stream,333,AVAILABLE,2026-09-29T18:22:08+00:00,
2024-07-03,PKRV03072024616.csv,https://www.mufap.com.pk/Upload/WebDoc/IndustryStatictics/PKRV03072024616.csv,200,application/octet-stream,334,AVAILABLE,2026-09-29T18:22:09+00:00,
2024-07-04,PKRV04072024620.csv,https://www.mufap.com.pk/Upload/WebDoc/IndustryStatictics/PKRV04072024620.csv,200,application/octet-stream,339,AVAILABLE,2026-09-29T18:22:09+00:00,
2024-07-05,PKRV05072024626.csv,https://www.mufap.com.pk/Upload/WebDoc/IndustryStatictics/PKRV05072024626.csv,200,application/octet-stream,330,AVAILABLE,2026-09-29T18:22:10+00:00,
2024-07-08,PKRV08072024629.csv,https://www.mufap.com.pk/Upload/WebDoc/IndustryStatictics/PKRV08072024629.csv,200,application/octet-stream,334,AVAILABLE,2026-09-29T18:22:11+00:00,
2024-07-09,PKRV09072024635.csv,https://www.mufap.com.pk/Upload/WebDoc/IndustryStatictics/PKRV09072024635.csv,200,application/octet-stream,401,AVAILABLE,2026-09-29T18:22:11+00:00,
2024-07-10,PKRV10072024639.csv,https://www.mufap.com.pk/Upload/WebDoc/IndustryStatictics/PKRV10072024639.csv,200,application/octet-stream,334,AVAILABLE,2026-09-29T18:22:12+00:00,
2024-07-11,PKRV11072024645.csv,https://www.mufap.com.pk/Upload/WebDoc/IndustryStatictics/PKRV11072024645.csv,200,application/octet-stream,334,AVAILABLE,2026-09-29T18:22:13+00:00,
2024-07-12,PKRV12072024650.csv,https://www.mufap.com.pk/Upload/WebDoc/IndustryStatictics/PKRV12072024650.csv,200,application/octet-stream,331,AVAILABLE,2026-09-29T18:22:14+00:00,
2024-07-15,PKRV15072024655.csv,https://www.mufap.com.pk/Upload/WebDoc/IndustryStatictics/PKRV15072024655.csv,200,application/octet-stream,331,AVAILABLE,2026-09-29T18:22:15+00:00,
2024-07-18,PKRV18072024659.csv,https://www.mufap.com.pk/Upload/WebDoc/IndustryStatictics/PKRV18072024659.csv,200,application/octet-stream,330,AVAILABLE,2026-09-29T18:22:15+00:00,
2024-07-19,PKRV19072024663.csv,https://www.mufap.com.pk/Upload/WebDoc/IndustryStatictics/PKRV19072024663.csv,200,application/octet-stream,331,AVAILABLE,2026-09-29T18:22:16+00:00,
2024-07-22,PKRV22072024669.csv,https://www.mufap.com.pk/Upload/WebDoc/IndustryStatictics/PKRV22072024669.csv,200,application/octet-stream,331,AVAILABLE,2026-09-29T18:22:16+00:00,
2024-07-23,PKRV23072024674.csv,https://www.mufap.com.pk/Upload/WebDoc/IndustryStatictics/PKRV23072024674.csv,200,application/octet-stream,341,AVAILABLE,2026-09-29T18:22:17+00:00,
2024-07-24,PKRV24072024679.csv,https://www.mufap.com.pk/Upload/WebDoc/IndustryStatictics/PKRV24072024679.csv,200,application/octet-stream,345,AVAILABLE,2026-09-29T18:22:18+00:00,
2024-07-25,PKRV25072024684.csv,https://www.mufap.com.pk/Upload/WebDoc/IndustryStatictics/PKRV25072024684.csv,200,application/octet-stream,341,AVAILABLE,2026-09-29T18:22:19+00:00,
2024-07-26,PKRV26072024701.csv,https://www.mufap.com.pk/Upload/WebDoc/IndustryStatictics/PKRV26072024701.csv,200,application/octet-stream,339,AVAILABLE,2026-09-29T18:22:20+00:00,
2024-07-29,PKRV29072024827.csv,https://www.mufap.com.pk/Upload/WebDoc/IndustryStatictics/PKRV29072024827.csv,200,application/octet-stream,341,AVAILABLE,2026-09-29T18:22:20+00:00,
2024-07-30,PKRV30072024967.csv,https://www.mufap.com.pk/Upload/WebDoc/IndustryStatictics/PKRV30072024967.csv,200,application/octet-stream,332,AVAILABLE,2026-09-29T18:22:21+00:00,
2024-07-31,PKRV31072024993.csv,https://www.mufap.com.pk/Upload/WebDoc/IndustryStatictics/PKRV31072024993.csv,200,application/octet-stream,329,AVAILABLE,2026-09-29T18:22:22+00:00,
2024-08-01,PKRV010820241022.csv,https://www.mufap.com.pk/Upload/WebDoc/IndustryStatictics/PKRV010820241022.csv,200,application/octet-stream,339,AVAILABLE,2026-09-29T18:22:23+00:00,
2024-08-02,PKRV0208020241026.csv,https://www.mufap.com.pk/Upload/WebDoc/IndustryStatictics/PKRV0208020241026.csv,200,application/octet-stream,330,AVAILABLE,2026-09-29T18:22:23+00:00,
2024-08-05,PKRV050820241030.csv,https://www.mufap.com.pk/Upload/WebDoc/IndustryStatictics/PKRV050820241030.csv,200,application/octet-stream,338,AVAILABLE,2026-09-29T18:22:24+00:00,
2024-08-06,PKRV060820241035.csv,https://www.mufap.com.pk/Upload/WebDoc/IndustryStatictics/PKRV060820241035.csv,200,application/octet-stream,339,AVAILABLE,2026-09-29T18:22:24+00:00,
2024-08-07,PKRV070820241048.csv,https://www.mufap.com.pk/Upload/WebDoc/IndustryStatictics/PKRV070820241048.csv,200,application/octet-stream,343,AVAILABLE,2026-09-29T18:22:25+00:00,
2024-08-08,PKRV080820241095.csv,https://www.mufap.com.pk/Upload/WebDoc/IndustryStatictics/PKRV080820241095.csv,200,application/octet-stream,345,AVAILABLE,2026-09-29T18:22:26+00:00,
2024-08-09,PKRV090820241100.csv,https://www.mufap.com.pk/Upload/WebDoc/IndustryStatictics/PKRV090820241100.csv,200,application/octet-stream,336,AVAILABLE,2026-09-29T18:22:27+00:00,
2024-08-12,PKRV120820241105.csv,https://www.mufap.com.pk/Upload/WebDoc/IndustryStatictics/PKRV120820241105.csv,200,application/octet-stream,341,AVAILABLE,2026-09-29T18:22:28+00:00,
2024-08-13,PKRV130820241110.csv,https://www.mufap.com.pk/Upload/WebDoc/IndustryStatictics/PKRV130820241110.csv,200,application/octet-stream,344,AVAILABLE,2026-09-29T18:22:29+00:00,
2024-08-15,PKRV150820241115.csv,https://www.mufap.com.pk/Upload/WebDoc/IndustryStatictics/PKRV150820241115.csv,200,application/octet-stream,340,AVAILABLE,2026-09-29T18:22:29+00:00,
2024-08-16,PKRV160820241120.csv,https://www.mufap.com.pk/Upload/WebDoc/IndustryStatictics/PKRV160820241120.csv,200,application/octet-stream,343,AVAILABLE,2026-09-29T18:22:30+00:00,
2024-08-19,PKRV190820241125.csv,https://www.mufap.com.pk/Upload/WebDoc/IndustryStatictics/PKRV190820241125.csv,200,application/octet-stream,344,AVAILABLE,2026-09-29T18:22:31+00:00,
2024-08-20,PKRV200820241130.csv,https://www.mufap.com.pk/Upload/WebDoc/IndustryStatictics/PKRV200820241130.csv,200,application/octet-stream,339,AVAILABLE,2026-09-29T18:22:32+00:00,
2024-08-21,PKRV210820241135.csv,https://www.mufap.com.pk/Upload/WebDoc/IndustryStatictics/PKRV210820241135.csv,200,application/octet-stream,343,AVAILABLE,2026-09-29T18:22:33+00:00,
2024-08-22,PKRV220820241141.csv,https://www.mufap.com.pk/Upload/WebDoc/IndustryStatictics/PKRV220820241141.csv,200,application/octet-stream,345,AVAILABLE,2026-09-29T18:22:33+00:00,
2024-08-23,PKRV230820241178.csv,https://www.mufap.com.pk/Upload/WebDoc/IndustryStatictics/PKRV230820241178.csv,200,application/octet-stream,343,AVAILABLE,2026-09-29T18:22:34+00:00,
2024-08-26,PKRV260820241189.csv,https://www.mufap.com.pk/Upload/WebDoc/IndustryStatictics/PKRV260820241189.csv,200,application/octet-stream,332,AVAILABLE,2026-09-29T18:22:35+00:00,
2024-08-27,PKRV270820241194.csv,https://www.mufap.com.pk/Upload/WebDoc/IndustryStatictics/PKRV270820241194.csv,200,application/octet-stream,335,AVAILABLE,2026-09-29T18:22:36+00:00,
2024-08-28,PKRV280820241200.csv,https://www.mufap.com.pk/Upload/WebDoc/IndustryStatictics/PKRV280820241200.csv,200,application/octet-stream,326,AVAILABLE,2026-09-29T18:22:37+00:00,
2024-08-29,PKRV290820241205.csv,https://www.mufap.com.pk/Upload/WebDoc/IndustryStatictics/PKRV290820241205.csv,200,application/octet-stream,326,AVAILABLE,2026-09-29T18:22:38+00:00,
2024-08-30,PKRV300820241211.csv,https://www.mufap.com.pk/Upload/WebDoc/IndustryStatictics/PKRV300820241211.csv,200,application/octet-stream,338,AVAILABLE,2026-09-29T18:22:38+00:00,
2024-09-02,PKRV02092024(REVISED)1226.csv,https://www.mufap.com.pk/Upload/WebDoc/IndustryStatictics/PKRV02092024(REVISED)1226.csv,200,application/octet-stream,1170,AVAILABLE,2026-09-29T18:22:39+00:00,
2024-09-03,PKRV030920241241.csv,https://www.mufap.com.pk/Upload/WebDoc/IndustryStatictics/PKRV030920241241.csv,200,application/octet-stream,333,AVAILABLE,2026-09-29T18:22:40+00:00,
2024-09-04,PKRV040920241246.csv,https://www.mufap.com.pk/Upload/WebDoc/IndustryStatictics/PKRV040920241246.csv,200,application/octet-stream,341,AVAILABLE,2026-09-29T18:22:41+00:00,
2024-09-05,PKRV050920241251.csv,https://www.mufap.com.pk/Upload/WebDoc/IndustryStatictics/PKRV050920241251.csv,200,application/octet-stream,335,AVAILABLE,2026-09-29T18:22:42+00:00,
2024-09-06,PKRV060920241258.csv,https://www.mufap.com.pk/Upload/WebDoc/IndustryStatictics/PKRV060920241258.csv,200,application/octet-stream,344,AVAILABLE,2026-09-29T18:22:43+00:00,
2024-09-09,PKRV090920241264.csv,https://www.mufap.com.pk/Upload/WebDoc/IndustryStatictics/PKRV090920241264.csv,200,application/octet-stream,345,AVAILABLE,2026-09-29T18:22:43+00:00,
2024-09-10,PKRV100920241269.csv,https://www.mufap.com.pk/Upload/WebDoc/IndustryStatictics/PKRV100920241269.csv,200,application/octet-stream,344,AVAILABLE,2026-09-29T18:22:44+00:00,
2024-09-11,PKRV110920241274.csv,https://www.mufap.com.pk/Upload/WebDoc/IndustryStatictics/PKRV110920241274.csv,404,text/html,,HTTP_404,2026-09-29T18:22:45+00:00,
2024-09-12,PKRV120920241298.csv,https://www.mufap.com.pk/Upload/WebDoc/IndustryStatictics/PKRV120920241298.csv,200,application/octet-stream,345,AVAILABLE,2026-09-29T18:22:45+00:00,
2024-09-13,PKRV130920241303.csv,https://www.mufap.com.pk/Upload/WebDoc/IndustryStatictics/PKRV130920241303.csv,200,application/octet-stream,346,AVAILABLE,2026-09-29T18:22:46+00:00,
2024-09-16,PKRV160920241307.csv,https://www.mufap.com.pk/Upload/WebDoc/IndustryStatictics/PKRV160920241307.csv,200,application/octet-stream,328,AVAILABLE,2026-09-29T18:22:46+00:00,
2024-09-18,PKRV180920241312.csv,https://www.mufap.com.pk/Upload/WebDoc/IndustryStatictics/PKRV180920241312.csv,200,application/octet-stream,346,AVAILABLE,2026-09-29T18:22:47+00:00,
2024-09-19,PKRV190920241318.csv,https://www.mufap.com.pk/Upload/WebDoc/IndustryStatictics/PKRV190920241318.csv,200,application/octet-stream,345,AVAILABLE,2026-09-29T18:22:48+00:00,
2024-09-20,PKRV200920241322.csv,https://www.mufap.com.pk/Upload/WebDoc/IndustryStatictics/PKRV200920241322.csv,200,application/octet-stream,343,AVAILABLE,2026-09-29T18:22:49+00:00,
2024-09-23,PKRV230920241328.csv,https://www.mufap.com.pk/Upload/WebDoc/IndustryStatictics/PKRV230920241328.csv,200,application/octet-stream,344,AVAILABLE,2026-09-29T18:22:49+00:00,
2024-09-24,PKRV240920241332.csv,https://www.mufap.com.pk/Upload/WebDoc/IndustryStatictics/PKRV240920241332.csv,200,application/octet-stream,343,AVAILABLE,2026-09-29T18:22:50+00:00,
2024-09-25,PKRV250920241337.csv,https://www.mufap.com.pk/Upload/WebDoc/IndustryStatictics/PKRV250920241337.csv,200,application/octet-stream,346,AVAILABLE,2026-09-29T18:22:51+00:00,
2024-09-26,PKRV260920241346.csv,https://www.mufap.com.pk/Upload/WebDoc/IndustryStatictics/PKRV260920241346.csv,200,application/octet-stream,345,AVAILABLE,2026-09-29T18:22:52+00:00,
2024-09-27,PKRV270920241354.csv,https://www.mufap.com.pk/Upload/WebDoc/IndustryStatictics/PKRV270920241354.csv,200,application/octet-stream,345,AVAILABLE,2026-09-29T18:22:52+00:00,
2024-09-30,PKRV300920241359.csv,https://www.mufap.com.pk/Upload/WebDoc/IndustryStatictics/PKRV300920241359.csv,200,application/octet-stream,343,AVAILABLE,2026-09-29T18:22:53+00:00,
2024-10-01,PKRV011020241363.csv,https://www.mufap.com.pk/Upload/WebDoc/IndustryStatictics/PKRV011020241363.csv,200,application/octet-stream,343,AVAILABLE,2026-09-29T18:22:54+00:00,
2024-10-02,PKRV021020241368.csv,https://www.mufap.com.pk/Upload/WebDoc/IndustryStatictics/PKRV021020241368.csv,200,application/octet-stream,329,AVAILABLE,2026-09-29T18:22:54+00:00,
2024-10-03,PKRV031020241372.csv,https://www.mufap.com.pk/Upload/WebDoc/IndustryStatictics/PKRV031020241372.csv,200,application/octet-stream,334,AVAILABLE,2026-09-29T18:22:55+00:00,
2024-10-04,PKRV041020241376.csv,https://www.mufap.com.pk/Upload/WebDoc/IndustryStatictics/PKRV041020241376.csv,200,application/octet-stream,330,AVAILABLE,2026-09-29T18:22:56+00:00,
2024-10-07,PKRV071020241384.csv,https://www.mufap.com.pk/Upload/WebDoc/IndustryStatictics/PKRV071020241384.csv,200,application/octet-stream,335,AVAILABLE,2026-09-29T18:22:57+00:00,
2024-10-08,PKRV081020241387.csv,https://www.mufap.com.pk/Upload/WebDoc/IndustryStatictics/PKRV081020241387.csv,200,application/octet-stream,332,AVAILABLE,2026-09-29T18:22:57+00:00,
2024-10-09,PKRV091020241393.csv,https://www.mufap.com.pk/Upload/WebDoc/IndustryStatictics/PKRV091020241393.csv,200,application/octet-stream,328,AVAILABLE,2026-09-29T18:22:58+00:00,
2024-10-10,PKRV101020241407.csv,https://www.mufap.com.pk/Upload/WebDoc/IndustryStatictics/PKRV101020241407.csv,200,application/octet-stream,335,AVAILABLE,2026-09-29T18:22:59+00:00,
2024-10-11,PKRV111020241479.csv,https://www.mufap.com.pk/Upload/WebDoc/IndustryStatictics/PKRV111020241479.csv,200,application/octet-stream,332,AVAILABLE,2026-09-29T18:23:00+00:00,
2024-10-14,PKRV141020241609.csv,https://www.mufap.com.pk/Upload/WebDoc/IndustryStatictics/PKRV141020241609.csv,200,application/octet-stream,333,AVAILABLE,2026-09-29T18:23:00+00:00,
2024-10-15,PKRV151020241679.csv,https://www.mufap.com.pk/Upload/WebDoc/IndustryStatictics/PKRV151020241679.csv,200,application/octet-stream,335,AVAILABLE,2026-09-29T18:23:01+00:00,
2024-10-16,PKRV161020241685.csv,https://www.mufap.com.pk/Upload/WebDoc/IndustryStatictics/PKRV161020241685.csv,200,application/octet-stream,335,AVAILABLE,2026-09-29T18:23:02+00:00,
2024-10-17,PKRV171020241788.csv,https://www.mufap.com.pk/Upload/WebDoc/IndustryStatictics/PKRV171020241788.csv,200,application/octet-stream,334,AVAILABLE,2026-09-29T18:23:02+00:00,
2024-10-18,PKRV181020241797.csv,https://www.mufap.com.pk/Upload/WebDoc/IndustryStatictics/PKRV181020241797.csv,200,application/octet-stream,339,AVAILABLE,2026-09-29T18:23:02+00:00,
2024-10-21,PKRV211020241841.csv,https://www.mufap.com.pk/Upload/WebDoc/IndustryStatictics/PKRV211020241841.csv,200,application/octet-stream,331,AVAILABLE,2026-09-29T18:23:03+00:00,
2024-10-22,PKRV221020241847.csv,https://www.mufap.com.pk/Upload/WebDoc/IndustryStatictics/PKRV221020241847.csv,200,application/octet-stream,338,AVAILABLE,2026-09-29T18:23:04+00:00,
2024-10-23,PKRV231020241853.csv,https://www.mufap.com.pk/Upload/WebDoc/IndustryStatictics/PKRV231020241853.csv,200,application/octet-stream,345,AVAILABLE,2026-09-29T18:23:05+00:00,
2024-10-24,PKRV241020241858.csv,https://www.mufap.com.pk/Upload/WebDoc/IndustryStatictics/PKRV241020241858.csv,200,application/octet-stream,345,AVAILABLE,2026-09-29T18:23:06+00:00,
2024-10-25,PKRV251020241863.csv,https://www.mufap.com.pk/Upload/WebDoc/IndustryStatictics/PKRV251020241863.csv,200,application/octet-stream,343,AVAILABLE,2026-09-29T18:23:06+00:00,
2024-10-28,PKRV281020241869.csv,https://www.mufap.com.pk/Upload/WebDoc/IndustryStatictics/PKRV281020241869.csv,200,application/octet-stream,345,AVAILABLE,2026-09-29T18:23:07+00:00,
2024-10-29,PKRV291020241876.csv,https://www.mufap.com.pk/Upload/WebDoc/IndustryStatictics/PKRV291020241876.csv,200,application/octet-stream,336,AVAILABLE,2026-09-29T18:23:08+00:00,
2024-10-30,PKRV301020241882.csv,https://www.mufap.com.pk/Upload/WebDoc/IndustryStatictics/PKRV301020241882.csv,200,application/octet-stream,338,AVAILABLE,2026-09-29T18:23:09+00:00,
2024-10-31,PKRV311020241886.csv,https://www.mufap.com.pk/Upload/WebDoc/IndustryStatictics/PKRV311020241886.csv,200,application/octet-stream,344,AVAILABLE,2026-09-29T18:23:10+00:00,
2024-11-01,PKRV011120241892.csv,https://www.mufap.com.pk/Upload/WebDoc/IndustryStatictics/PKRV011120241892.csv,200,application/octet-stream,338,AVAILABLE,2026-09-29T18:23:10+00:00,
2024-11-04,PKRV041120241896.csv,https://www.mufap.com.pk/Upload/WebDoc/IndustryStatictics/PKRV041120241896.csv,200,application/octet-stream,331,AVAILABLE,2026-09-29T18:23:11+00:00,
2024-11-05,PKRV051120242005.csv,https://www.mufap.com.pk/Upload/WebDoc/IndustryStatictics/PKRV051120242005.csv,200,application/octet-stream,333,AVAILABLE,2026-09-29T18:23:12+00:00,
2024-11-06,PKRV061120242031.csv,https://www.mufap.com.pk/Upload/WebDoc/IndustryStatictics/PKRV061120242031.csv,200,application/octet-stream,328,AVAILABLE,2026-09-29T18:23:12+00:00,
2024-11-07,PKRV071120242036.csv,https://www.mufap.com.pk/Upload/WebDoc/IndustryStatictics/PKRV071120242036.csv,200,application/octet-stream,328,AVAILABLE,2026-09-29T18:23:13+00:00,
2024-11-08,PKRV081120242163.csv,https://www.mufap.com.pk/Upload/WebDoc/IndustryStatictics/PKRV081120242163.csv,200,application/octet-stream,336,AVAILABLE,2026-09-29T18:23:14+00:00,
2024-11-11,PKRV111120242171.csv,https://www.mufap.com.pk/Upload/WebDoc/IndustryStatictics/PKRV111120242171.csv,200,application/octet-stream,336,AVAILABLE,2026-09-29T18:23:15+00:00,
2024-11-12,PKRV121120242175.csv,https://www.mufap.com.pk/Upload/WebDoc/IndustryStatictics/PKRV121120242175.csv,200,application/octet-stream,329,AVAILABLE,2026-09-29T18:23:16+00:00,
2024-11-13,PKRV131120242180.csv,https://www.mufap.com.pk/Upload/WebDoc/IndustryStatictics/PKRV131120242180.csv,200,application/octet-stream,334,AVAILABLE,2026-09-29T18:23:16+00:00,
2024-11-14,PKRV141120242188.csv,https://www.mufap.com.pk/Upload/WebDoc/IndustryStatictics/PKRV141120242188.csv,200,application/octet-stream,328,AVAILABLE,2026-09-29T18:23:18+00:00,
2024-11-15,PKRV151120242193.csv,https://www.mufap.com.pk/Upload/WebDoc/IndustryStatictics/PKRV151120242193.csv,200,application/octet-stream,328,AVAILABLE,2026-09-29T18:23:18+00:00,
2024-11-18,PKRV181120242199.csv,https://www.mufap.com.pk/Upload/WebDoc/IndustryStatictics/PKRV181120242199.csv,200,application/octet-stream,332,AVAILABLE,2026-09-29T18:23:19+00:00,
2024-11-19,PKRV191120242205.csv,https://www.mufap.com.pk/Upload/WebDoc/IndustryStatictics/PKRV191120242205.csv,200,application/octet-stream,329,AVAILABLE,2026-09-29T18:23:20+00:00,
2024-11-20,PKRV201120242211.csv,https://www.mufap.com.pk/Upload/WebDoc/IndustryStatictics/PKRV201120242211.csv,200,application/octet-stream,333,AVAILABLE,2026-09-29T18:23:21+00:00,
2024-11-21,PKRV211120242235.csv,https://www.mufap.com.pk/Upload/WebDoc/IndustryStatictics/PKRV211120242235.csv,200,application/octet-stream,332,AVAILABLE,2026-09-29T18:23:21+00:00,
2024-11-22,PKRV221120242426.csv,https://www.mufap.com.pk/Upload/WebDoc/IndustryStatictics/PKRV221120242426.csv,200,application/octet-stream,344,AVAILABLE,2026-09-29T18:23:22+00:00,
2024-11-25,PKRV251120242535.csv,https://www.mufap.com.pk/Upload/WebDoc/IndustryStatictics/PKRV251120242535.csv,200,application/octet-stream,343,AVAILABLE,2026-09-29T18:23:23+00:00,
2024-11-26,PKRV261120242599.csv,https://www.mufap.com.pk/Upload/WebDoc/IndustryStatictics/PKRV261120242599.csv,200,application/octet-stream,344,AVAILABLE,2026-09-29T18:23:23+00:00,
2024-11-27,PKRV271120242792.csv,https://www.mufap.com.pk/Upload/WebDoc/IndustryStatictics/PKRV271120242792.csv,200,application/octet-stream,334,AVAILABLE,2026-09-29T18:23:24+00:00,
2024-11-28,PKRV281120242813.csv,https://www.mufap.com.pk/Upload/WebDoc/IndustryStatictics/PKRV281120242813.csv,200,application/octet-stream,346,AVAILABLE,2026-09-29T18:23:25+00:00,
2024-11-29,PKRV291120242907.csv,https://www.mufap.com.pk/Upload/WebDoc/IndustryStatictics/PKRV291120242907.csv,200,application/octet-stream,345,AVAILABLE,2026-09-29T18:23:26+00:00,
2024-12-02,PKRV021220242913.csv,https://www.mufap.com.pk/Upload/WebDoc/IndustryStatictics/PKRV021220242913.csv,200,application/octet-stream,328,AVAILABLE,2026-09-29T18:23:26+00:00,
2024-12-03,PKRV031220242917.csv,https://www.mufap.com.pk/Upload/WebDoc/IndustryStatictics/PKRV031220242917.csv,200,application/octet-stream,327,AVAILABLE,2026-09-29T18:23:27+00:00,
2024-12-04,PKRV041220242921.csv,https://www.mufap.com.pk/Upload/WebDoc/IndustryStatictics/PKRV041220242921.csv,200,application/octet-stream,327,AVAILABLE,2026-09-29T18:23:28+00:00,
2024-12-05,PKRV051220242945.csv,https://www.mufap.com.pk/Upload/WebDoc/IndustryStatictics/PKRV051220242945.csv,200,application/octet-stream,331,AVAILABLE,2026-09-29T18:23:29+00:00,
2024-12-06,PKRV061220242950.csv,https://www.mufap.com.pk/Upload/WebDoc/IndustryStatictics/PKRV061220242950.csv,200,application/octet-stream,341,AVAILABLE,2026-09-29T18:23:30+00:00,
2024-12-09,PKRV091220242966.csv,https://www.mufap.com.pk/Upload/WebDoc/IndustryStatictics/PKRV091220242966.csv,200,application/octet-stream,340,AVAILABLE,2026-09-29T18:23:30+00:00,
2024-12-10,PKRV101220242972.csv,https://www.mufap.com.pk/Upload/WebDoc/IndustryStatictics/PKRV101220242972.csv,200,application/octet-stream,341,AVAILABLE,2026-09-29T18:23:31+00:00,
2024-12-11,PKRV111220242976.csv,https://www.mufap.com.pk/Upload/WebDoc/IndustryStatictics/PKRV111220242976.csv,200,application/octet-stream,340,AVAILABLE,2026-09-29T18:23:32+00:00,
2024-12-12,PKRV121220242994.csv,https://www.mufap.com.pk/Upload/WebDoc/IndustryStatictics/PKRV121220242994.csv,200,application/octet-stream,331,AVAILABLE,2026-09-29T18:23:33+00:00,
2024-12-13,PKRV131220243012.csv,https://www.mufap.com.pk/Upload/WebDoc/IndustryStatictics/PKRV131220243012.csv,200,application/octet-stream,339,AVAILABLE,2026-09-29T18:23:34+00:00,
2024-12-16,PKRV161220243017.csv,https://www.mufap.com.pk/Upload/WebDoc/IndustryStatictics/PKRV161220243017.csv,200,application/octet-stream,341,AVAILABLE,2026-09-29T18:23:34+00:00,
2024-12-17,PKRV171220243024.csv,https://www.mufap.com.pk/Upload/WebDoc/IndustryStatictics/PKRV171220243024.csv,200,application/octet-stream,328,AVAILABLE,2026-09-29T18:23:35+00:00,
2024-12-18,PKRV181220243030.csv,https://www.mufap.com.pk/Upload/WebDoc/IndustryStatictics/PKRV181220243030.csv,200,application/octet-stream,335,AVAILABLE,2026-09-29T18:23:35+00:00,
2024-12-19,PKRV191220243035.csv,https://www.mufap.com.pk/Upload/WebDoc/IndustryStatictics/PKRV191220243035.csv,200,application/octet-stream,329,AVAILABLE,2026-09-29T18:23:36+00:00,
2024-12-20,PKRV201220243040.csv,https://www.mufap.com.pk/Upload/WebDoc/IndustryStatictics/PKRV201220243040.csv,200,application/octet-stream,330,AVAILABLE,2026-09-29T18:23:37+00:00,
2024-12-23,PKRV231220243045.csv,https://www.mufap.com.pk/Upload/WebDoc/IndustryStatictics/PKRV231220243045.csv,200,application/octet-stream,328,AVAILABLE,2026-09-29T18:23:38+00:00,
2024-12-24,PKRV241220243050.csv,https://www.mufap.com.pk/Upload/WebDoc/IndustryStatictics/PKRV241220243050.csv,200,application/octet-stream,339,AVAILABLE,2026-09-29T18:23:39+00:00,
2024-12-26,PKRV261220243055.csv,https://www.mufap.com.pk/Upload/WebDoc/IndustryStatictics/PKRV261220243055.csv,200,application/octet-stream,339,AVAILABLE,2026-09-29T18:23:39+00:00,
2024-12-27,PKRV271220243060.csv,https://www.mufap.com.pk/Upload/WebDoc/IndustryStatictics/PKRV271220243060.csv,200,application/octet-stream,339,AVAILABLE,2026-09-29T18:23:40+00:00,
2024-12-30,PKRV301220243065.csv,https://www.mufap.com.pk/Upload/WebDoc/IndustryStatictics/PKRV301220243065.csv,200,application/octet-stream,336,AVAILABLE,2026-09-29T18:23:40+00:00,
2024-12-31,PKRV311220243071.csv,https://www.mufap.com.pk/Upload/WebDoc/IndustryStatictics/PKRV311220243071.csv,200,application/octet-stream,340,AVAILABLE,2026-09-29T18:23:41+00:00,
2025-01-02,PKRV020120253079.csv,https://www.mufap.com.pk/Upload/WebDoc/IndustryStatictics/PKRV020120253079.csv,200,application/octet-stream,344,AVAILABLE,2026-09-29T18:23:42+00:00,
2025-01-03,PKRV030120253088.csv,https://www.mufap.com.pk/Upload/WebDoc/IndustryStatictics/PKRV030120253088.csv,200,application/octet-stream,340,AVAILABLE,2026-09-29T18:23:43+00:00,
2025-01-06,PKRV060120253224.csv,https://www.mufap.com.pk/Upload/WebDoc/IndustryStatictics/PKRV060120253224.csv,200,application/octet-stream,340,AVAILABLE,2026-09-29T18:23:43+00:00,
2025-01-07,PKRV070120253096.csv,https://www.mufap.com.pk/Upload/WebDoc/IndustryStatictics/PKRV070120253096.csv,200,application/octet-stream,341,AVAILABLE,2026-09-29T18:23:44+00:00,
2025-01-08,PKRV080120253100.csv,https://www.mufap.com.pk/Upload/WebDoc/IndustryStatictics/PKRV080120253100.csv,200,application/octet-stream,342,AVAILABLE,2026-09-29T18:23:45+00:00,
2025-01-09,PKRV090120253105.csv,https://www.mufap.com.pk/Upload/WebDoc/IndustryStatictics/PKRV090120253105.csv,200,application/octet-stream,346,AVAILABLE,2026-09-29T18:23:46+00:00,
2025-01-10,PKRV100120253110.csv,https://www.mufap.com.pk/Upload/WebDoc/IndustryStatictics/PKRV100120253110.csv,200,application/octet-stream,329,AVAILABLE,2026-09-29T18:23:47+00:00,
2025-01-13,PKRV130120253115.csv,https://www.mufap.com.pk/Upload/WebDoc/IndustryStatictics/PKRV130120253115.csv,200,application/octet-stream,327,AVAILABLE,2026-09-29T18:23:47+00:00,
2025-01-14,PKRV140120253120.csv,https://www.mufap.com.pk/Upload/WebDoc/IndustryStatictics/PKRV140120253120.csv,200,application/octet-stream,326,AVAILABLE,2026-09-29T18:23:48+00:00,
2025-01-15,PKRV150120253125.csv,https://www.mufap.com.pk/Upload/WebDoc/IndustryStatictics/PKRV150120253125.csv,200,application/octet-stream,329,AVAILABLE,2026-09-29T18:23:48+00:00,
2025-01-16,PKRV160120253130.csv,https://www.mufap.com.pk/Upload/WebDoc/IndustryStatictics/PKRV160120253130.csv,200,application/octet-stream,331,AVAILABLE,2026-09-29T18:23:49+00:00,
2025-01-17,PKRV170120253135.csv,https://www.mufap.com.pk/Upload/WebDoc/IndustryStatictics/PKRV170120253135.csv,200,application/octet-stream,333,AVAILABLE,2026-09-29T18:23:50+00:00,
2025-01-20,PKRV200120253140.csv,https://www.mufap.com.pk/Upload/WebDoc/IndustryStatictics/PKRV200120253140.csv,200,application/octet-stream,336,AVAILABLE,2026-09-29T18:23:51+00:00,
2025-01-21,PKRV210120253146.csv,https://www.mufap.com.pk/Upload/WebDoc/IndustryStatictics/PKRV210120253146.csv,200,application/octet-stream,338,AVAILABLE,2026-09-29T18:23:52+00:00,
2025-01-22,PKRV220120253151.csv,https://www.mufap.com.pk/Upload/WebDoc/IndustryStatictics/PKRV220120253151.csv,200,application/octet-stream,337,AVAILABLE,2026-09-29T18:23:52+00:00,
2025-01-23,PKRV230120253156.csv,https://www.mufap.com.pk/Upload/WebDoc/IndustryStatictics/PKRV230120253156.csv,200,application/octet-stream,345,AVAILABLE,2026-09-29T18:23:53+00:00,
2025-01-24,PKRV240120253162.csv,https://www.mufap.com.pk/Upload/WebDoc/IndustryStatictics/PKRV240120253162.csv,200,application/octet-stream,330,AVAILABLE,2026-09-29T18:23:54+00:00,
2025-01-27,PKRV270120253167.csv,https://www.mufap.com.pk/Upload/WebDoc/IndustryStatictics/PKRV270120253167.csv,200,application/octet-stream,333,AVAILABLE,2026-09-29T18:23:55+00:00,
2025-01-28,PKRV280120253172.csv,https://www.mufap.com.pk/Upload/WebDoc/IndustryStatictics/PKRV280120253172.csv,200,application/octet-stream,332,AVAILABLE,2026-09-29T18:23:55+00:00,
2025-01-29,PKRV290120253177.csv,https://www.mufap.com.pk/Upload/WebDoc/IndustryStatictics/PKRV290120253177.csv,200,application/octet-stream,336,AVAILABLE,2026-09-29T18:23:56+00:00,
2025-01-30,PKRV300120253182.csv,https://www.mufap.com.pk/Upload/WebDoc/IndustryStatictics/PKRV300120253182.csv,200,application/octet-stream,327,AVAILABLE,2026-09-29T18:23:57+00:00,
2025-01-31,PKRV310120253187.csv,https://www.mufap.com.pk/Upload/WebDoc/IndustryStatictics/PKRV310120253187.csv,200,application/octet-stream,330,AVAILABLE,2026-09-29T18:23:58+00:00,
2025-02-03,PKRV030220253195.csv,https://www.mufap.com.pk/Upload/WebDoc/IndustryStatictics/PKRV030220253195.csv,200,application/octet-stream,339,AVAILABLE,2026-09-29T18:23:59+00:00,
2025-02-04,PKRV040220253202.csv,https://www.mufap.com.pk/Upload/WebDoc/IndustryStatictics/PKRV040220253202.csv,200,application/octet-stream,331,AVAILABLE,2026-09-29T18:24:00+00:00,
2025-02-06,PKRV060220253215.csv,https://www.mufap.com.pk/Upload/WebDoc/IndustryStatictics/PKRV060220253215.csv,200,application/octet-stream,329,AVAILABLE,2026-09-29T18:24:00+00:00,
2025-02-07,PKRV070220253220.csv,https://www.mufap.com.pk/Upload/WebDoc/IndustryStatictics/PKRV070220253220.csv,200,application/octet-stream,337,AVAILABLE,2026-09-29T18:24:01+00:00,
2025-02-10,PKRV100220253225.csv,https://www.mufap.com.pk/Upload/WebDoc/IndustryStatictics/PKRV100220253225.csv,200,application/octet-stream,338,AVAILABLE,2026-09-29T18:24:02+00:00,
2025-02-11,PKRV110220253230.csv,https://www.mufap.com.pk/Upload/WebDoc/IndustryStatictics/PKRV110220253230.csv,200,application/octet-stream,326,AVAILABLE,2026-09-29T18:24:02+00:00,
2025-02-12,PKRV120220253234.csv,https://www.mufap.com.pk/Upload/WebDoc/IndustryStatictics/PKRV120220253234.csv,200,application/octet-stream,332,AVAILABLE,2026-09-29T18:24:03+00:00,
2025-02-13,PKRV130220253238.csv,https://www.mufap.com.pk/Upload/WebDoc/IndustryStatictics/PKRV130220253238.csv,200,application/octet-stream,327,AVAILABLE,2026-09-29T18:24:04+00:00,
2025-02-14,PKRV140220253242.csv,https://www.mufap.com.pk/Upload/WebDoc/IndustryStatictics/PKRV140220253242.csv,200,application/octet-stream,330,AVAILABLE,2026-09-29T18:24:05+00:00,
2025-02-17,PKRV170220253246.csv,https://www.mufap.com.pk/Upload/WebDoc/IndustryStatictics/PKRV170220253246.csv,200,application/octet-stream,332,AVAILABLE,2026-09-29T18:24:05+00:00,
2025-02-18,PKRV180220253250.csv,https://www.mufap.com.pk/Upload/WebDoc/IndustryStatictics/PKRV180220253250.csv,200,application/octet-stream,328,AVAILABLE,2026-09-29T18:24:06+00:00,
2025-02-19,PKRV190220253254.csv,https://www.mufap.com.pk/Upload/WebDoc/IndustryStatictics/PKRV190220253254.csv,200,application/octet-stream,338,AVAILABLE,2026-09-29T18:24:07+00:00,
2025-02-20,PKRV200220253260.csv,https://www.mufap.com.pk/Upload/WebDoc/IndustryStatictics/PKRV200220253260.csv,200,application/octet-stream,339,AVAILABLE,2026-09-29T18:24:08+00:00,
2025-02-21,PKRV210220253266.csv,https://www.mufap.com.pk/Upload/WebDoc/IndustryStatictics/PKRV210220253266.csv,200,application/octet-stream,331,AVAILABLE,2026-09-29T18:24:08+00:00,
2025-02-24,PKRV240220253271.csv,https://www.mufap.com.pk/Upload/WebDoc/IndustryStatictics/PKRV240220253271.csv,200,application/octet-stream,328,AVAILABLE,2026-09-29T18:24:09+00:00,
2025-02-25,PKRV250220253276.csv,https://www.mufap.com.pk/Upload/WebDoc/IndustryStatictics/PKRV250220253276.csv,200,application/octet-stream,331,AVAILABLE,2026-09-29T18:24:10+00:00,
2025-02-26,PKRV260220253281.csv,https://www.mufap.com.pk/Upload/WebDoc/IndustryStatictics/PKRV260220253281.csv,200,application/octet-stream,335,AVAILABLE,2026-09-29T18:24:10+00:00,
2025-02-27,PKRV270220253286.csv,https://www.mufap.com.pk/Upload/WebDoc/IndustryStatictics/PKRV270220253286.csv,200,application/octet-stream,327,AVAILABLE,2026-09-29T18:24:11+00:00,
2025-02-28,PKRV280220253291.csv,https://www.mufap.com.pk/Upload/WebDoc/IndustryStatictics/PKRV280220253291.csv,200,application/octet-stream,328,AVAILABLE,2026-09-29T18:24:12+00:00,
2025-03-04,PKRV040320253297.csv,https://www.mufap.com.pk/Upload/WebDoc/IndustryStatictics/PKRV040320253297.csv,200,application/octet-stream,335,AVAILABLE,2026-09-29T18:24:13+00:00,
2025-03-05,PKRV050320253306.csv,https://www.mufap.com.pk/Upload/WebDoc/IndustryStatictics/PKRV050320253306.csv,200,application/octet-stream,333,AVAILABLE,2026-09-29T18:24:13+00:00,
2025-03-06,PKRV060320253311.csv,https://www.mufap.com.pk/Upload/WebDoc/IndustryStatictics/PKRV060320253311.csv,200,application/octet-stream,332,AVAILABLE,2026-09-29T18:24:14+00:00,
2025-03-07,PKRV070320253319.csv,https://www.mufap.com.pk/Upload/WebDoc/IndustryStatictics/PKRV070320253319.csv,200,application/octet-stream,331,AVAILABLE,2026-09-29T18:24:15+00:00,
2025-03-10,PKRV100320253322.csv,https://www.mufap.com.pk/Upload/WebDoc/IndustryStatictics/PKRV100320253322.csv,200,application/octet-stream,337,AVAILABLE,2026-09-29T18:24:16+00:00,
2025-03-11,PKRV110320253329.csv,https://www.mufap.com.pk/Upload/WebDoc/IndustryStatictics/PKRV110320253329.csv,200,application/octet-stream,327,AVAILABLE,2026-09-29T18:24:17+00:00,
2025-03-12,PKRV120320253333.csv,https://www.mufap.com.pk/Upload/WebDoc/IndustryStatictics/PKRV120320253333.csv,200,application/octet-stream,334,AVAILABLE,2026-09-29T18:24:17+00:00,
2025-03-13,PKRV130320253338.csv,https://www.mufap.com.pk/Upload/WebDoc/IndustryStatictics/PKRV130320253338.csv,200,application/octet-stream,339,AVAILABLE,2026-09-29T18:24:18+00:00,
2025-03-14,PKRV140320253343.csv,https://www.mufap.com.pk/Upload/WebDoc/IndustryStatictics/PKRV140320253343.csv,200,application/octet-stream,336,AVAILABLE,2026-09-29T18:24:19+00:00,
2025-03-17,PKRV170320253348.csv,https://www.mufap.com.pk/Upload/WebDoc/IndustryStatictics/PKRV170320253348.csv,200,application/octet-stream,335,AVAILABLE,2026-09-29T18:24:19+00:00,
2025-03-18,PKRV180320253353.csv,https://www.mufap.com.pk/Upload/WebDoc/IndustryStatictics/PKRV180320253353.csv,200,application/octet-stream,334,AVAILABLE,2026-09-29T18:24:20+00:00,
2025-03-19,PKRV190320253358.csv,https://www.mufap.com.pk/Upload/WebDoc/IndustryStatictics/PKRV190320253358.csv,200,application/octet-stream,330,AVAILABLE,2026-09-29T18:24:21+00:00,
2025-03-20,PKRV200320253363.csv,https://www.mufap.com.pk/Upload/WebDoc/IndustryStatictics/PKRV200320253363.csv,200,application/octet-stream,335,AVAILABLE,2026-09-29T18:24:22+00:00,
2025-03-21,PKRV210320253369.csv,https://www.mufap.com.pk/Upload/WebDoc/IndustryStatictics/PKRV210320253369.csv,200,application/octet-stream,328,AVAILABLE,2026-09-29T18:24:23+00:00,
2025-03-24,PKRV240320253374.csv,https://www.mufap.com.pk/Upload/WebDoc/IndustryStatictics/PKRV240320253374.csv,200,application/octet-stream,328,AVAILABLE,2026-09-29T18:24:23+00:00,
2025-03-25,PKRV250320253379.csv,https://www.mufap.com.pk/Upload/WebDoc/IndustryStatictics/PKRV250320253379.csv,200,application/octet-stream,330,AVAILABLE,2026-09-29T18:24:24+00:00,
2025-03-26,PKRV260320253387.csv,https://www.mufap.com.pk/Upload/WebDoc/IndustryStatictics/PKRV260320253387.csv,200,application/octet-stream,326,AVAILABLE,2026-09-29T18:24:25+00:00,
2025-03-27,PKRV270320253392.csv,https://www.mufap.com.pk/Upload/WebDoc/IndustryStatictics/PKRV270320253392.csv,200,application/octet-stream,326,AVAILABLE,2026-09-29T18:24:25+00:00,
2025-03-28,PKRV280320253397.csv,https://www.mufap.com.pk/Upload/WebDoc/IndustryStatictics/PKRV280320253397.csv,200,application/octet-stream,335,AVAILABLE,2026-09-29T18:24:26+00:00,
2025-04-03,PKRV030420253402.csv,https://www.mufap.com.pk/Upload/WebDoc/IndustryStatictics/PKRV030420253402.csv,200,application/octet-stream,335,AVAILABLE,2026-09-29T18:24:27+00:00,
2025-04-04,PKRV040420253406.csv,https://www.mufap.com.pk/Upload/WebDoc/IndustryStatictics/PKRV040420253406.csv,200,application/octet-stream,338,AVAILABLE,2026-09-29T18:24:28+00:00,
2025-04-07,PKRV070420253412.csv,https://www.mufap.com.pk/Upload/WebDoc/IndustryStatictics/PKRV070420253412.csv,200,application/octet-stream,340,AVAILABLE,2026-09-29T18:24:29+00:00,
2025-04-08,PKRV080420253420.csv,https://www.mufap.com.pk/Upload/WebDoc/IndustryStatictics/PKRV080420253420.csv,200,application/octet-stream,334,AVAILABLE,2026-09-29T18:24:29+00:00,
2025-04-09,PKRV090420253423.csv,https://www.mufap.com.pk/Upload/WebDoc/IndustryStatictics/PKRV090420253423.csv,200,application/octet-stream,343,AVAILABLE,2026-09-29T18:24:30+00:00,
2025-04-10,PKRV100420253427.csv,https://www.mufap.com.pk/Upload/WebDoc/IndustryStatictics/PKRV100420253427.csv,200,application/octet-stream,331,AVAILABLE,2026-09-29T18:24:31+00:00,
2025-04-11,PKRV110420253431.csv,https://www.mufap.com.pk/Upload/WebDoc/IndustryStatictics/PKRV110420253431.csv,200,application/octet-stream,334,AVAILABLE,2026-09-29T18:24:32+00:00,
2025-04-14,PKRV1404202513435.csv,https://www.mufap.com.pk/Upload/WebDoc/IndustryStatictics/PKRV1404202513435.csv,200,application/octet-stream,331,AVAILABLE,2026-09-29T18:24:33+00:00,
2025-04-15,PKRV1504202513440.csv,https://www.mufap.com.pk/Upload/WebDoc/IndustryStatictics/PKRV1504202513440.csv,200,application/octet-stream,328,AVAILABLE,2026-09-29T18:24:34+00:00,
2025-04-16,PKRV1604202513445.csv,https://www.mufap.com.pk/Upload/WebDoc/IndustryStatictics/PKRV1604202513445.csv,200,application/octet-stream,329,AVAILABLE,2026-09-29T18:24:34+00:00,
2025-04-17,PKRV1704202513450.csv,https://www.mufap.com.pk/Upload/WebDoc/IndustryStatictics/PKRV1704202513450.csv,200,application/octet-stream,328,AVAILABLE,2026-09-29T18:24:35+00:00,
2025-04-18,PKRV1804202513458.csv,https://www.mufap.com.pk/Upload/WebDoc/IndustryStatictics/PKRV1804202513458.csv,200,application/octet-stream,336,AVAILABLE,2026-09-29T18:24:36+00:00,
2025-04-21,PKRV2104202513459.csv,https://www.mufap.com.pk/Upload/WebDoc/IndustryStatictics/PKRV2104202513459.csv,200,application/octet-stream,335,AVAILABLE,2026-09-29T18:24:37+00:00,
2025-04-22,PKRV2204202513466.csv,https://www.mufap.com.pk/Upload/WebDoc/IndustryStatictics/PKRV2204202513466.csv,200,application/octet-stream,328,AVAILABLE,2026-09-29T18:24:38+00:00,
2025-04-23,PKRV2304202513471.csv,https://www.mufap.com.pk/Upload/WebDoc/IndustryStatictics/PKRV2304202513471.csv,200,application/octet-stream,327,AVAILABLE,2026-09-29T18:24:38+00:00,
2025-04-24,PKRV2404202513477.csv,https://www.mufap.com.pk/Upload/WebDoc/IndustryStatictics/PKRV2404202513477.csv,200,application/octet-stream,328,AVAILABLE,2026-09-29T18:24:39+00:00,
2025-04-25,PKRV2504202513482.csv,https://www.mufap.com.pk/Upload/WebDoc/IndustryStatictics/PKRV2504202513482.csv,200,application/octet-stream,330,AVAILABLE,2026-09-29T18:24:40+00:00,
2025-04-28,PKRV2804202513487.csv,https://www.mufap.com.pk/Upload/WebDoc/IndustryStatictics/PKRV2804202513487.csv,200,application/octet-stream,329,AVAILABLE,2026-09-29T18:24:41+00:00,
2025-04-29,PKRV2904202513492.csv,https://www.mufap.com.pk/Upload/WebDoc/IndustryStatictics/PKRV2904202513492.csv,200,application/octet-stream,326,AVAILABLE,2026-09-29T18:24:41+00:00,
2025-04-30,PKRV3004202523495.csv,https://www.mufap.com.pk/Upload/WebDoc/IndustryStatictics/PKRV3004202523495.csv,200,application/octet-stream,326,AVAILABLE,2026-09-29T18:24:42+00:00,
2025-05-02,PKRV0205202523499.csv,https://www.mufap.com.pk/Upload/WebDoc/IndustryStatictics/PKRV0205202523499.csv,200,application/octet-stream,333,AVAILABLE,2026-09-29T18:24:43+00:00,
2025-05-05,PKRV0505202523505.csv,https://www.mufap.com.pk/Upload/WebDoc/IndustryStatictics/PKRV0505202523505.csv,200,application/octet-stream,346,AVAILABLE,2026-09-29T18:24:44+00:00,
2025-05-06,PKRV0605202523511.csv,https://www.mufap.com.pk/Upload/WebDoc/IndustryStatictics/PKRV0605202523511.csv,200,application/octet-stream,409,AVAILABLE,2026-09-29T18:24:44+00:00,
2025-05-07,PKRV0705202523515.csv,https://www.mufap.com.pk/Upload/WebDoc/IndustryStatictics/PKRV0705202523515.csv,200,application/octet-stream,328,AVAILABLE,2026-09-29T18:24:45+00:00,
2025-05-08,PKRV0805202523519.csv,https://www.mufap.com.pk/Upload/WebDoc/IndustryStatictics/PKRV0805202523519.csv,200,application/octet-stream,389,AVAILABLE,2026-09-29T18:24:46+00:00,
2025-05-09,PKRV0905202523524.csv,https://www.mufap.com.pk/Upload/WebDoc/IndustryStatictics/PKRV0905202523524.csv,200,application/octet-stream,394,AVAILABLE,2026-09-29T18:24:46+00:00,
2025-05-12,PKRV1205202523527.csv,https://www.mufap.com.pk/Upload/WebDoc/IndustryStatictics/PKRV1205202523527.csv,200,application/octet-stream,341,AVAILABLE,2026-09-29T18:24:47+00:00,
2025-05-13,PKRV1305202523535.csv,https://www.mufap.com.pk/Upload/WebDoc/IndustryStatictics/PKRV1305202523535.csv,200,application/octet-stream,334,AVAILABLE,2026-09-29T18:24:48+00:00,
2025-05-14,PKRV1405202523540.csv,https://www.mufap.com.pk/Upload/WebDoc/IndustryStatictics/PKRV1405202523540.csv,200,application/octet-stream,342,AVAILABLE,2026-09-29T18:24:48+00:00,
2025-05-15,PKRV1505202523545.csv,https://www.mufap.com.pk/Upload/WebDoc/IndustryStatictics/PKRV1505202523545.csv,200,application/octet-stream,344,AVAILABLE,2026-09-29T18:24:49+00:00,
2025-05-16,PKRV1605202523550.csv,https://www.mufap.com.pk/Upload/WebDoc/IndustryStatictics/PKRV1605202523550.csv,200,application/octet-stream,339,AVAILABLE,2026-09-29T18:24:50+00:00,
2025-05-19,PKRV1905202523555.csv,https://www.mufap.com.pk/Upload/WebDoc/IndustryStatictics/PKRV1905202523555.csv,200,application/octet-stream,330,AVAILABLE,2026-09-29T18:24:51+00:00,
2025-05-20,PKRV2005202523562.csv,https://www.mufap.com.pk/Upload/WebDoc/IndustryStatictics/PKRV2005202523562.csv,200,application/octet-stream,335,AVAILABLE,2026-09-29T18:24:51+00:00,
2025-05-21,PKRV2105202523567.csv,https://www.mufap.com.pk/Upload/WebDoc/IndustryStatictics/PKRV2105202523567.csv,200,application/octet-stream,338,AVAILABLE,2026-09-29T18:24:52+00:00,
2025-05-22,PKRV2205202523573.csv,https://www.mufap.com.pk/Upload/WebDoc/IndustryStatictics/PKRV2205202523573.csv,200,application/octet-stream,331,AVAILABLE,2026-09-29T18:24:53+00:00,
2025-05-23,PKRV2305202523578.csv,https://www.mufap.com.pk/Upload/WebDoc/IndustryStatictics/PKRV2305202523578.csv,200,application/octet-stream,334,AVAILABLE,2026-09-29T18:24:54+00:00,
2025-05-26,PKRV2605202523583.csv,https://www.mufap.com.pk/Upload/WebDoc/IndustryStatictics/PKRV2605202523583.csv,200,application/octet-stream,330,AVAILABLE,2026-09-29T18:24:55+00:00,
2025-05-27,PKRV2705202523590.csv,https://www.mufap.com.pk/Upload/WebDoc/IndustryStatictics/PKRV2705202523590.csv,200,application/octet-stream,345,AVAILABLE,2026-09-29T18:24:56+00:00,
2025-05-29,PKRV2905202523593.csv,https://www.mufap.com.pk/Upload/WebDoc/IndustryStatictics/PKRV2905202523593.csv,200,application/octet-stream,409,AVAILABLE,2026-09-29T18:24:56+00:00,
2025-05-30,PKRV3005202523598.csv,https://www.mufap.com.pk/Upload/WebDoc/IndustryStatictics/PKRV3005202523598.csv,200,application/octet-stream,335,AVAILABLE,2026-09-29T18:24:57+00:00,
2025-06-02,PKRV0206202523603.csv,https://www.mufap.com.pk/Upload/WebDoc/IndustryStatictics/PKRV0206202523603.csv,200,application/octet-stream,343,AVAILABLE,2026-09-29T18:24:58+00:00,
2025-06-03,PKRV0306202523611.csv,https://www.mufap.com.pk/Upload/WebDoc/IndustryStatictics/PKRV0306202523611.csv,200,application/octet-stream,326,AVAILABLE,2026-09-29T18:24:59+00:00,
2025-06-04,PKRV0406202523617.csv,https://www.mufap.com.pk/Upload/WebDoc/IndustryStatictics/PKRV0406202523617.csv,200,application/octet-stream,328,AVAILABLE,2026-09-29T18:25:00+00:00,
2025-06-05,PKRV0506202523619.csv,https://www.mufap.com.pk/Upload/WebDoc/IndustryStatictics/PKRV0506202523619.csv,200,application/octet-stream,338,AVAILABLE,2026-09-29T18:25:00+00:00,
2025-06-10,PKRV1006202523625.csv,https://www.mufap.com.pk/Upload/WebDoc/IndustryStatictics/PKRV1006202523625.csv,200,application/octet-stream,340,AVAILABLE,2026-09-29T18:25:01+00:00,
2025-06-11,PKRV1106202523627.csv,https://www.mufap.com.pk/Upload/WebDoc/IndustryStatictics/PKRV1106202523627.csv,200,application/octet-stream,343,AVAILABLE,2026-09-29T18:25:02+00:00,
2025-06-12,PKRV1206202523633.csv,https://www.mufap.com.pk/Upload/WebDoc/IndustryStatictics/PKRV1206202523633.csv,200,application/octet-stream,333,AVAILABLE,2026-09-29T18:25:02+00:00,
2025-06-13,PKRV1306202523638.csv,https://www.mufap.com.pk/Upload/WebDoc/IndustryStatictics/PKRV1306202523638.csv,200,application/octet-stream,326,AVAILABLE,2026-09-29T18:25:03+00:00,
2025-06-16,PKRV1606202523645.csv,https://www.mufap.com.pk/Upload/WebDoc/IndustryStatictics/PKRV1606202523645.csv,200,application/octet-stream,326,AVAILABLE,2026-09-29T18:25:04+00:00,
2025-06-17,PKRV1706202523650.csv,https://www.mufap.com.pk/Upload/WebDoc/IndustryStatictics/PKRV1706202523650.csv,200,application/octet-stream,328,AVAILABLE,2026-09-29T18:25:05+00:00,
2025-06-18,PKRV1806202523655.csv,https://www.mufap.com.pk/Upload/WebDoc/IndustryStatictics/PKRV1806202523655.csv,200,application/octet-stream,328,AVAILABLE,2026-09-29T18:25:06+00:00,
2025-06-19,PKRV1906202523660.csv,https://www.mufap.com.pk/Upload/WebDoc/IndustryStatictics/PKRV1906202523660.csv,200,application/octet-stream,330,AVAILABLE,2026-09-29T18:25:07+00:00,
2025-06-20,PKRV2006202523666.csv,https://www.mufap.com.pk/Upload/WebDoc/IndustryStatictics/PKRV2006202523666.csv,200,application/octet-stream,327,AVAILABLE,2026-09-29T18:25:07+00:00,
2025-06-23,PKRV2306202523672.csv,https://www.mufap.com.pk/Upload/WebDoc/IndustryStatictics/PKRV2306202523672.csv,200,application/octet-stream,333,AVAILABLE,2026-09-29T18:25:08+00:00,
2025-06-24,PKRV2406202523678.csv,https://www.mufap.com.pk/Upload/WebDoc/IndustryStatictics/PKRV2406202523678.csv,200,application/octet-stream,345,AVAILABLE,2026-09-29T18:25:09+00:00,
2025-06-25,PKRV2506202523684.csv,https://www.mufap.com.pk/Upload/WebDoc/IndustryStatictics/PKRV2506202523684.csv,200,application/octet-stream,344,AVAILABLE,2026-09-29T18:25:10+00:00,
2025-06-26,PKRV2606202523689.csv,https://www.mufap.com.pk/Upload/WebDoc/IndustryStatictics/PKRV2606202523689.csv,200,application/octet-stream,343,AVAILABLE,2026-09-29T18:25:10+00:00,
2025-06-27,PKRV2706202523694.csv,https://www.mufap.com.pk/Upload/WebDoc/IndustryStatictics/PKRV2706202523694.csv,200,application/octet-stream,391,AVAILABLE,2026-09-29T18:25:12+00:00,
2025-06-30,PKRV3006202523699.csv,https://www.mufap.com.pk/Upload/WebDoc/IndustryStatictics/PKRV3006202523699.csv,200,application/octet-stream,338,AVAILABLE,2026-09-29T18:25:12+00:00,
2025-07-02,PKRV0207202523704.csv,https://www.mufap.com.pk/Upload/WebDoc/IndustryStatictics/PKRV0207202523704.csv,200,application/octet-stream,408,AVAILABLE,2026-09-29T18:25:13+00:00,
2025-07-03,PKRV0307202523710.csv,https://www.mufap.com.pk/Upload/WebDoc/IndustryStatictics/PKRV0307202523710.csv,200,application/octet-stream,345,AVAILABLE,2026-09-29T18:25:14+00:00,
2025-07-04,PKRV0407202523715.csv,https://www.mufap.com.pk/Upload/WebDoc/IndustryStatictics/PKRV0407202523715.csv,200,application/octet-stream,345,AVAILABLE,2026-09-29T18:25:15+00:00,
2025-07-07,PKRV0707202523719.csv,https://www.mufap.com.pk/Upload/WebDoc/IndustryStatictics/PKRV0707202523719.csv,200,application/octet-stream,390,AVAILABLE,2026-09-29T18:25:16+00:00,
2025-07-08,PKRV0807202523722.csv,https://www.mufap.com.pk/Upload/WebDoc/IndustryStatictics/PKRV0807202523722.csv,200,application/octet-stream,329,AVAILABLE,2026-09-29T18:25:16+00:00,
2025-07-09,PKRV0907202523727.csv,https://www.mufap.com.pk/Upload/WebDoc/IndustryStatictics/PKRV0907202523727.csv,200,application/octet-stream,343,AVAILABLE,2026-09-29T18:25:17+00:00,
2025-07-10,PKRV1007202523732.csv,https://www.mufap.com.pk/Upload/WebDoc/IndustryStatictics/PKRV1007202523732.csv,200,application/octet-stream,326,AVAILABLE,2026-09-29T18:25:18+00:00,
2025-07-11,PKRV1107202523736.csv,https://www.mufap.com.pk/Upload/WebDoc/IndustryStatictics/PKRV1107202523736.csv,200,application/octet-stream,330,AVAILABLE,2026-09-29T18:25:19+00:00,
2025-07-14,PKRV1407202523740.csv,https://www.mufap.com.pk/Upload/WebDoc/IndustryStatictics/PKRV1407202523740.csv,200,application/octet-stream,326,AVAILABLE,2026-09-29T18:25:19+00:00,
2025-07-15,PKRV1507202523744.csv,https://www.mufap.com.pk/Upload/WebDoc/IndustryStatictics/PKRV1507202523744.csv,200,application/octet-stream,338,AVAILABLE,2026-09-29T18:25:20+00:00,
2025-07-16,PKRV1607202523749.csv,https://www.mufap.com.pk/Upload/WebDoc/IndustryStatictics/PKRV1607202523749.csv,200,application/octet-stream,329,AVAILABLE,2026-09-29T18:25:21+00:00,
2025-07-17,PKRV1707202523755.csv,https://www.mufap.com.pk/Upload/WebDoc/IndustryStatictics/PKRV1707202523755.csv,200,application/octet-stream,340,AVAILABLE,2026-09-29T18:25:22+00:00,
2025-07-18,PKRV1807202523761.csv,https://www.mufap.com.pk/Upload/WebDoc/IndustryStatictics/PKRV1807202523761.csv,200,application/octet-stream,336,AVAILABLE,2026-09-29T18:25:23+00:00,
2025-07-21,PKRV2107202523768.csv,https://www.mufap.com.pk/Upload/WebDoc/IndustryStatictics/PKRV2107202523768.csv,200,application/octet-stream,334,AVAILABLE,2026-09-29T18:25:23+00:00,
2025-07-22,PKRV2207202523774.csv,https://www.mufap.com.pk/Upload/WebDoc/IndustryStatictics/PKRV2207202523774.csv,200,application/octet-stream,330,AVAILABLE,2026-09-29T18:25:24+00:00,
2025-07-23,PKRV2307202523781.csv,https://www.mufap.com.pk/Upload/WebDoc/IndustryStatictics/PKRV2307202523781.csv,200,application/octet-stream,342,AVAILABLE,2026-09-29T18:25:25+00:00,
2025-07-24,PKRV2407202523786.csv,https://www.mufap.com.pk/Upload/WebDoc/IndustryStatictics/PKRV2407202523786.csv,200,application/octet-stream,406,AVAILABLE,2026-09-29T18:25:26+00:00,
2025-07-25,PKRV2507202523791.csv,https://www.mufap.com.pk/Upload/WebDoc/IndustryStatictics/PKRV2507202523791.csv,200,application/octet-stream,343,AVAILABLE,2026-09-29T18:25:26+00:00,
2025-07-28,PKRV2807202523797.csv,https://www.mufap.com.pk/Upload/WebDoc/IndustryStatictics/PKRV2807202523797.csv,200,application/octet-stream,346,AVAILABLE,2026-09-29T18:25:27+00:00,
2025-07-29,PKRV2907202523804.csv,https://www.mufap.com.pk/Upload/WebDoc/IndustryStatictics/PKRV2907202523804.csv,200,application/octet-stream,338,AVAILABLE,2026-09-29T18:25:28+00:00,
2025-07-30,PKRV3007202523809.csv,https://www.mufap.com.pk/Upload/WebDoc/IndustryStatictics/PKRV3007202523809.csv,200,application/octet-stream,327,AVAILABLE,2026-09-29T18:25:29+00:00,
2025-07-31,PKRV3107202523814.csv,https://www.mufap.com.pk/Upload/WebDoc/IndustryStatictics/PKRV3107202523814.csv,200,application/octet-stream,389,AVAILABLE,2026-09-29T18:25:29+00:00,
2025-08-01,PKRV0108202523818.csv,https://www.mufap.com.pk/Upload/WebDoc/IndustryStatictics/PKRV0108202523818.csv,200,application/octet-stream,392,AVAILABLE,2026-09-29T18:25:30+00:00,
2025-08-04,PKRV0408202523823.csv,https://www.mufap.com.pk/Upload/WebDoc/IndustryStatictics/PKRV0408202523823.csv,200,application/octet-stream,336,AVAILABLE,2026-09-29T18:25:31+00:00,
2025-08-05,PKRV0508202523832.csv,https://www.mufap.com.pk/Upload/WebDoc/IndustryStatictics/PKRV0508202523832.csv,200,application/octet-stream,333,AVAILABLE,2026-09-29T18:25:32+00:00,
2025-08-06,PKRV0608202523841.csv,https://www.mufap.com.pk/Upload/WebDoc/IndustryStatictics/PKRV0608202523841.csv,200,application/octet-stream,331,AVAILABLE,2026-09-29T18:25:33+00:00,
2025-08-07,PKRV0708202523853.csv,https://www.mufap.com.pk/Upload/WebDoc/IndustryStatictics/PKRV0708202523853.csv,200,application/octet-stream,400,AVAILABLE,2026-09-29T18:25:33+00:00,
2025-08-08,PKRV0808202523861.csv,https://www.mufap.com.pk/Upload/WebDoc/IndustryStatictics/PKRV0808202523861.csv,200,application/octet-stream,331,AVAILABLE,2026-09-29T18:25:34+00:00,
2025-08-11,PKRV1108202523866.csv,https://www.mufap.com.pk/Upload/WebDoc/IndustryStatictics/PKRV1108202523866.csv,200,application/octet-stream,336,AVAILABLE,2026-09-29T18:25:35+00:00,
2025-08-12,PKRV1208202523871.csv,https://www.mufap.com.pk/Upload/WebDoc/IndustryStatictics/PKRV1208202523871.csv,200,application/octet-stream,327,AVAILABLE,2026-09-29T18:25:36+00:00,
2025-08-13,PKRV1308202523876.csv,https://www.mufap.com.pk/Upload/WebDoc/IndustryStatictics/PKRV1308202523876.csv,200,application/octet-stream,330,AVAILABLE,2026-09-29T18:25:37+00:00,
2025-08-15,PKRV1508202523881.csv,https://www.mufap.com.pk/Upload/WebDoc/IndustryStatictics/PKRV1508202523881.csv,200,application/octet-stream,331,AVAILABLE,2026-09-29T18:25:38+00:00,
2025-08-18,PKRV1808202523886.csv,https://www.mufap.com.pk/Upload/WebDoc/IndustryStatictics/PKRV1808202523886.csv,200,application/octet-stream,334,AVAILABLE,2026-09-29T18:25:38+00:00,
2025-08-19,PKRV1908202523891.csv,https://www.mufap.com.pk/Upload/WebDoc/IndustryStatictics/PKRV1908202523891.csv,200,application/octet-stream,327,AVAILABLE,2026-09-29T18:25:39+00:00,
2025-08-20,PKRV2008202523896.xlsx,https://www.mufap.com.pk/Upload/WebDoc/IndustryStatictics/PKRV2008202523896.xlsx,200,application/vnd.openxmlformats-officedocument.spreadsheetml.sheet,10743,AVAILABLE,2026-09-29T18:25:39+00:00,
2025-08-21,PKRV2108202523901.csv,https://www.mufap.com.pk/Upload/WebDoc/IndustryStatictics/PKRV2108202523901.csv,200,application/octet-stream,335,AVAILABLE,2026-09-29T18:25:40+00:00,
2025-08-22,PKRV2208202523908.csv,https://www.mufap.com.pk/Upload/WebDoc/IndustryStatictics/PKRV2208202523908.csv,200,application/octet-stream,333,AVAILABLE,2026-09-29T18:25:41+00:00,
2025-08-25,PKRV2508202523916.csv,https://www.mufap.com.pk/Upload/WebDoc/IndustryStatictics/PKRV2508202523916.csv,200,application/octet-stream,333,AVAILABLE,2026-09-29T18:25:42+00:00,
2025-08-26,PKRV2608202523922.csv,https://www.mufap.com.pk/Upload/WebDoc/IndustryStatictics/PKRV2608202523922.csv,200,application/octet-stream,326,AVAILABLE,2026-09-29T18:25:43+00:00,
2025-08-27,PKRV2708202523925.csv,https://www.mufap.com.pk/Upload/WebDoc/IndustryStatictics/PKRV2708202523925.csv,200,application/octet-stream,328,AVAILABLE,2026-09-29T18:25:44+00:00,
2025-08-28,PKRV2808202523931.csv,https://www.mufap.com.pk/Upload/WebDoc/IndustryStatictics/PKRV2808202523931.csv,200,application/octet-stream,330,AVAILABLE,2026-09-29T18:25:44+00:00,
2025-08-29,PKRV2908202523937.csv,https://www.mufap.com.pk/Upload/WebDoc/IndustryStatictics/PKRV2908202523937.csv,200,application/octet-stream,328,AVAILABLE,2026-09-29T18:25:45+00:00,
2025-09-01,PKRV0109202523943.csv,https://www.mufap.com.pk/Upload/WebDoc/IndustryStatictics/PKRV0109202523943.csv,200,application/octet-stream,326,AVAILABLE,2026-09-29T18:25:46+00:00,
2025-09-02,PKRV0209202523948.csv,https://www.mufap.com.pk/Upload/WebDoc/IndustryStatictics/PKRV0209202523948.csv,200,application/octet-stream,336,AVAILABLE,2026-09-29T18:25:46+00:00,
2025-09-03,PKRV0309202523953.csv,https://www.mufap.com.pk/Upload/WebDoc/IndustryStatictics/PKRV0309202523953.csv,200,application/octet-stream,335,AVAILABLE,2026-09-29T18:25:47+00:00,
2025-09-04,PKRV0409202523955.csv,https://www.mufap.com.pk/Upload/WebDoc/IndustryStatictics/PKRV0409202523955.csv,200,application/octet-stream,332,AVAILABLE,2026-09-29T18:25:47+00:00,
2025-09-05,PKRV0509202523964.csv,https://www.mufap.com.pk/Upload/WebDoc/IndustryStatictics/PKRV0509202523964.csv,200,application/octet-stream,326,AVAILABLE,2026-09-29T18:25:48+00:00,
2025-09-08,PKRV0809202523970.csv,https://www.mufap.com.pk/Upload/WebDoc/IndustryStatictics/PKRV0809202523970.csv,200,application/octet-stream,330,AVAILABLE,2026-09-29T18:25:49+00:00,
2025-09-09,PKRV0909202523973.csv,https://www.mufap.com.pk/Upload/WebDoc/IndustryStatictics/PKRV0909202523973.csv,200,application/octet-stream,326,AVAILABLE,2026-09-29T18:25:49+00:00,
2025-09-10,PKRV1009202523979.csv,https://www.mufap.com.pk/Upload/WebDoc/IndustryStatictics/PKRV1009202523979.csv,200,application/octet-stream,330,AVAILABLE,2026-09-29T18:25:50+00:00,
2025-09-11,PKRV1109202523984.csv,https://www.mufap.com.pk/Upload/WebDoc/IndustryStatictics/PKRV1109202523984.csv,200,application/octet-stream,326,AVAILABLE,2026-09-29T18:25:51+00:00,
2025-09-12,PKRV1209202523991.csv,https://www.mufap.com.pk/Upload/WebDoc/IndustryStatictics/PKRV1209202523991.csv,200,application/octet-stream,327,AVAILABLE,2026-09-29T18:25:52+00:00,
2025-09-15,PKRV1509202523994.csv,https://www.mufap.com.pk/Upload/WebDoc/IndustryStatictics/PKRV1509202523994.csv,200,application/octet-stream,328,AVAILABLE,2026-09-29T18:25:53+00:00,
2025-09-16,PKRV1609202523999.csv,https://www.mufap.com.pk/Upload/WebDoc/IndustryStatictics/PKRV1609202523999.csv,200,application/octet-stream,326,AVAILABLE,2026-09-29T18:25:53+00:00,
2025-09-17,PKRV1709202524006.csv,https://www.mufap.com.pk/Upload/WebDoc/IndustryStatictics/PKRV1709202524006.csv,200,application/octet-stream,328,AVAILABLE,2026-09-29T18:25:54+00:00,
2025-09-18,PKRV1809202524022.csv,https://www.mufap.com.pk/Upload/WebDoc/IndustryStatictics/PKRV1809202524022.csv,200,application/octet-stream,338,AVAILABLE,2026-09-29T18:25:54+00:00,
2025-09-19,PKRV1909202524017.csv,https://www.mufap.com.pk/Upload/WebDoc/IndustryStatictics/PKRV1909202524017.csv,200,application/octet-stream,332,AVAILABLE,2026-09-29T18:25:55+00:00,
2025-09-22,PKRV2209202524025.csv,https://www.mufap.com.pk/Upload/WebDoc/IndustryStatictics/PKRV2209202524025.csv,200,application/octet-stream,327,AVAILABLE,2026-09-29T18:25:56+00:00,
2025-09-23,PKRV2309202524031.csv,https://www.mufap.com.pk/Upload/WebDoc/IndustryStatictics/PKRV2309202524031.csv,200,application/octet-stream,326,AVAILABLE,2026-09-29T18:25:57+00:00,
2025-09-24,PKRV2409202524038.csv,https://www.mufap.com.pk/Upload/WebDoc/IndustryStatictics/PKRV2409202524038.csv,200,application/octet-stream,327,AVAILABLE,2026-09-29T18:25:58+00:00,
2025-09-25,PKRV2509202524041.csv,https://www.mufap.com.pk/Upload/WebDoc/IndustryStatictics/PKRV2509202524041.csv,200,application/octet-stream,326,AVAILABLE,2026-09-29T18:25:58+00:00,
2025-09-26,PKRV2609202524046.csv,https://www.mufap.com.pk/Upload/WebDoc/IndustryStatictics/PKRV2609202524046.csv,200,application/octet-stream,327,AVAILABLE,2026-09-29T18:25:59+00:00,
2025-09-29,PKRV2909202524051.csv,https://www.mufap.com.pk/Upload/WebDoc/IndustryStatictics/PKRV2909202524051.csv,200,application/octet-stream,327,AVAILABLE,2026-09-29T18:26:00+00:00,
2025-09-30,PKRV3009202524059.csv,https://www.mufap.com.pk/Upload/WebDoc/IndustryStatictics/PKRV3009202524059.csv,200,application/octet-stream,333,AVAILABLE,2026-09-29T18:26:01+00:00,
2025-10-01,PKRV0110202524062.csv,https://www.mufap.com.pk/Upload/WebDoc/IndustryStatictics/PKRV0110202524062.csv,200,application/octet-stream,335,AVAILABLE,2026-09-29T18:26:02+00:00,
2025-10-02,PKRV0210202524066.csv,https://www.mufap.com.pk/Upload/WebDoc/IndustryStatictics/PKRV0210202524066.csv,200,application/octet-stream,326,AVAILABLE,2026-09-29T18:26:02+00:00,
2025-10-03,PKRV0310202524072.csv,https://www.mufap.com.pk/Upload/WebDoc/IndustryStatictics/PKRV0310202524072.csv,200,application/octet-stream,330,AVAILABLE,2026-09-29T18:26:03+00:00,
2025-10-06,PKRV0610202524079.csv,https://www.mufap.com.pk/Upload/WebDoc/IndustryStatictics/PKRV0610202524079.csv,200,application/octet-stream,328,AVAILABLE,2026-09-29T18:26:03+00:00,
2025-10-07,PKRV0710202524083.csv,https://www.mufap.com.pk/Upload/WebDoc/IndustryStatictics/PKRV0710202524083.csv,200,application/octet-stream,338,AVAILABLE,2026-09-29T18:26:04+00:00,
2025-10-08,PKRV0810202524091.csv,https://www.mufap.com.pk/Upload/WebDoc/IndustryStatictics/PKRV0810202524091.csv,200,application/octet-stream,329,AVAILABLE,2026-09-29T18:26:05+00:00,
2025-10-09,PKRV0910202524095.csv,https://www.mufap.com.pk/Upload/WebDoc/IndustryStatictics/PKRV0910202524095.csv,200,application/octet-stream,328,AVAILABLE,2026-09-29T18:26:06+00:00,
2025-10-10,PKRV1010202524099.csv,https://www.mufap.com.pk/Upload/WebDoc/IndustryStatictics/PKRV1010202524099.csv,200,application/octet-stream,337,AVAILABLE,2026-09-29T18:26:06+00:00,
2025-10-13,PKRV1310202524104.csv,https://www.mufap.com.pk/Upload/WebDoc/IndustryStatictics/PKRV1310202524104.csv,200,application/octet-stream,327,AVAILABLE,2026-09-29T18:26:07+00:00,
2025-10-14,PKRV1410202524111.csv,https://www.mufap.com.pk/Upload/WebDoc/IndustryStatictics/PKRV1410202524111.csv,200,application/octet-stream,328,AVAILABLE,2026-09-29T18:26:08+00:00,
2025-10-15,PKRV1510202524117.csv,https://www.mufap.com.pk/Upload/WebDoc/IndustryStatictics/PKRV1510202524117.csv,200,application/octet-stream,330,AVAILABLE,2026-09-29T18:26:09+00:00,
2025-10-16,PKRV1610202524123.csv,https://www.mufap.com.pk/Upload/WebDoc/IndustryStatictics/PKRV1610202524123.csv,200,application/octet-stream,333,AVAILABLE,2026-09-29T18:26:09+00:00,
2025-10-17,PKRV1710202524128.csv,https://www.mufap.com.pk/Upload/WebDoc/IndustryStatictics/PKRV1710202524128.csv,200,application/octet-stream,343,AVAILABLE,2026-09-29T18:26:10+00:00,
2025-10-20,PKRV2010202524132.csv,https://www.mufap.com.pk/Upload/WebDoc/IndustryStatictics/PKRV2010202524132.csv,200,application/octet-stream,338,AVAILABLE,2026-09-29T18:26:11+00:00,
2025-10-21,PKRV2110202524138.csv,https://www.mufap.com.pk/Upload/WebDoc/IndustryStatictics/PKRV2110202524138.csv,200,application/octet-stream,338,AVAILABLE,2026-09-29T18:26:11+00:00,
2025-10-22,PKRV2210202524142.csv,https://www.mufap.com.pk/Upload/WebDoc/IndustryStatictics/PKRV2210202524142.csv,200,application/octet-stream,336,AVAILABLE,2026-09-29T18:26:12+00:00,
2025-10-23,PKRV2310202524149.csv,https://www.mufap.com.pk/Upload/WebDoc/IndustryStatictics/PKRV2310202524149.csv,200,application/octet-stream,338,AVAILABLE,2026-09-29T18:26:13+00:00,
2025-10-24,PKRV2410202524154.csv,https://www.mufap.com.pk/Upload/WebDoc/IndustryStatictics/PKRV2410202524154.csv,200,application/octet-stream,327,AVAILABLE,2026-09-29T18:26:13+00:00,
2025-10-27,PKRV2710202524159.csv,https://www.mufap.com.pk/Upload/WebDoc/IndustryStatictics/PKRV2710202524159.csv,200,application/octet-stream,330,AVAILABLE,2026-09-29T18:26:14+00:00,
2025-10-28,PKRV2810202524164.csv,https://www.mufap.com.pk/Upload/WebDoc/IndustryStatictics/PKRV2810202524164.csv,200,application/octet-stream,328,AVAILABLE,2026-09-29T18:26:15+00:00,
2025-10-29,PKRV2910202524169.csv,https://www.mufap.com.pk/Upload/WebDoc/IndustryStatictics/PKRV2910202524169.csv,200,application/octet-stream,327,AVAILABLE,2026-09-29T18:26:15+00:00,
2025-10-30,PKRV3010202524174.csv,https://www.mufap.com.pk/Upload/WebDoc/IndustryStatictics/PKRV3010202524174.csv,200,application/octet-stream,330,AVAILABLE,2026-09-29T18:26:16+00:00,
2025-10-31,PKRV3110202524179.csv,https://www.mufap.com.pk/Upload/WebDoc/IndustryStatictics/PKRV3110202524179.csv,200,application/octet-stream,329,AVAILABLE,2026-09-29T18:26:17+00:00,
2025-11-03,PKRV0311202524183.csv,https://www.mufap.com.pk/Upload/WebDoc/IndustryStatictics/PKRV0311202524183.csv,200,application/octet-stream,327,AVAILABLE,2026-09-29T18:26:18+00:00,
2025-11-04,PKRV0411202524188.csv,https://www.mufap.com.pk/Upload/WebDoc/IndustryStatictics/PKRV0411202524188.csv,200,application/octet-stream,327,AVAILABLE,2026-09-29T18:26:18+00:00,
2025-11-05,PKRV0511202524195.csv,https://www.mufap.com.pk/Upload/WebDoc/IndustryStatictics/PKRV0511202524195.csv,200,application/octet-stream,327,AVAILABLE,2026-09-29T18:26:19+00:00,
2025-11-06,PKRV0611202524202.csv,https://www.mufap.com.pk/Upload/WebDoc/IndustryStatictics/PKRV0611202524202.csv,200,application/octet-stream,328,AVAILABLE,2026-09-29T18:26:20+00:00,
2025-11-07,PKRV0711202524205.csv,https://www.mufap.com.pk/Upload/WebDoc/IndustryStatictics/PKRV0711202524205.csv,200,application/octet-stream,328,AVAILABLE,2026-09-29T18:26:21+00:00,
2025-11-10,PKRV1011202524210.csv,https://www.mufap.com.pk/Upload/WebDoc/IndustryStatictics/PKRV1011202524210.csv,200,application/octet-stream,329,AVAILABLE,2026-09-29T18:26:22+00:00,
2025-11-11,PKRV1111202524215.csv,https://www.mufap.com.pk/Upload/WebDoc/IndustryStatictics/PKRV1111202524215.csv,200,application/octet-stream,328,AVAILABLE,2026-09-29T18:26:22+00:00,
2025-11-12,PKRV1211202524220.csv,https://www.mufap.com.pk/Upload/WebDoc/IndustryStatictics/PKRV1211202524220.csv,200,application/octet-stream,327,AVAILABLE,2026-09-29T18:26:23+00:00,
2025-11-13,PKRV1311202524226.csv,https://www.mufap.com.pk/Upload/WebDoc/IndustryStatictics/PKRV1311202524226.csv,200,application/octet-stream,343,AVAILABLE,2026-09-29T18:26:24+00:00,
2025-11-14,PKRV1411202524230.csv,https://www.mufap.com.pk/Upload/WebDoc/IndustryStatictics/PKRV1411202524230.csv,200,application/octet-stream,329,AVAILABLE,2026-09-29T18:26:25+00:00,
2025-11-17,PKRV1711202524235.csv,https://www.mufap.com.pk/Upload/WebDoc/IndustryStatictics/PKRV1711202524235.csv,200,application/octet-stream,330,AVAILABLE,2026-09-29T18:26:25+00:00,
2025-11-18,PKRV1811202524241.csv,https://www.mufap.com.pk/Upload/WebDoc/IndustryStatictics/PKRV1811202524241.csv,200,application/octet-stream,327,AVAILABLE,2026-09-29T18:26:26+00:00,
2025-11-19,PKRV1911202524242.csv,https://www.mufap.com.pk/Upload/WebDoc/IndustryStatictics/PKRV1911202524242.csv,200,application/octet-stream,329,AVAILABLE,2026-09-29T18:26:27+00:00,
2025-11-20,PKRV2011202524249.csv,https://www.mufap.com.pk/Upload/WebDoc/IndustryStatictics/PKRV2011202524249.csv,200,application/octet-stream,328,AVAILABLE,2026-09-29T18:26:27+00:00,
2025-11-21,PKRV2111202524253.csv,https://www.mufap.com.pk/Upload/WebDoc/IndustryStatictics/PKRV2111202524253.csv,200,application/octet-stream,329,AVAILABLE,2026-09-29T18:26:28+00:00,
2025-11-24,PKRV2411202524257.csv,https://www.mufap.com.pk/Upload/WebDoc/IndustryStatictics/PKRV2411202524257.csv,200,application/octet-stream,329,AVAILABLE,2026-09-29T18:26:29+00:00,
2025-11-25,PKRV2511202524261.csv,https://www.mufap.com.pk/Upload/WebDoc/IndustryStatictics/PKRV2511202524261.csv,200,application/octet-stream,326,AVAILABLE,2026-09-29T18:26:30+00:00,
2025-11-26,PKRV2611202524265.csv,https://www.mufap.com.pk/Upload/WebDoc/IndustryStatictics/PKRV2611202524265.csv,200,application/octet-stream,337,AVAILABLE,2026-09-29T18:26:30+00:00,
2025-11-27,PKRV2711202524269.csv,https://www.mufap.com.pk/Upload/WebDoc/IndustryStatictics/PKRV2711202524269.csv,200,application/octet-stream,407,AVAILABLE,2026-09-29T18:26:31+00:00,
2025-11-28,PKRV2811202524273.csv,https://www.mufap.com.pk/Upload/WebDoc/IndustryStatictics/PKRV2811202524273.csv,200,application/octet-stream,336,AVAILABLE,2026-09-29T18:26:32+00:00,
2025-12-01,PKRV0112202524279.csv,https://www.mufap.com.pk/Upload/WebDoc/IndustryStatictics/PKRV0112202524279.csv,200,application/octet-stream,331,AVAILABLE,2026-09-29T18:26:33+00:00,
2025-12-02,PKRV0212202524288.csv,https://www.mufap.com.pk/Upload/WebDoc/IndustryStatictics/PKRV0212202524288.csv,200,application/octet-stream,330,AVAILABLE,2026-09-29T18:26:34+00:00,
2025-12-03,PKRV0312202524293.csv,https://www.mufap.com.pk/Upload/WebDoc/IndustryStatictics/PKRV0312202524293.csv,200,application/octet-stream,329,AVAILABLE,2026-09-29T18:26:34+00:00,
2025-12-04,PKRV0412202524399.csv,https://www.mufap.com.pk/Upload/WebDoc/IndustryStatictics/PKRV0412202524399.csv,200,application/octet-stream,329,AVAILABLE,2026-09-29T18:26:35+00:00,
2025-12-05,PKRV0512202524406.csv,https://www.mufap.com.pk/Upload/WebDoc/IndustryStatictics/PKRV0512202524406.csv,200,application/octet-stream,330,AVAILABLE,2026-09-29T18:26:36+00:00,
2025-12-08,PKRV0812202524413.csv,https://www.mufap.com.pk/Upload/WebDoc/IndustryStatictics/PKRV0812202524413.csv,200,application/octet-stream,329,AVAILABLE,2026-09-29T18:26:37+00:00,
2025-12-09,PKRV0912202524418.csv,https://www.mufap.com.pk/Upload/WebDoc/IndustryStatictics/PKRV0912202524418.csv,200,application/octet-stream,335,AVAILABLE,2026-09-29T18:26:38+00:00,
2025-12-10,PKRV1012202524423.csv,https://www.mufap.com.pk/Upload/WebDoc/IndustryStatictics/PKRV1012202524423.csv,200,application/octet-stream,328,AVAILABLE,2026-09-29T18:26:38+00:00,
2025-12-11,PKRV1112202524428.csv,https://www.mufap.com.pk/Upload/WebDoc/IndustryStatictics/PKRV1112202524428.csv,200,application/octet-stream,340,AVAILABLE,2026-09-29T18:26:39+00:00,
2025-12-12,PKRV1212202524433.csv,https://www.mufap.com.pk/Upload/WebDoc/IndustryStatictics/PKRV1212202524433.csv,200,application/octet-stream,337,AVAILABLE,2026-09-29T18:26:40+00:00,
2025-12-15,PKRV1512202524437.csv,https://www.mufap.com.pk/Upload/WebDoc/IndustryStatictics/PKRV1512202524437.csv,200,application/octet-stream,344,AVAILABLE,2026-09-29T18:26:40+00:00,
2025-12-16,PKRV1612202524444.csv,https://www.mufap.com.pk/Upload/WebDoc/IndustryStatictics/PKRV1612202524444.csv,200,application/octet-stream,409,AVAILABLE,2026-09-29T18:26:41+00:00,
2025-12-17,PKRV1712202524451.csv,https://www.mufap.com.pk/Upload/WebDoc/IndustryStatictics/PKRV1712202524451.csv,200,application/octet-stream,346,AVAILABLE,2026-09-29T18:26:42+00:00,
2025-12-18,PKRV1812202524456.csv,https://www.mufap.com.pk/Upload/WebDoc/IndustryStatictics/PKRV1812202524456.csv,200,application/octet-stream,344,AVAILABLE,2026-09-29T18:26:43+00:00,
2025-12-19,PKRV1912202524461.csv,https://www.mufap.com.pk/Upload/WebDoc/IndustryStatictics/PKRV1912202524461.csv,200,application/octet-stream,337,AVAILABLE,2026-09-29T18:26:44+00:00,
2025-12-22,PKRV2212202524466.csv,https://www.mufap.com.pk/Upload/WebDoc/IndustryStatictics/PKRV2212202524466.csv,200,application/octet-stream,344,AVAILABLE,2026-09-29T18:26:45+00:00,
2025-12-23,PKRV2312202524471.csv,https://www.mufap.com.pk/Upload/WebDoc/IndustryStatictics/PKRV2312202524471.csv,200,application/octet-stream,344,AVAILABLE,2026-09-29T18:26:45+00:00,
2025-12-24,PKRV2412202524476.csv,https://www.mufap.com.pk/Upload/WebDoc/IndustryStatictics/PKRV2412202524476.csv,200,application/octet-stream,338,AVAILABLE,2026-09-29T18:26:46+00:00,
2025-12-26,PKRV2612202524481.csv,https://www.mufap.com.pk/Upload/WebDoc/IndustryStatictics/PKRV2612202524481.csv,200,application/octet-stream,340,AVAILABLE,2026-09-29T18:26:47+00:00,
2025-12-29,PKRV2912202524487.csv,https://www.mufap.com.pk/Upload/WebDoc/IndustryStatictics/PKRV2912202524487.csv,200,application/octet-stream,328,AVAILABLE,2026-09-29T18:26:48+00:00,
2025-12-30,PKRV3012202524492.csv,https://www.mufap.com.pk/Upload/WebDoc/IndustryStatictics/PKRV3012202524492.csv,200,application/octet-stream,343,AVAILABLE,2026-09-29T18:26:49+00:00,
2025-12-31,PKRV3112202524497.csv,https://www.mufap.com.pk/Upload/WebDoc/IndustryStatictics/PKRV3112202524497.csv,200,application/octet-stream,336,AVAILABLE,2026-09-29T18:26:49+00:00,
2026-01-02,PKRV0201202624508.csv,https://www.mufap.com.pk/Upload/WebDoc/IndustryStatictics/PKRV0201202624508.csv,200,application/octet-stream,345,AVAILABLE,2026-09-29T18:26:50+00:00,
2026-01-05,PKRV0501202624519.csv,https://www.mufap.com.pk/Upload/WebDoc/IndustryStatictics/PKRV0501202624519.csv,200,application/octet-stream,343,AVAILABLE,2026-09-29T18:26:51+00:00,
2026-01-06,PKRV0601202624523.csv,https://www.mufap.com.pk/Upload/WebDoc/IndustryStatictics/PKRV0601202624523.csv,200,application/octet-stream,343,AVAILABLE,2026-09-29T18:26:52+00:00,
2026-01-07,PKRV0701202624529.csv,https://www.mufap.com.pk/Upload/WebDoc/IndustryStatictics/PKRV0701202624529.csv,200,application/octet-stream,346,AVAILABLE,2026-09-29T18:26:52+00:00,
2026-01-08,PKRV0801202624534.csv,https://www.mufap.com.pk/Upload/WebDoc/IndustryStatictics/PKRV0801202624534.csv,200,application/octet-stream,339,AVAILABLE,2026-09-29T18:26:53+00:00,
2026-01-09,PKRV0901202624539.csv,https://www.mufap.com.pk/Upload/WebDoc/IndustryStatictics/PKRV0901202624539.csv,200,application/octet-stream,330,AVAILABLE,2026-09-29T18:26:54+00:00,
2026-01-12,PKRV1201202624544.csv,https://www.mufap.com.pk/Upload/WebDoc/IndustryStatictics/PKRV1201202624544.csv,200,application/octet-stream,335,AVAILABLE,2026-09-29T18:26:55+00:00,
2026-01-13,PKRV1301202624549.csv,https://www.mufap.com.pk/Upload/WebDoc/IndustryStatictics/PKRV1301202624549.csv,200,application/octet-stream,328,AVAILABLE,2026-09-29T18:26:56+00:00,
2026-01-14,PKRV1401202624554.csv,https://www.mufap.com.pk/Upload/WebDoc/IndustryStatictics/PKRV1401202624554.csv,200,application/octet-stream,339,AVAILABLE,2026-09-29T18:26:56+00:00,
2026-01-15,PKRV1501202624558.csv,https://www.mufap.com.pk/Upload/WebDoc/IndustryStatictics/PKRV1501202624558.csv,200,application/octet-stream,343,AVAILABLE,2026-09-29T18:26:57+00:00,
2026-01-16,PKRV1601202624564.csv,https://www.mufap.com.pk/Upload/WebDoc/IndustryStatictics/PKRV1601202624564.csv,200,application/octet-stream,345,AVAILABLE,2026-09-29T18:26:58+00:00,
2026-01-19,PKRV1901202624569.csv,https://www.mufap.com.pk/Upload/WebDoc/IndustryStatictics/PKRV1901202624569.csv,200,application/octet-stream,338,AVAILABLE,2026-09-29T18:26:58+00:00,
2026-01-20,PKRV2001202624574.csv,https://www.mufap.com.pk/Upload/WebDoc/IndustryStatictics/PKRV2001202624574.csv,200,application/octet-stream,332,AVAILABLE,2026-09-29T18:26:59+00:00,
2026-01-21,PKRV2101202624579.csv,https://www.mufap.com.pk/Upload/WebDoc/IndustryStatictics/PKRV2101202624579.csv,200,application/octet-stream,393,AVAILABLE,2026-09-29T18:27:00+00:00,
2026-01-22,PKRV2201202624590.csv,https://www.mufap.com.pk/Upload/WebDoc/IndustryStatictics/PKRV2201202624590.csv,200,application/octet-stream,333,AVAILABLE,2026-09-29T18:27:01+00:00,
2026-01-23,PKRV2301202624594.csv,https://www.mufap.com.pk/Upload/WebDoc/IndustryStatictics/PKRV2301202624594.csv,200,application/octet-stream,326,AVAILABLE,2026-09-29T18:27:01+00:00,
2026-01-26,PKRV2601202624599.csv,https://www.mufap.com.pk/Upload/WebDoc/IndustryStatictics/PKRV2601202624599.csv,200,application/octet-stream,320,AVAILABLE,2026-09-29T18:27:02+00:00,
2026-01-27,PKRV2701202624604.csv,https://www.mufap.com.pk/Upload/WebDoc/IndustryStatictics/PKRV2701202624604.csv,200,application/octet-stream,389,AVAILABLE,2026-09-29T18:27:03+00:00,
2026-01-28,PKRV2801202624609.csv,https://www.mufap.com.pk/Upload/WebDoc/IndustryStatictics/PKRV2801202624609.csv,200,application/octet-stream,330,AVAILABLE,2026-09-29T18:27:04+00:00,
2026-01-29,PKRV2901202624616.csv,https://www.mufap.com.pk/Upload/WebDoc/IndustryStatictics/PKRV2901202624616.csv,200,application/octet-stream,334,AVAILABLE,2026-09-29T18:27:05+00:00,
2026-01-30,PKRV3001202624619.csv,https://www.mufap.com.pk/Upload/WebDoc/IndustryStatictics/PKRV3001202624619.csv,200,application/octet-stream,328,AVAILABLE,2026-09-29T18:27:05+00:00,
2026-02-02,PKRV0202202624627.csv,https://www.mufap.com.pk/Upload/WebDoc/IndustryStatictics/PKRV0202202624627.csv,200,application/octet-stream,329,AVAILABLE,2026-09-29T18:27:06+00:00,
2026-02-03,PKRV0302202624634.csv,https://www.mufap.com.pk/Upload/WebDoc/IndustryStatictics/PKRV0302202624634.csv,200,application/octet-stream,339,AVAILABLE,2026-09-29T18:27:07+00:00,
2026-02-04,PKRV0402202624640.csv,https://www.mufap.com.pk/Upload/WebDoc/IndustryStatictics/PKRV0402202624640.csv,200,application/octet-stream,326,AVAILABLE,2026-09-29T18:27:08+00:00,
2026-02-06,PKRV0602202624647.csv,https://www.mufap.com.pk/Upload/WebDoc/IndustryStatictics/PKRV0602202624647.csv,200,application/octet-stream,334,AVAILABLE,2026-09-29T18:27:08+00:00,
2026-02-09,PKRV0902202624652.csv,https://www.mufap.com.pk/Upload/WebDoc/IndustryStatictics/PKRV0902202624652.csv,200,application/octet-stream,330,AVAILABLE,2026-09-29T18:27:09+00:00,
2026-02-10,PKRV1002202624657.csv,https://www.mufap.com.pk/Upload/WebDoc/IndustryStatictics/PKRV1002202624657.csv,200,application/octet-stream,326,AVAILABLE,2026-09-29T18:27:09+00:00,
2026-02-11,PKRV1102202624665.csv,https://www.mufap.com.pk/Upload/WebDoc/IndustryStatictics/PKRV1102202624665.csv,200,application/octet-stream,327,AVAILABLE,2026-09-29T18:27:10+00:00,
2026-02-12,PKRV1202202624670.csv,https://www.mufap.com.pk/Upload/WebDoc/IndustryStatictics/PKRV1202202624670.csv,200,application/octet-stream,326,AVAILABLE,2026-09-29T18:27:11+00:00,
2026-02-13,PKRV1302202624675.csv,https://www.mufap.com.pk/Upload/WebDoc/IndustryStatictics/PKRV1302202624675.csv,200,application/octet-stream,327,AVAILABLE,2026-09-29T18:27:12+00:00,
2026-02-16,PKRV1602202624681.csv,https://www.mufap.com.pk/Upload/WebDoc/IndustryStatictics/PKRV1602202624681.csv,200,application/octet-stream,326,AVAILABLE,2026-09-29T18:27:12+00:00,
2026-02-17,PKRV1702202624687.csv,https://www.mufap.com.pk/Upload/WebDoc/IndustryStatictics/PKRV1702202624687.csv,200,application/octet-stream,330,AVAILABLE,2026-09-29T18:27:13+00:00,
2026-02-18,PKRV1802202624692.csv,https://www.mufap.com.pk/Upload/WebDoc/IndustryStatictics/PKRV1802202624692.csv,200,application/octet-stream,335,AVAILABLE,2026-09-29T18:27:14+00:00,
2026-02-20,PKRV2002202624700.csv,https://www.mufap.com.pk/Upload/WebDoc/IndustryStatictics/PKRV2002202624700.csv,200,application/octet-stream,327,AVAILABLE,2026-09-29T18:27:15+00:00,
2026-02-23,PKRV2302202624705.csv,https://www.mufap.com.pk/Upload/WebDoc/IndustryStatictics/PKRV2302202624705.csv,200,application/octet-stream,327,AVAILABLE,2026-09-29T18:27:15+00:00,
2026-02-24,PKRV2402202624710.csv,https://www.mufap.com.pk/Upload/WebDoc/IndustryStatictics/PKRV2402202624710.csv,200,application/octet-stream,327,AVAILABLE,2026-09-29T18:27:16+00:00,
2026-02-25,PKRV2502202624715.csv,https://www.mufap.com.pk/Upload/WebDoc/IndustryStatictics/PKRV2502202624715.csv,200,application/octet-stream,330,AVAILABLE,2026-09-29T18:27:17+00:00,
2026-02-26,PKRV2602202624720.csv,https://www.mufap.com.pk/Upload/WebDoc/IndustryStatictics/PKRV2602202624720.csv,200,application/octet-stream,331,AVAILABLE,2026-09-29T18:27:18+00:00,
2026-02-27,PKRV2702202624728.csv,https://www.mufap.com.pk/Upload/WebDoc/IndustryStatictics/PKRV2702202624728.csv,200,application/octet-stream,328,AVAILABLE,2026-09-29T18:27:19+00:00,
2026-03-02,PKRV0203202624733.csv,https://www.mufap.com.pk/Upload/WebDoc/IndustryStatictics/PKRV0203202624733.csv,200,application/octet-stream,326,AVAILABLE,2026-09-29T18:27:19+00:00,
2026-03-03,PKRV0303202624739.csv,https://www.mufap.com.pk/Upload/WebDoc/IndustryStatictics/PKRV0303202624739.csv,200,application/octet-stream,341,AVAILABLE,2026-09-29T18:27:20+00:00,
2026-03-04,PKRV0403202624744.csv,https://www.mufap.com.pk/Upload/WebDoc/IndustryStatictics/PKRV0403202624744.csv,200,application/octet-stream,326,AVAILABLE,2026-09-29T18:27:21+00:00,
2026-03-05,PKRV0503202624750.csv,https://www.mufap.com.pk/Upload/WebDoc/IndustryStatictics/PKRV0503202624750.csv,200,application/octet-stream,327,AVAILABLE,2026-09-29T18:27:22+00:00,
2026-03-06,PKRV0603202624754.csv,https://www.mufap.com.pk/Upload/WebDoc/IndustryStatictics/PKRV0603202624754.csv,200,application/octet-stream,326,AVAILABLE,2026-09-29T18:27:23+00:00,
2026-03-09,PKRV0903202624758.csv,https://www.mufap.com.pk/Upload/WebDoc/IndustryStatictics/PKRV0903202624758.csv,200,application/octet-stream,326,AVAILABLE,2026-09-29T18:27:23+00:00,
2026-03-10,PKRV1003202624762.csv,https://www.mufap.com.pk/Upload/WebDoc/IndustryStatictics/PKRV1003202624762.csv,200,application/octet-stream,346,AVAILABLE,2026-09-29T18:27:24+00:00,
2026-03-11,PKRV1103202624766.csv,https://www.mufap.com.pk/Upload/WebDoc/IndustryStatictics/PKRV1103202624766.csv,200,application/octet-stream,341,AVAILABLE,2026-09-29T18:27:25+00:00,
2026-03-12,PKRV1203202624770.csv,https://www.mufap.com.pk/Upload/WebDoc/IndustryStatictics/PKRV1203202624770.csv,200,application/octet-stream,328,AVAILABLE,2026-09-29T18:27:26+00:00,
2026-03-13,PKRV1303202624775.csv,https://www.mufap.com.pk/Upload/WebDoc/IndustryStatictics/PKRV1303202624775.csv,200,application/octet-stream,328,AVAILABLE,2026-09-29T18:27:26+00:00,
2026-03-16,PKRV1603202624780.csv,https://www.mufap.com.pk/Upload/WebDoc/IndustryStatictics/PKRV1603202624780.csv,200,application/octet-stream,327,AVAILABLE,2026-09-29T18:27:27+00:00,
2026-03-17,PKRV1703202624785.csv,https://www.mufap.com.pk/Upload/WebDoc/IndustryStatictics/PKRV1703202624785.csv,200,application/octet-stream,327,AVAILABLE,2026-09-29T18:27:28+00:00,
2026-03-18,PKRV1803202624793.xls,https://www.mufap.com.pk/Upload/WebDoc/IndustryStatictics/PKRV1803202624793.xls,200,application/vnd.ms-excel,7588,AVAILABLE,2026-09-29T18:27:29+00:00,
2026-03-19,PKRV1903202624797.csv,https://www.mufap.com.pk/Upload/WebDoc/IndustryStatictics/PKRV1903202624797.csv,200,application/octet-stream,328,AVAILABLE,2026-09-29T18:27:30+00:00,
2026-03-24,PKRV2403202624802.csv,https://www.mufap.com.pk/Upload/WebDoc/IndustryStatictics/PKRV2403202624802.csv,200,application/octet-stream,335,AVAILABLE,2026-09-29T18:27:30+00:00,
2026-03-25,PKRV2503202624809.csv,https://www.mufap.com.pk/Upload/WebDoc/IndustryStatictics/PKRV2503202624809.csv,200,application/octet-stream,335,AVAILABLE,2026-09-29T18:27:31+00:00,
2026-03-26,PKRV2603202624816.csv,https://www.mufap.com.pk/Upload/WebDoc/IndustryStatictics/PKRV2603202624816.csv,200,application/octet-stream,326,AVAILABLE,2026-09-29T18:27:32+00:00,
2026-03-27,PKRV2703202624821.csv,https://www.mufap.com.pk/Upload/WebDoc/IndustryStatictics/PKRV2703202624821.csv,200,application/octet-stream,328,AVAILABLE,2026-09-29T18:27:32+00:00,
2026-03-30,PKRV3003202624826.csv,https://www.mufap.com.pk/Upload/WebDoc/IndustryStatictics/PKRV3003202624826.csv,200,application/octet-stream,326,AVAILABLE,2026-09-29T18:27:33+00:00,
2026-03-31,PKRV3103202624831.csv,https://www.mufap.com.pk/Upload/WebDoc/IndustryStatictics/PKRV3103202624831.csv,200,application/octet-stream,332,AVAILABLE,2026-09-29T18:27:34+00:00,
2026-04-01,PKRV0104202624836.csv,https://www.mufap.com.pk/Upload/WebDoc/IndustryStatictics/PKRV0104202624836.csv,200,application/octet-stream,345,AVAILABLE,2026-09-29T18:27:35+00:00,
2026-04-02,PKRV0204202624839.csv,https://www.mufap.com.pk/Upload/WebDoc/IndustryStatictics/PKRV0204202624839.csv,200,application/octet-stream,334,AVAILABLE,2026-09-29T18:27:36+00:00,
2026-04-03,PKRV0304202624852.csv,https://www.mufap.com.pk/Upload/WebDoc/IndustryStatictics/PKRV0304202624852.csv,200,application/octet-stream,329,AVAILABLE,2026-09-29T18:27:36+00:00,
2026-04-06,PKRV0604202624856.csv,https://www.mufap.com.pk/Upload/WebDoc/IndustryStatictics/PKRV0604202624856.csv,200,application/octet-stream,326,AVAILABLE,2026-09-29T18:27:37+00:00,
2026-04-07,PKRV0704202624859.csv,https://www.mufap.com.pk/Upload/WebDoc/IndustryStatictics/PKRV0704202624859.csv,200,application/octet-stream,342,AVAILABLE,2026-09-29T18:27:38+00:00,
2026-04-08,PKRV0804202624869.csv,https://www.mufap.com.pk/Upload/WebDoc/IndustryStatictics/PKRV0804202624869.csv,200,application/octet-stream,346,AVAILABLE,2026-09-29T18:27:38+00:00,
2026-04-09,PKRV0904202624870.csv,https://www.mufap.com.pk/Upload/WebDoc/IndustryStatictics/PKRV0904202624870.csv,200,application/octet-stream,331,AVAILABLE,2026-09-29T18:27:39+00:00,
2026-04-10,PKRV1004202624875.csv,https://www.mufap.com.pk/Upload/WebDoc/IndustryStatictics/PKRV1004202624875.csv,200,application/octet-stream,345,AVAILABLE,2026-09-29T18:27:40+00:00,
2026-04-13,PKRV1304202624880.csv,https://www.mufap.com.pk/Upload/WebDoc/IndustryStatictics/PKRV1304202624880.csv,200,application/octet-stream,326,AVAILABLE,2026-09-29T18:27:40+00:00,
2026-04-14,PKRV1404202624886.csv,https://www.mufap.com.pk/Upload/WebDoc/IndustryStatictics/PKRV1404202624886.csv,200,application/octet-stream,343,AVAILABLE,2026-09-29T18:27:41+00:00,
2026-04-15,PKRV1504202624891.csv,https://www.mufap.com.pk/Upload/WebDoc/IndustryStatictics/PKRV1504202624891.csv,200,application/octet-stream,346,AVAILABLE,2026-09-29T18:27:42+00:00,
2026-04-16,PKRV1604202624902.csv,https://www.mufap.com.pk/Upload/WebDoc/IndustryStatictics/PKRV1604202624902.csv,200,application/octet-stream,340,AVAILABLE,2026-09-29T18:27:43+00:00,
2026-04-17,PKRV1704202624919.csv,https://www.mufap.com.pk/Upload/WebDoc/IndustryStatictics/PKRV1704202624919.csv,200,application/octet-stream,331,AVAILABLE,2026-09-29T18:27:43+00:00,
2026-04-20,PKRV2004202624925.csv,https://www.mufap.com.pk/Upload/WebDoc/IndustryStatictics/PKRV2004202624925.csv,200,application/octet-stream,331,AVAILABLE,2026-09-29T18:27:44+00:00,
2026-04-21,PKRV2104202624930.csv,https://www.mufap.com.pk/Upload/WebDoc/IndustryStatictics/PKRV2104202624930.csv,200,application/octet-stream,343,AVAILABLE,2026-09-29T18:27:45+00:00,
2026-04-22,PKRV2204202624935.csv,https://www.mufap.com.pk/Upload/WebDoc/IndustryStatictics/PKRV2204202624935.csv,200,application/octet-stream,329,AVAILABLE,2026-09-29T18:27:46+00:00,
2026-04-23,PKRV2304202624941.csv,https://www.mufap.com.pk/Upload/WebDoc/IndustryStatictics/PKRV2304202624941.csv,200,application/octet-stream,328,AVAILABLE,2026-09-29T18:27:47+00:00,
2026-04-24,PKRV2404202624946.csv,https://www.mufap.com.pk/Upload/WebDoc/IndustryStatictics/PKRV2404202624946.csv,200,application/octet-stream,326,AVAILABLE,2026-09-29T18:27:47+00:00,
2026-04-27,PKRV2704202624951.csv,https://www.mufap.com.pk/Upload/WebDoc/IndustryStatictics/PKRV2704202624951.csv,200,application/octet-stream,326,AVAILABLE,2026-09-29T18:27:48+00:00,
2026-04-28,PKRV2804202624958.csv,https://www.mufap.com.pk/Upload/WebDoc/IndustryStatictics/PKRV2804202624958.csv,200,application/octet-stream,326,AVAILABLE,2026-09-29T18:27:49+00:00,
2026-04-29,PKRV2904202624964.csv,https://www.mufap.com.pk/Upload/WebDoc/IndustryStatictics/PKRV2904202624964.csv,200,application/octet-stream,343,AVAILABLE,2026-09-29T18:27:50+00:00,
2026-04-30,PKRV3004202624969.csv,https://www.mufap.com.pk/Upload/WebDoc/IndustryStatictics/PKRV3004202624969.csv,200,application/octet-stream,327,AVAILABLE,2026-09-29T18:27:51+00:00,
2026-05-04,PKRV0405202624975.csv,https://www.mufap.com.pk/Upload/WebDoc/IndustryStatictics/PKRV0405202624975.csv,200,application/octet-stream,334,AVAILABLE,2026-09-29T18:27:51+00:00,
2026-05-05,PKRV0505202624979.csv,https://www.mufap.com.pk/Upload/WebDoc/IndustryStatictics/PKRV0505202624979.csv,200,application/octet-stream,338,AVAILABLE,2026-09-29T18:27:52+00:00,
2026-05-06,PKRV0605202624987.csv,https://www.mufap.com.pk/Upload/WebDoc/IndustryStatictics/PKRV0605202624987.csv,200,application/octet-stream,341,AVAILABLE,2026-09-29T18:27:53+00:00,
2026-05-07,PKRV0705202624991.csv,https://www.mufap.com.pk/Upload/WebDoc/IndustryStatictics/PKRV0705202624991.csv,200,application/octet-stream,342,AVAILABLE,2026-09-29T18:27:54+00:00,
2026-05-08,PKRV0805202624996.csv,https://www.mufap.com.pk/Upload/WebDoc/IndustryStatictics/PKRV0805202624996.csv,200,application/octet-stream,329,AVAILABLE,2026-09-29T18:27:54+00:00,
2026-05-11,PKRV1105202625002.csv,https://www.mufap.com.pk/Upload/WebDoc/IndustryStatictics/PKRV1105202625002.csv,200,application/octet-stream,326,AVAILABLE,2026-09-29T18:27:55+00:00,
2026-05-12,PKRV1205202625007.csv,https://www.mufap.com.pk/Upload/WebDoc/IndustryStatictics/PKRV1205202625007.csv,200,application/octet-stream,326,AVAILABLE,2026-09-29T18:27:56+00:00,
2026-05-13,PKRV1305202625014.csv,https://www.mufap.com.pk/Upload/WebDoc/IndustryStatictics/PKRV1305202625014.csv,200,application/octet-stream,326,AVAILABLE,2026-09-29T18:27:57+00:00,
2026-05-14,PKRV1405202625020.csv,https://www.mufap.com.pk/Upload/WebDoc/IndustryStatictics/PKRV1405202625020.csv,200,application/octet-stream,328,AVAILABLE,2026-09-29T18:27:58+00:00,
2026-05-15,PKRV1505202625026.csv,https://www.mufap.com.pk/Upload/WebDoc/IndustryStatictics/PKRV1505202625026.csv,200,application/octet-stream,326,AVAILABLE,2026-09-29T18:27:58+00:00,
2026-05-18,PKRV1805202625030.csv,https://www.mufap.com.pk/Upload/WebDoc/IndustryStatictics/PKRV1805202625030.csv,200,application/octet-stream,327,AVAILABLE,2026-09-29T18:27:59+00:00,
2026-05-19,PKRV1905202625036.csv,https://www.mufap.com.pk/Upload/WebDoc/IndustryStatictics/PKRV1905202625036.csv,200,application/octet-stream,335,AVAILABLE,2026-09-29T18:28:00+00:00,
2026-05-20,PKRV2005202625041.csv,https://www.mufap.com.pk/Upload/WebDoc/IndustryStatictics/PKRV2005202625041.csv,200,application/octet-stream,328,AVAILABLE,2026-09-29T18:28:01+00:00,
2026-05-21,PKRV2105202625045.csv,https://www.mufap.com.pk/Upload/WebDoc/IndustryStatictics/PKRV2105202625045.csv,200,application/octet-stream,339,AVAILABLE,2026-09-29T18:28:02+00:00,
2026-05-22,PKRV2205202625052.csv,https://www.mufap.com.pk/Upload/WebDoc/IndustryStatictics/PKRV2205202625052.csv,200,application/octet-stream,330,AVAILABLE,2026-09-29T18:28:02+00:00,
2026-05-25,PKRV2505202625057.csv,https://www.mufap.com.pk/Upload/WebDoc/IndustryStatictics/PKRV2505202625057.csv,200,application/octet-stream,344,AVAILABLE,2026-09-29T18:28:03+00:00,
2026-05-29,PKRV2905202625062.csv,https://www.mufap.com.pk/Upload/WebDoc/IndustryStatictics/PKRV2905202625062.csv,200,application/octet-stream,346,AVAILABLE,2026-09-29T18:28:04+00:00,
2026-06-01,PKRV0106202625069.csv,https://www.mufap.com.pk/Upload/WebDoc/IndustryStatictics/PKRV0106202625069.csv,200,application/octet-stream,331,AVAILABLE,2026-09-29T18:28:05+00:00,
2026-06-02,PKRV0206202625075.csv,https://www.mufap.com.pk/Upload/WebDoc/IndustryStatictics/PKRV0206202625075.csv,200,application/octet-stream,329,AVAILABLE,2026-09-29T18:28:05+00:00,
2026-06-03,PKRV0306202625080.csv,https://www.mufap.com.pk/Upload/WebDoc/IndustryStatictics/PKRV0306202625080.csv,200,application/octet-stream,327,AVAILABLE,2026-09-29T18:28:06+00:00,
2026-06-04,PKRV0406202625088.csv,https://www.mufap.com.pk/Upload/WebDoc/IndustryStatictics/PKRV0406202625088.csv,200,application/octet-stream,333,AVAILABLE,2026-09-29T18:28:07+00:00,
2026-06-05,PKRV0506202625093.csv,https://www.mufap.com.pk/Upload/WebDoc/IndustryStatictics/PKRV0506202625093.csv,200,application/octet-stream,338,AVAILABLE,2026-09-29T18:28:07+00:00,
2026-06-08,PKRV0806202625098.csv,https://www.mufap.com.pk/Upload/WebDoc/IndustryStatictics/PKRV0806202625098.csv,200,application/octet-stream,331,AVAILABLE,2026-09-29T18:28:08+00:00,
2026-06-09,PKRV0906202625103.csv,https://www.mufap.com.pk/Upload/WebDoc/IndustryStatictics/PKRV0906202625103.csv,200,application/octet-stream,494,AVAILABLE,2026-09-29T18:28:09+00:00,
2026-06-10,PKRV1006202625108.csv,https://www.mufap.com.pk/Upload/WebDoc/IndustryStatictics/PKRV1006202625108.csv,200,application/octet-stream,334,AVAILABLE,2026-09-29T18:28:10+00:00,
2026-06-11,PKRV1106202625113.csv,https://www.mufap.com.pk/Upload/WebDoc/IndustryStatictics/PKRV1106202625113.csv,200,application/octet-stream,332,AVAILABLE,2026-09-29T18:28:10+00:00,
2026-06-12,PKRV1206202625118.csv,https://www.mufap.com.pk/Upload/WebDoc/IndustryStatictics/PKRV1206202625118.csv,200,application/octet-stream,348,AVAILABLE,2026-09-29T18:28:11+00:00,
2026-06-15,PKRV1506202625124.csv,https://www.mufap.com.pk/Upload/WebDoc/IndustryStatictics/PKRV1506202625124.csv,200,application/octet-stream,350,AVAILABLE,2026-09-29T18:28:12+00:00,
2026-06-16,PKRV1606202625129.csv,https://www.mufap.com.pk/Upload/WebDoc/IndustryStatictics/PKRV1606202625129.csv,200,application/octet-stream,348,AVAILABLE,2026-09-29T18:28:13+00:00,
2026-06-17,PKRV1706202625134.csv,https://www.mufap.com.pk/Upload/WebDoc/IndustryStatictics/PKRV1706202625134.csv,200,application/octet-stream,349,AVAILABLE,2026-09-29T18:28:14+00:00,
2026-06-18,PKRV1806202625139.csv,https://www.mufap.com.pk/Upload/WebDoc/IndustryStatictics/PKRV1806202625139.csv,200,application/octet-stream,346,AVAILABLE,2026-09-29T18:28:14+00:00,
2026-06-19,PKRV1906202625147.csv,https://www.mufap.com.pk/Upload/WebDoc/IndustryStatictics/PKRV1906202625147.csv,200,application/octet-stream,331,AVAILABLE,2026-09-29T18:28:15+00:00,
2026-06-22,PKRV2206202625151.csv,https://www.mufap.com.pk/Upload/WebDoc/IndustryStatictics/PKRV2206202625151.csv,200,application/octet-stream,335,AVAILABLE,2026-09-29T18:28:16+00:00,
2026-06-23,PKRV2306202625156.csv,https://www.mufap.com.pk/Upload/WebDoc/IndustryStatictics/PKRV2306202625156.csv,200,application/octet-stream,347,AVAILABLE,2026-09-29T18:28:17+00:00,
2026-06-24,PKRV2406202625161.csv,https://www.mufap.com.pk/Upload/WebDoc/IndustryStatictics/PKRV2406202625161.csv,200,application/octet-stream,349,AVAILABLE,2026-09-29T18:28:17+00:00,
2026-06-29,PKRV2906202625166.csv,https://www.mufap.com.pk/Upload/WebDoc/IndustryStatictics/PKRV2906202625166.csv,200,application/octet-stream,342,AVAILABLE,2026-09-29T18:28:18+00:00,
2026-06-30,PKRV3006202625172.csv,https://www.mufap.com.pk/Upload/WebDoc/IndustryStatictics/PKRV3006202625172.csv,200,application/octet-stream,334,AVAILABLE,2026-09-29T18:28:19+00:00,
2026-07-02,PKRV0207202625180.csv,https://www.mufap.com.pk/Upload/WebDoc/IndustryStatictics/PKRV0207202625180.csv,200,application/octet-stream,349,AVAILABLE,2026-09-29T18:28:20+00:00,
2026-07-03,PKRV0307202625188.csv,https://www.mufap.com.pk/Upload/WebDoc/IndustryStatictics/PKRV0307202625188.csv,200,application/octet-stream,349,AVAILABLE,2026-09-29T18:28:21+00:00,
2026-07-06,PKRV0607202625192.csv,https://www.mufap.com.pk/Upload/WebDoc/IndustryStatictics/PKRV0607202625192.csv,200,application/octet-stream,344,AVAILABLE,2026-09-29T18:28:21+00:00,
2026-07-07,PKRV0707202625196.csv,https://www.mufap.com.pk/Upload/WebDoc/IndustryStatictics/PKRV0707202625196.csv,200,application/octet-stream,332,AVAILABLE,2026-09-29T18:28:22+00:00,
2026-07-08,PKRV0807202625200.csv,https://www.mufap.com.pk/Upload/WebDoc/IndustryStatictics/PKRV0807202625200.csv,200,application/octet-stream,331,AVAILABLE,2026-09-29T18:28:23+00:00,
2026-07-09,PKRV0907202625205.csv,https://www.mufap.com.pk/Upload/WebDoc/IndustryStatictics/PKRV0907202625205.csv,200,application/octet-stream,348,AVAILABLE,2026-09-29T18:28:24+00:00,
2026-07-10,PKRV1007202625209.csv,https://www.mufap.com.pk/Upload/WebDoc/IndustryStatictics/PKRV1007202625209.csv,200,application/octet-stream,328,AVAILABLE,2026-09-29T18:28:25+00:00,
2026-07-13,PKRV1307202625213.csv,https://www.mufap.com.pk/Upload/WebDoc/IndustryStatictics/PKRV1307202625213.csv,200,application/octet-stream,326,AVAILABLE,2026-09-29T18:28:26+00:00,
2026-07-14,PKRV1407202625217.csv,https://www.mufap.com.pk/Upload/WebDoc/IndustryStatictics/PKRV1407202625217.csv,200,application/octet-stream,326,AVAILABLE,2026-09-29T18:28:26+00:00,
2026-07-15,PKRV1507202625225.csv,https://www.mufap.com.pk/Upload/WebDoc/IndustryStatictics/PKRV1507202625225.csv,200,application/octet-stream,338,AVAILABLE,2026-09-29T18:28:27+00:00,
2026-07-16,PKRV1607202625228.csv,https://www.mufap.com.pk/Upload/WebDoc/IndustryStatictics/PKRV1607202625228.csv,200,application/octet-stream,341,AVAILABLE,2026-09-29T18:28:28+00:00,
2026-07-17,PKRV1707202625232.csv,https://www.mufap.com.pk/Upload/WebDoc/IndustryStatictics/PKRV1707202625232.csv,200,application/octet-stream,327,AVAILABLE,2026-09-29T18:28:29+00:00,
2026-07-20,PKRV2007202625236.csv,https://www.mufap.com.pk/Upload/WebDoc/IndustryStatictics/PKRV2007202625236.csv,200,application/octet-stream,329,AVAILABLE,2026-09-29T18:28:29+00:00,
2026-07-21,PKRV2107202625240.csv,https://www.mufap.com.pk/Upload/WebDoc/IndustryStatictics/PKRV2107202625240.csv,200,application/octet-stream,330,AVAILABLE,2026-09-29T18:28:30+00:00,
2026-07-22,PKRV2207202625244.csv,https://www.mufap.com.pk/Upload/WebDoc/IndustryStatictics/PKRV2207202625244.csv,200,application/octet-stream,326,AVAILABLE,2026-09-29T18:28:31+00:00,
2026-07-23,PKRV2307202625249.csv,https://www.mufap.com.pk/Upload/WebDoc/IndustryStatictics/PKRV2307202625249.csv,200,application/octet-stream,330,AVAILABLE,2026-09-29T18:28:32+00:00,
2026-07-24,PKRV2407202625253.csv,https://www.mufap.com.pk/Upload/WebDoc/IndustryStatictics/PKRV2407202625253.csv,200,application/octet-stream,328,AVAILABLE,2026-09-29T18:28:33+00:00,
2026-07-27,PKRV2707202625257.csv,https://www.mufap.com.pk/Upload/WebDoc/IndustryStatictics/PKRV2707202625257.csv,200,application/octet-stream,345,AVAILABLE,2026-09-29T18:28:34+00:00,
2026-07-28,PKRV2807202625262.csv,https://www.mufap.com.pk/Upload/WebDoc/IndustryStatictics/PKRV2807202625262.csv,200,application/octet-stream,331,AVAILABLE,2026-09-29T18:28:35+00:00,
2026-07-29,PKRV2907202625270.csv,https://www.mufap.com.pk/Upload/WebDoc/IndustryStatictics/PKRV2907202625270.csv,200,application/octet-stream,327,AVAILABLE,2026-09-29T18:28:36+00:00,
2026-07-30,PKRV3007202625274.csv,https://www.mufap.com.pk/Upload/WebDoc/IndustryStatictics/PKRV3007202625274.csv,200,application/octet-stream,330,AVAILABLE,2026-09-29T18:28:36+00:00,
2026-07-31,PKRV3107202625280.csv,https://www.mufap.com.pk/Upload/WebDoc/IndustryStatictics/PKRV3107202625280.csv,200,application/octet-stream,341,AVAILABLE,2026-09-29T18:28:37+00:00,
2026-08-03,PKRV0308202625284.csv,https://www.mufap.com.pk/Upload/WebDoc/IndustryStatictics/PKRV0308202625284.csv,200,application/octet-stream,326,AVAILABLE,2026-09-29T18:28:38+00:00,
2026-08-04,PKRV0408202625288.csv,https://www.mufap.com.pk/Upload/WebDoc/IndustryStatictics/PKRV0408202625288.csv,200,application/octet-stream,326,AVAILABLE,2026-09-29T18:28:39+00:00,
2026-08-05,PKRV0508202625296.csv,https://www.mufap.com.pk/Upload/WebDoc/IndustryStatictics/PKRV0508202625296.csv,200,application/octet-stream,338,AVAILABLE,2026-09-29T18:28:39+00:00,
2026-08-06,PKRV0608202625300.csv,https://www.mufap.com.pk/Upload/WebDoc/IndustryStatictics/PKRV0608202625300.csv,200,application/octet-stream,334,AVAILABLE,2026-09-29T18:28:40+00:00,
2026-08-07,PKRV0708202625309.csv,https://www.mufap.com.pk/Upload/WebDoc/IndustryStatictics/PKRV0708202625309.csv,200,application/octet-stream,331,AVAILABLE,2026-09-29T18:28:41+00:00,
2026-08-10,PKRV1008202625313.csv,https://www.mufap.com.pk/Upload/WebDoc/IndustryStatictics/PKRV1008202625313.csv,200,application/octet-stream,331,AVAILABLE,2026-09-29T18:28:42+00:00,
2026-08-11,PKRV1108202625317.csv,https://www.mufap.com.pk/Upload/WebDoc/IndustryStatictics/PKRV1108202625317.csv,200,application/octet-stream,326,AVAILABLE,2026-09-29T18:28:42+00:00,
2026-08-12,PKRV1208202625322.csv,https://www.mufap.com.pk/Upload/WebDoc/IndustryStatictics/PKRV1208202625322.csv,200,application/octet-stream,335,AVAILABLE,2026-09-29T18:28:43+00:00,
2026-08-13,PKRV1308202625328.csv,https://www.mufap.com.pk/Upload/WebDoc/IndustryStatictics/PKRV1308202625328.csv,200,application/octet-stream,332,AVAILABLE,2026-09-29T18:28:44+00:00,
2026-08-17,PKRV1708202625333.csv,https://www.mufap.com.pk/Upload/WebDoc/IndustryStatictics/PKRV1708202625333.csv,200,application/octet-stream,327,AVAILABLE,2026-09-29T18:28:45+00:00,
2026-08-18,PKRV1808202625338.csv,https://www.mufap.com.pk/Upload/WebDoc/IndustryStatictics/PKRV1808202625338.csv,200,application/octet-stream,326,AVAILABLE,2026-09-29T18:28:46+00:00,
2026-08-19,PKRV1908202625343.csv,https://www.mufap.com.pk/Upload/WebDoc/IndustryStatictics/PKRV1908202625343.csv,200,application/octet-stream,328,AVAILABLE,2026-09-29T18:28:46+00:00,
2026-08-20,PKRV2008202625349.csv,https://www.mufap.com.pk/Upload/WebDoc/IndustryStatictics/PKRV2008202625349.csv,200,application/octet-stream,333,AVAILABLE,2026-09-29T18:28:47+00:00,
2026-08-21,PKRV2108202625356.csv,https://www.mufap.com.pk/Upload/WebDoc/IndustryStatictics/PKRV2108202625356.csv,200,application/octet-stream,330,AVAILABLE,2026-09-29T18:28:48+00:00,
2026-08-24,PKRV2408202625361.csv,https://www.mufap.com.pk/Upload/WebDoc/IndustryStatictics/PKRV2408202625361.csv,200,application/octet-stream,336,AVAILABLE,2026-09-29T18:28:49+00:00,
2026-08-25,PKRV2508202625366.csv,https://www.mufap.com.pk/Upload/WebDoc/IndustryStatictics/PKRV2508202625366.csv,200,application/octet-stream,343,AVAILABLE,2026-09-29T18:28:50+00:00,
2026-08-27,PKRV2708202625371.csv,https://www.mufap.com.pk/Upload/WebDoc/IndustryStatictics/PKRV2708202625371.csv,200,application/octet-stream,338,AVAILABLE,2026-09-29T18:28:50+00:00,
2026-08-28,PKRV2808202625379.csv,https://www.mufap.com.pk/Upload/WebDoc/IndustryStatictics/PKRV2808202625379.csv,200,application/octet-stream,329,AVAILABLE,2026-09-29T18:28:51+00:00,
2026-08-31,PKRV3108202625386.csv,https://www.mufap.com.pk/Upload/WebDoc/IndustryStatictics/PKRV3108202625386.csv,200,application/octet-stream,327,AVAILABLE,2026-09-29T18:28:52+00:00,
2026-09-01,PKRV0109202625388.csv,https://www.mufap.com.pk/Upload/WebDoc/IndustryStatictics/PKRV0109202625388.csv,200,application/octet-stream,329,AVAILABLE,2026-09-29T18:28:52+00:00,
2026-09-02,PKRV0209202625398.csv,https://www.mufap.com.pk/Upload/WebDoc/IndustryStatictics/PKRV0209202625398.csv,200,application/octet-stream,330,AVAILABLE,2026-09-29T18:28:53+00:00,
2026-09-03,PKRV0309202625402.csv,https://www.mufap.com.pk/Upload/WebDoc/IndustryStatictics/PKRV0309202625402.csv,200,application/octet-stream,333,AVAILABLE,2026-09-29T18:28:53+00:00,
2026-09-04,PKRV0409202625409.csv,https://www.mufap.com.pk/Upload/WebDoc/IndustryStatictics/PKRV0409202625409.csv,200,application/octet-stream,333,AVAILABLE,2026-09-29T18:28:54+00:00,
2026-09-07,PKRV0709202625411.csv,https://www.mufap.com.pk/Upload/WebDoc/IndustryStatictics/PKRV0709202625411.csv,200,application/octet-stream,334,AVAILABLE,2026-09-29T18:28:55+00:00,
2026-09-08,PKRV0809202625416.csv,https://www.mufap.com.pk/Upload/WebDoc/IndustryStatictics/PKRV0809202625416.csv,200,application/octet-stream,328,AVAILABLE,2026-09-29T18:28:56+00:00,
2026-09-09,PKRV0909202625421.csv,https://www.mufap.com.pk/Upload/WebDoc/IndustryStatictics/PKRV0909202625421.csv,200,application/octet-stream,326,AVAILABLE,2026-09-29T18:28:57+00:00,
2026-09-10,PKRV1009202625424.csv,https://www.mufap.com.pk/Upload/WebDoc/IndustryStatictics/PKRV1009202625424.csv,200,application/octet-stream,326,AVAILABLE,2026-09-29T18:28:58+00:00,
2026-09-11,PKRV1109202625429.csv,https://www.mufap.com.pk/Upload/WebDoc/IndustryStatictics/PKRV1109202625429.csv,200,application/octet-stream,326,AVAILABLE,2026-09-29T18:28:59+00:00,
2026-09-14,PKRV1409202625435.csv,https://www.mufap.com.pk/Upload/WebDoc/IndustryStatictics/PKRV1409202625435.csv,200,application/octet-stream,330,AVAILABLE,2026-09-29T18:28:59+00:00,
2026-09-15,PKRV1509202625439.csv,https://www.mufap.com.pk/Upload/WebDoc/IndustryStatictics/PKRV1509202625439.csv,200,application/octet-stream,340,AVAILABLE,2026-09-29T18:29:00+00:00,
2026-09-16,PKRV1609202625443.csv,https://www.mufap.com.pk/Upload/WebDoc/IndustryStatictics/PKRV1609202625443.csv,200,application/octet-stream,332,AVAILABLE,2026-09-29T18:29:01+00:00,
2026-09-17,PKRV1709202625447.csv,https://www.mufap.com.pk/Upload/WebDoc/IndustryStatictics/PKRV1709202625447.csv,200,application/octet-stream,335,AVAILABLE,2026-09-29T18:29:01+00:00,
2026-09-18,PKRV1809202625450.csv,https://www.mufap.com.pk/Upload/WebDoc/IndustryStatictics/PKRV1809202625450.csv,200,application/octet-stream,333,AVAILABLE,2026-09-29T18:29:02+00:00,
2026-09-21,PKRV2109202625454.csv,https://www.mufap.com.pk/Upload/WebDoc/IndustryStatictics/PKRV2109202625454.csv,200,application/octet-stream,326,AVAILABLE,2026-09-29T18:29:03+00:00,
2026-09-22,PKRV2209202625458.csv,https://www.mufap.com.pk/Upload/WebDoc/IndustryStatictics/PKRV2209202625458.csv,200,application/octet-stream,337,AVAILABLE,2026-09-29T18:29:04+00:00,
2026-09-23,PKRV2309202625465.csv,https://www.mufap.com.pk/Upload/WebDoc/IndustryStatictics/PKRV2309202625465.csv,200,application/octet-stream,338,AVAILABLE,2026-09-29T18:29:04+00:00,
2026-09-24,PKRV2409202625469.csv,https://www.mufap.com.pk/Upload/WebDoc/IndustryStatictics/PKRV2409202625469.csv,200,application/octet-stream,327,AVAILABLE,2026-09-29T18:29:05+00:00,
2026-09-25,PKRV2509202625476.csv,https://www.mufap.com.pk/Upload/WebDoc/IndustryStatictics/PKRV2509202625476.csv,200,application/octet-stream,326,AVAILABLE,2026-09-29T18:29:05+00:00,
2026-09-28,PKRV2809202625481.csv,https://www.mufap.com.pk/Upload/WebDoc/IndustryStatictics/PKRV2809202625481.csv,200,application/octet-stream,326,AVAILABLE,2026-09-29T18:29:06+00:00,
