dataset_id,source_authority,acquisition_source,source_reference,retrieved_at_utc,raw_file_name,raw_relative_path,file_format,sha256,file_size_bytes,status,notes
PKRV,MUFAP,MUFAP current pricing API,https://www.mufap.com.pk/Upload/WebDoc/IndustryStatictics/PKRV040120221900.csv,2026-09-28T20:13:29+00:00,PKRV040120221900.csv,data/raw/mufap/pkrv/PKRV040120221900.csv,csv,e2bee0efd2e87bcddb30332def0ba40c1bf2c5c33d9bae468692e2743c08f252,329,SUCCESS,title=PKRV04012022; api=https://www.mufap.com.pk/WebRegulations/GetSecpFileById; content_type=application/octet-stream
PKRV,MUFAP,MUFAP current pricing API approved acquisition plan,https://www.mufap.com.pk/Upload/WebDoc/IndustryStatictics/PKRV050120221901.csv,2026-09-29T17:41:26+00:00,PKRV050120221901.csv,data/raw/mufap/pkrv/PKRV050120221901.csv,csv,76ca14b795a1cbd2ec0e38e8a6d0e19867ea689f0817ca6908b72488a8d4dea3,332,SUCCESS,observation_date=2022-01-05; selection_basis=AUTO_READY; content_type=application/octet-stream
PKRV,MUFAP,MUFAP current pricing API approved acquisition plan,https://www.mufap.com.pk/Upload/WebDoc/IndustryStatictics/PKRV060120221902.csv,2026-09-29T17:41:26+00:00,PKRV060120221902.csv,data/raw/mufap/pkrv/PKRV060120221902.csv,csv,41822ec0298a5783a6dc76b976064b56fa5e463c5889dee1ee3c99a6d590c85b,332,SUCCESS,observation_date=2022-01-06; selection_basis=AUTO_READY; content_type=application/octet-stream
PKRV,MUFAP,MUFAP current pricing API approved acquisition plan,https://www.mufap.com.pk/Upload/WebDoc/IndustryStatictics/PKRV070120221903.csv,2026-09-29T17:41:27+00:00,PKRV070120221903.csv,data/raw/mufap/pkrv/PKRV070120221903.csv,csv,5dc50e5b59f6fcc3c97c47e87a4e99b08a3abc20c28af524318d522213d7fb22,334,SUCCESS,observation_date=2022-01-07; selection_basis=AUTO_READY; content_type=application/octet-stream
PKRV,MUFAP,MUFAP current pricing API approved acquisition plan,https://www.mufap.com.pk/Upload/WebDoc/IndustryStatictics/PKRV100120221904.csv,2026-09-29T17:41:28+00:00,PKRV100120221904.csv,data/raw/mufap/pkrv/PKRV100120221904.csv,csv,5c5363c980f8ca8b54d987d463b6cedc1d9a95ce2b04a6f6d7768f4cba2b9b8a,338,SUCCESS,observation_date=2022-01-10; selection_basis=AUTO_READY; content_type=application/octet-stream
PKRV,MUFAP,MUFAP current pricing API approved acquisition plan,https://www.mufap.com.pk/Upload/WebDoc/IndustryStatictics/PKRV110120221905.csv,2026-09-29T17:41:28+00:00,PKRV110120221905.csv,data/raw/mufap/pkrv/PKRV110120221905.csv,csv,fbb937885472ae8506adc1f2829bfaf078b7dce835cf44d47955fc9952547473,340,SUCCESS,observation_date=2022-01-11; selection_basis=AUTO_READY; content_type=application/octet-stream
PKRV,MUFAP,MUFAP current pricing API approved acquisition plan,https://www.mufap.com.pk/Upload/WebDoc/IndustryStatictics/PKRV120120221906.csv,2026-09-29T17:43:34+00:00,PKRV120120221906.csv,data/raw/mufap/pkrv/PKRV120120221906.csv,csv,6a7b70b079091a61b9c682e36efcaee1de960122f7ae59b4f01eba4a706c4aa7,335,SUCCESS,observation_date=2022-01-12; selection_basis=AUTO_READY; content_type=application/octet-stream
PKRV,MUFAP,MUFAP current pricing API approved acquisition plan,https://www.mufap.com.pk/Upload/WebDoc/IndustryStatictics/PKRV130120221907.csv,2026-09-29T17:43:35+00:00,PKRV130120221907.csv,data/raw/mufap/pkrv/PKRV130120221907.csv,csv,81ef0f93c1668361bf6ef1660ad52d1ebcc81082be3ea6829ac85a93f2f172b8,338,SUCCESS,observation_date=2022-01-13; selection_basis=AUTO_READY; content_type=application/octet-stream
PKRV,MUFAP,MUFAP current pricing API approved acquisition plan,https://www.mufap.com.pk/Upload/WebDoc/IndustryStatictics/PKRV140120221908.csv,2026-09-29T17:43:36+00:00,PKRV140120221908.csv,data/raw/mufap/pkrv/PKRV140120221908.csv,csv,8aaf078b2d25622da68b713e454707fc340728a84f60460f0b5e5b7685fd736e,333,SUCCESS,observation_date=2022-01-14; selection_basis=AUTO_READY; content_type=application/octet-stream
PKRV,MUFAP,MUFAP current pricing API approved acquisition plan,https://www.mufap.com.pk/Upload/WebDoc/IndustryStatictics/PKRV170120221909.csv,2026-09-29T17:43:36+00:00,PKRV170120221909.csv,data/raw/mufap/pkrv/PKRV170120221909.csv,csv,f1eb37bb623f6b21f983f1266a16f44259d472c4b87fc34a6c6d4d8b3993e304,335,SUCCESS,observation_date=2022-01-17; selection_basis=AUTO_READY; content_type=application/octet-stream
PKRV,MUFAP,MUFAP current pricing API approved acquisition plan,https://www.mufap.com.pk/Upload/WebDoc/IndustryStatictics/PKRV180120221910.csv,2026-09-29T17:43:37+00:00,PKRV180120221910.csv,data/raw/mufap/pkrv/PKRV180120221910.csv,csv,7cbaa61700b4ce2c73f28b1c191308ba9ac95cc222e19b0bb9f63f795e94a46f,333,SUCCESS,observation_date=2022-01-18; selection_basis=AUTO_READY; content_type=application/octet-stream
PKRV,MUFAP,MUFAP current pricing API approved acquisition plan,https://www.mufap.com.pk/Upload/WebDoc/IndustryStatictics/PKRV190120221911.csv,2026-09-29T17:43:38+00:00,PKRV190120221911.csv,data/raw/mufap/pkrv/PKRV190120221911.csv,csv,18129b798a8b26b4d50188d6dd697de689fb4a8e134c0d5a1a652f153c31e75f,324,SUCCESS,observation_date=2022-01-19; selection_basis=AUTO_READY; content_type=application/octet-stream
PKRV,MUFAP,MUFAP current pricing API approved acquisition plan,https://www.mufap.com.pk/Upload/WebDoc/IndustryStatictics/PKRV200120221912.csv,2026-09-29T17:43:38+00:00,PKRV200120221912.csv,data/raw/mufap/pkrv/PKRV200120221912.csv,csv,a9963a5ce8a702ba4aeab6fa5c8e573680d8a14e4e19599bd52c1e19c5ea127d,325,SUCCESS,observation_date=2022-01-20; selection_basis=AUTO_READY; content_type=application/octet-stream
PKRV,MUFAP,MUFAP current pricing API approved acquisition plan,https://www.mufap.com.pk/Upload/WebDoc/IndustryStatictics/PKRV210120221913.csv,2026-09-29T17:43:39+00:00,PKRV210120221913.csv,data/raw/mufap/pkrv/PKRV210120221913.csv,csv,b400e138312825e42c2c1717c8e09302c02eda01a96fd92cab8eba9fac7864b1,327,SUCCESS,observation_date=2022-01-21; selection_basis=AUTO_READY; content_type=application/octet-stream
PKRV,MUFAP,MUFAP current pricing API approved acquisition plan,https://www.mufap.com.pk/Upload/WebDoc/IndustryStatictics/PKRV240120221914.csv,2026-09-29T17:43:40+00:00,PKRV240120221914.csv,data/raw/mufap/pkrv/PKRV240120221914.csv,csv,8454ef7a2a069689b39bd9519433b5639e0b87866fa2b8c158bccec009663860,328,SUCCESS,observation_date=2022-01-24; selection_basis=AUTO_READY; content_type=application/octet-stream
PKRV,MUFAP,MUFAP current pricing API approved acquisition plan,https://www.mufap.com.pk/Upload/WebDoc/IndustryStatictics/PKRV250120221915.csv,2026-09-29T17:43:41+00:00,PKRV250120221915.csv,data/raw/mufap/pkrv/PKRV250120221915.csv,csv,485a5a5dbd94ca9f836d4850a6ecd5ea0dd4a07324c144b5f83d7c5c7136ddef,343,SUCCESS,observation_date=2022-01-25; selection_basis=AUTO_READY; content_type=application/octet-stream
PKRV,MUFAP,MUFAP current pricing API approved acquisition plan,https://www.mufap.com.pk/Upload/WebDoc/IndustryStatictics/PKRV260120221916.csv,2026-09-29T17:43:41+00:00,PKRV260120221916.csv,data/raw/mufap/pkrv/PKRV260120221916.csv,csv,5589334de2029fe4912680a5ab0293ddec91038c6c5dc16721173552147c149c,341,SUCCESS,observation_date=2022-01-26; selection_basis=AUTO_READY; content_type=application/octet-stream
PKRV,MUFAP,MUFAP current pricing API approved acquisition plan,https://www.mufap.com.pk/Upload/WebDoc/IndustryStatictics/PKRV270120221917.csv,2026-09-29T17:43:42+00:00,PKRV270120221917.csv,data/raw/mufap/pkrv/PKRV270120221917.csv,csv,b7186a5730063076098f7578451f49777b6aa29a40265471e2c437c119b473a4,338,SUCCESS,observation_date=2022-01-27; selection_basis=AUTO_READY; content_type=application/octet-stream
PKRV,MUFAP,MUFAP current pricing API approved acquisition plan,https://www.mufap.com.pk/Upload/WebDoc/IndustryStatictics/PKRV280120221918.csv,2026-09-29T17:43:43+00:00,PKRV280120221918.csv,data/raw/mufap/pkrv/PKRV280120221918.csv,csv,545464271bd0e0845310cdc5cbdea2cb88526fa345557d9d7b54285cdc59fc32,340,SUCCESS,observation_date=2022-01-28; selection_basis=AUTO_READY; content_type=application/octet-stream
PKRV,MUFAP,MUFAP current pricing API approved acquisition plan,https://www.mufap.com.pk/Upload/WebDoc/IndustryStatictics/PKRV310120221919.csv,2026-09-29T17:43:44+00:00,PKRV310120221919.csv,data/raw/mufap/pkrv/PKRV310120221919.csv,csv,36dc4ed951e0f334e95222b891112cfb1e53c60338cb37ccc04472a53358caf2,325,SUCCESS,observation_date=2022-01-31; selection_basis=AUTO_READY; content_type=application/octet-stream
PKRV,MUFAP,MUFAP current pricing API approved acquisition plan,https://www.mufap.com.pk/Upload/WebDoc/IndustryStatictics/PKRV010220221920.csv,2026-09-29T17:43:44+00:00,PKRV010220221920.csv,data/raw/mufap/pkrv/PKRV010220221920.csv,csv,a864130cc636436af04de2203d4e6995cf89505456a62c59076adf25f335095a,325,SUCCESS,observation_date=2022-02-01; selection_basis=AUTO_READY; content_type=application/octet-stream
PKRV,MUFAP,MUFAP current pricing API approved acquisition plan,https://www.mufap.com.pk/Upload/WebDoc/IndustryStatictics/PKRV020220221921.csv,2026-09-29T17:43:45+00:00,PKRV020220221921.csv,data/raw/mufap/pkrv/PKRV020220221921.csv,csv,e93a0438f6e3aed65f3d3b3557fb81ec62eaee4b8c106e6eb05d020b3921efbe,333,SUCCESS,observation_date=2022-02-02; selection_basis=AUTO_READY; content_type=application/octet-stream
PKRV,MUFAP,MUFAP current pricing API approved acquisition plan,https://www.mufap.com.pk/Upload/WebDoc/IndustryStatictics/PKRV030220221922.csv,2026-09-29T17:43:46+00:00,PKRV030220221922.csv,data/raw/mufap/pkrv/PKRV030220221922.csv,csv,655af1fe70c43755d654e1747b8f6b8781db348fd60e99e47b150814e8af5e7e,343,SUCCESS,observation_date=2022-02-03; selection_basis=AUTO_READY; content_type=application/octet-stream
PKRV,MUFAP,MUFAP current pricing API approved acquisition plan,https://www.mufap.com.pk/Upload/WebDoc/IndustryStatictics/PKRV040220221923.csv,2026-09-29T17:43:46+00:00,PKRV040220221923.csv,data/raw/mufap/pkrv/PKRV040220221923.csv,csv,dd5e8e39c27a040e66055a005a811652ed370cc6be0b86efa90ac8aad87a62ca,332,SUCCESS,observation_date=2022-02-04; selection_basis=AUTO_READY; content_type=application/octet-stream
PKRV,MUFAP,MUFAP current pricing API approved acquisition plan,https://www.mufap.com.pk/Upload/WebDoc/IndustryStatictics/PKRV070220221924.csv,2026-09-29T17:43:47+00:00,PKRV070220221924.csv,data/raw/mufap/pkrv/PKRV070220221924.csv,csv,d4e7af603224d081fcaf41c63a6aafc096bec84d8d0280915702adb7baff64a1,328,SUCCESS,observation_date=2022-02-07; selection_basis=AUTO_READY; content_type=application/octet-stream
PKRV,MUFAP,MUFAP current pricing API approved acquisition plan,https://www.mufap.com.pk/Upload/WebDoc/IndustryStatictics/PKRV080220221925.csv,2026-09-29T17:43:47+00:00,PKRV080220221925.csv,data/raw/mufap/pkrv/PKRV080220221925.csv,csv,0a0fbcf43efa20ddab7fcd0807eeb27a07047d080f43f6cb32699f2c6577899c,335,SUCCESS,observation_date=2022-02-08; selection_basis=AUTO_READY; content_type=application/octet-stream
PKRV,MUFAP,MUFAP current pricing API approved acquisition plan,https://www.mufap.com.pk/Upload/WebDoc/IndustryStatictics/PKRV090220221926.csv,2026-09-29T17:43:48+00:00,PKRV090220221926.csv,data/raw/mufap/pkrv/PKRV090220221926.csv,csv,7f6ab40c1c415c0093a0fa44cd8b2ed48fb94998407056fb1f031db12bcdf372,335,SUCCESS,observation_date=2022-02-09; selection_basis=AUTO_READY; content_type=application/octet-stream
PKRV,MUFAP,MUFAP current pricing API approved acquisition plan,https://www.mufap.com.pk/Upload/WebDoc/IndustryStatictics/PKRV100220221927.csv,2026-09-29T17:43:49+00:00,PKRV100220221927.csv,data/raw/mufap/pkrv/PKRV100220221927.csv,csv,8ae573a0d26852051e6c6944c158c66f24d4b019e3b7f0fc27dcb7d59fb740d8,328,SUCCESS,observation_date=2022-02-10; selection_basis=AUTO_READY; content_type=application/octet-stream
PKRV,MUFAP,MUFAP current pricing API approved acquisition plan,https://www.mufap.com.pk/Upload/WebDoc/IndustryStatictics/PKRV110220221928.csv,2026-09-29T17:43:50+00:00,PKRV110220221928.csv,data/raw/mufap/pkrv/PKRV110220221928.csv,csv,9f329e1e6460e164bd84bcaa693112b79ace725b0b6e1d95b396da23e1c39946,327,SUCCESS,observation_date=2022-02-11; selection_basis=AUTO_READY; content_type=application/octet-stream
PKRV,MUFAP,MUFAP current pricing API approved acquisition plan,https://www.mufap.com.pk/Upload/WebDoc/IndustryStatictics/PKRV140220221929.csv,2026-09-29T17:43:51+00:00,PKRV140220221929.csv,data/raw/mufap/pkrv/PKRV140220221929.csv,csv,2013d3f30f2ee84ecae23ee966c2ef59e4911cb1ce5f093098ccde11b6ac840a,325,SUCCESS,observation_date=2022-02-14; selection_basis=AUTO_READY; content_type=application/octet-stream
PKRV,MUFAP,MUFAP current pricing API approved acquisition plan,https://www.mufap.com.pk/Upload/WebDoc/IndustryStatictics/PKRV150220221930.csv,2026-09-29T17:43:51+00:00,PKRV150220221930.csv,data/raw/mufap/pkrv/PKRV150220221930.csv,csv,73d4e1be6213fcd54185369676fcca19061f080a7d700bc7862645eeba8e59ac,325,SUCCESS,observation_date=2022-02-15; selection_basis=AUTO_READY; content_type=application/octet-stream
PKRV,MUFAP,MUFAP current pricing API approved acquisition plan,https://www.mufap.com.pk/Upload/WebDoc/IndustryStatictics/PKRV160220221931.csv,2026-09-29T17:43:52+00:00,PKRV160220221931.csv,data/raw/mufap/pkrv/PKRV160220221931.csv,csv,e79ed0a90ef998f6d612196e2806581efc569d998d4953d9824327f3e8cce8ff,336,SUCCESS,observation_date=2022-02-16; selection_basis=AUTO_READY; content_type=application/octet-stream
PKRV,MUFAP,MUFAP current pricing API approved acquisition plan,https://www.mufap.com.pk/Upload/WebDoc/IndustryStatictics/PKRV170220221932.csv,2026-09-29T17:43:53+00:00,PKRV170220221932.csv,data/raw/mufap/pkrv/PKRV170220221932.csv,csv,abc1f6e091472976ab120b51ca99ac99bdf0e459b1637300195b5e52d781dba5,343,SUCCESS,observation_date=2022-02-17; selection_basis=AUTO_READY; content_type=application/octet-stream
PKRV,MUFAP,MUFAP current pricing API approved acquisition plan,https://www.mufap.com.pk/Upload/WebDoc/IndustryStatictics/PKRV180220221933.csv,2026-09-29T17:43:54+00:00,PKRV180220221933.csv,data/raw/mufap/pkrv/PKRV180220221933.csv,csv,ad9a6bcf79a716446a8282299d08cd3cf32583d47c23a35758866915205fbccf,339,SUCCESS,observation_date=2022-02-18; selection_basis=AUTO_READY; content_type=application/octet-stream
PKRV,MUFAP,MUFAP current pricing API approved acquisition plan,https://www.mufap.com.pk/Upload/WebDoc/IndustryStatictics/PKRV210220221934.csv,2026-09-29T17:43:55+00:00,PKRV210220221934.csv,data/raw/mufap/pkrv/PKRV210220221934.csv,csv,05926d6afbb95ab89dc3adfc983507db6c98154ae3424141a30d03fb4242d636,326,SUCCESS,observation_date=2022-02-21; selection_basis=AUTO_READY; content_type=application/octet-stream
PKRV,MUFAP,MUFAP current pricing API approved acquisition plan,https://www.mufap.com.pk/Upload/WebDoc/IndustryStatictics/PKRV220220221935.csv,2026-09-29T17:43:55+00:00,PKRV220220221935.csv,data/raw/mufap/pkrv/PKRV220220221935.csv,csv,27365b10da6d87a3f566212a1269fb00c13da5e86206af57c8edba0cbb5f7b29,328,SUCCESS,observation_date=2022-02-22; selection_basis=AUTO_READY; content_type=application/octet-stream
PKRV,MUFAP,MUFAP current pricing API approved acquisition plan,https://www.mufap.com.pk/Upload/WebDoc/IndustryStatictics/PKRV230220221936.csv,2026-09-29T17:43:56+00:00,PKRV230220221936.csv,data/raw/mufap/pkrv/PKRV230220221936.csv,csv,4a6d522a2c7f898a3f01ae1fe81d86d466884978856526cf2149627163104867,335,SUCCESS,observation_date=2022-02-23; selection_basis=AUTO_READY; content_type=application/octet-stream
PKRV,MUFAP,MUFAP current pricing API approved acquisition plan,https://www.mufap.com.pk/Upload/WebDoc/IndustryStatictics/PKRV240220221937.csv,2026-09-29T17:43:57+00:00,PKRV240220221937.csv,data/raw/mufap/pkrv/PKRV240220221937.csv,csv,f66ebf60f72d3abeae33afc1a713c4d50fac0ab55dfa73d9020a4a9e55b99f23,325,SUCCESS,observation_date=2022-02-24; selection_basis=AUTO_READY; content_type=application/octet-stream
PKRV,MUFAP,MUFAP current pricing API approved acquisition plan,https://www.mufap.com.pk/Upload/WebDoc/IndustryStatictics/PKRV250220221938.csv,2026-09-29T17:43:58+00:00,PKRV250220221938.csv,data/raw/mufap/pkrv/PKRV250220221938.csv,csv,e3d2a2885aab092e677675c083cb5e99fda5fa356a5d5fddabdf2bf0bbb0a8c6,336,SUCCESS,observation_date=2022-02-25; selection_basis=AUTO_READY; content_type=application/octet-stream
PKRV,MUFAP,MUFAP current pricing API approved acquisition plan,https://www.mufap.com.pk/Upload/WebDoc/IndustryStatictics/PKRV280220221939.csv,2026-09-29T17:43:58+00:00,PKRV280220221939.csv,data/raw/mufap/pkrv/PKRV280220221939.csv,csv,cb2d7cdc8cd7daee894bd127b7a1f9a35debcb6d080f6bfe689552a86a3c6d1f,324,SUCCESS,observation_date=2022-02-28; selection_basis=AUTO_READY; content_type=application/octet-stream
PKRV,MUFAP,MUFAP current pricing API approved acquisition plan,https://www.mufap.com.pk/Upload/WebDoc/IndustryStatictics/PKRV010320221940.csv,2026-09-29T17:43:59+00:00,PKRV010320221940.csv,data/raw/mufap/pkrv/PKRV010320221940.csv,csv,129e3a3664a7f0ce3004320013af7b3d3569aa7e4997b34309ef12137e92c13a,335,SUCCESS,observation_date=2022-03-01; selection_basis=AUTO_READY; content_type=application/octet-stream
PKRV,MUFAP,MUFAP current pricing API approved acquisition plan,https://www.mufap.com.pk/Upload/WebDoc/IndustryStatictics/PKRV020320221941.csv,2026-09-29T17:44:00+00:00,PKRV020320221941.csv,data/raw/mufap/pkrv/PKRV020320221941.csv,csv,1e68557f70c3af2d59d290359dd7eb82abac94d1c08d75dccd420f560708e368,327,SUCCESS,observation_date=2022-03-02; selection_basis=AUTO_READY; content_type=application/octet-stream
PKRV,MUFAP,MUFAP current pricing API approved acquisition plan,https://www.mufap.com.pk/Upload/WebDoc/IndustryStatictics/PKRV030320221942.csv,2026-09-29T17:44:01+00:00,PKRV030320221942.csv,data/raw/mufap/pkrv/PKRV030320221942.csv,csv,74f5091c99b13dc9f280b7e473e521affb3af0dc94a5c72e10a98358a91fe3e5,325,SUCCESS,observation_date=2022-03-03; selection_basis=AUTO_READY; content_type=application/octet-stream
PKRV,MUFAP,MUFAP current pricing API approved acquisition plan,https://www.mufap.com.pk/Upload/WebDoc/IndustryStatictics/PKRV040320221943.csv,2026-09-29T17:44:02+00:00,PKRV040320221943.csv,data/raw/mufap/pkrv/PKRV040320221943.csv,csv,d06bafd25e73259e1beac34ba39f55fe75b2fa93130616f22976d92275da9464,330,SUCCESS,observation_date=2022-03-04; selection_basis=AUTO_READY; content_type=application/octet-stream
PKRV,MUFAP,MUFAP current pricing API approved acquisition plan,https://www.mufap.com.pk/Upload/WebDoc/IndustryStatictics/PKRV070320221944.csv,2026-09-29T17:44:02+00:00,PKRV070320221944.csv,data/raw/mufap/pkrv/PKRV070320221944.csv,csv,cc7dcec943ac6af3f0a6affcc3d17e9afffc74b001509e7fcad0e6041b8aa16d,326,SUCCESS,observation_date=2022-03-07; selection_basis=AUTO_READY; content_type=application/octet-stream
PKRV,MUFAP,MUFAP current pricing API approved acquisition plan,https://www.mufap.com.pk/Upload/WebDoc/IndustryStatictics/PKRV080320221945.csv,2026-09-29T17:44:03+00:00,PKRV080320221945.csv,data/raw/mufap/pkrv/PKRV080320221945.csv,csv,f906a6974c7f2347cbd3a3df95cf3c2bca53950cf1f6aad10d6819afc688c09f,341,SUCCESS,observation_date=2022-03-08; selection_basis=AUTO_READY; content_type=application/octet-stream
PKRV,MUFAP,MUFAP current pricing API approved acquisition plan,https://www.mufap.com.pk/Upload/WebDoc/IndustryStatictics/PKRV090320221946.csv,2026-09-29T17:44:04+00:00,PKRV090320221946.csv,data/raw/mufap/pkrv/PKRV090320221946.csv,csv,10a1597ebcf528acf4f1c38c1eaed65f703f39cbd68f61500044b769afc8a45d,331,SUCCESS,observation_date=2022-03-09; selection_basis=AUTO_READY; content_type=application/octet-stream
PKRV,MUFAP,MUFAP current pricing API approved acquisition plan,https://www.mufap.com.pk/Upload/WebDoc/IndustryStatictics/PKRV100320221947.csv,2026-09-29T17:44:04+00:00,PKRV100320221947.csv,data/raw/mufap/pkrv/PKRV100320221947.csv,csv,b1400320fd8c65c959aed5d2aae21e54de9cf081b22505c0872f8bcdbfebfc47,326,SUCCESS,observation_date=2022-03-10; selection_basis=AUTO_READY; content_type=application/octet-stream
PKRV,MUFAP,MUFAP current pricing API approved acquisition plan,https://www.mufap.com.pk/Upload/WebDoc/IndustryStatictics/PKRV110320221948.csv,2026-09-29T17:44:06+00:00,PKRV110320221948.csv,data/raw/mufap/pkrv/PKRV110320221948.csv,csv,fd129236d097a542ac1ec85e4c7edad302d587948bc1efc665fefaa701c7a808,330,SUCCESS,observation_date=2022-03-11; selection_basis=AUTO_READY; content_type=application/octet-stream
PKRV,MUFAP,MUFAP current pricing API approved acquisition plan,https://www.mufap.com.pk/Upload/WebDoc/IndustryStatictics/PKRV140320221949.csv,2026-09-29T17:44:06+00:00,PKRV140320221949.csv,data/raw/mufap/pkrv/PKRV140320221949.csv,csv,9d99b4f77b341714572c41569abe24fb1d0b2e5964bdc04bd7d0671e56c9eaf8,338,SUCCESS,observation_date=2022-03-14; selection_basis=AUTO_READY; content_type=application/octet-stream
PKRV,MUFAP,MUFAP current pricing API approved acquisition plan,https://www.mufap.com.pk/Upload/WebDoc/IndustryStatictics/PKRV150320221950.csv,2026-09-29T17:44:07+00:00,PKRV150320221950.csv,data/raw/mufap/pkrv/PKRV150320221950.csv,csv,d4aba348613db42f1b1b0b0c7726ffced487c4d2b75d2a9b256d3b4c9b771bf4,344,SUCCESS,observation_date=2022-03-15; selection_basis=AUTO_READY; content_type=application/octet-stream
PKRV,MUFAP,MUFAP current pricing API approved acquisition plan,https://www.mufap.com.pk/Upload/WebDoc/IndustryStatictics/PKRV160320221951.csv,2026-09-29T17:44:08+00:00,PKRV160320221951.csv,data/raw/mufap/pkrv/PKRV160320221951.csv,csv,bf76efaf90097f1bff1b7e4b6fa26a3af25525d1b77babc6bd726cd48315312b,334,SUCCESS,observation_date=2022-03-16; selection_basis=AUTO_READY; content_type=application/octet-stream
PKRV,MUFAP,MUFAP current pricing API approved acquisition plan,https://www.mufap.com.pk/Upload/WebDoc/IndustryStatictics/PKRV170320221952.csv,2026-09-29T17:44:09+00:00,PKRV170320221952.csv,data/raw/mufap/pkrv/PKRV170320221952.csv,csv,3d6d75e898b7afbda0654c585be051a26b3f4f8c66419d3382620dd2fa601484,332,SUCCESS,observation_date=2022-03-17; selection_basis=AUTO_READY; content_type=application/octet-stream
PKRV,MUFAP,MUFAP current pricing API approved acquisition plan,https://www.mufap.com.pk/Upload/WebDoc/IndustryStatictics/PKRV180320221953.csv,2026-09-29T17:44:09+00:00,PKRV180320221953.csv,data/raw/mufap/pkrv/PKRV180320221953.csv,csv,aad3d233a3528083540b2ffadfbe033d1b618a5f992bcbcf9a6372ee3094f1c0,326,SUCCESS,observation_date=2022-03-18; selection_basis=AUTO_READY; content_type=application/octet-stream
PKRV,MUFAP,MUFAP current pricing API approved acquisition plan,https://www.mufap.com.pk/Upload/WebDoc/IndustryStatictics/PKRV210320221954.csv,2026-09-29T17:44:10+00:00,PKRV210320221954.csv,data/raw/mufap/pkrv/PKRV210320221954.csv,csv,e90c81737a031db46e2c0d31360ad219897065a26069ff823c94731eedfa7564,329,SUCCESS,observation_date=2022-03-21; selection_basis=AUTO_READY; content_type=application/octet-stream
PKRV,MUFAP,MUFAP current pricing API approved acquisition plan,https://www.mufap.com.pk/Upload/WebDoc/IndustryStatictics/PKRV220320221955.csv,2026-09-29T17:44:11+00:00,PKRV220320221955.csv,data/raw/mufap/pkrv/PKRV220320221955.csv,csv,9621408900c5a4e2ee2447fc8763e77d37516338ae0c7f7770c1766706cc21bf,331,SUCCESS,observation_date=2022-03-22; selection_basis=AUTO_READY; content_type=application/octet-stream
PKRV,MUFAP,MUFAP current pricing API approved acquisition plan,https://www.mufap.com.pk/Upload/WebDoc/IndustryStatictics/PKRV240320221956.csv,2026-09-29T17:44:11+00:00,PKRV240320221956.csv,data/raw/mufap/pkrv/PKRV240320221956.csv,csv,32600515a9e9063d004dea626bec805861833a2b9dd0c910e38f7d694394137c,331,SUCCESS,observation_date=2022-03-24; selection_basis=AUTO_READY; content_type=application/octet-stream
PKRV,MUFAP,MUFAP current pricing API approved acquisition plan,https://www.mufap.com.pk/Upload/WebDoc/IndustryStatictics/PKRV250320221957.csv,2026-09-29T17:44:12+00:00,PKRV250320221957.csv,data/raw/mufap/pkrv/PKRV250320221957.csv,csv,a4f4038d17e15dcfa1d411cc1cdd74db8abb79ac9b3b037ec32b3160f9f353d9,332,SUCCESS,observation_date=2022-03-25; selection_basis=AUTO_READY; content_type=application/octet-stream
PKRV,MUFAP,MUFAP current pricing API approved acquisition plan,https://www.mufap.com.pk/Upload/WebDoc/IndustryStatictics/PKRV280320221958.csv,2026-09-29T17:44:13+00:00,PKRV280320221958.csv,data/raw/mufap/pkrv/PKRV280320221958.csv,csv,308d84f03baab025a4df7741cab5e8fe91d652b7e5a51732cfc67e154b938569,330,SUCCESS,observation_date=2022-03-28; selection_basis=AUTO_READY; content_type=application/octet-stream
PKRV,MUFAP,MUFAP current pricing API approved acquisition plan,https://www.mufap.com.pk/Upload/WebDoc/IndustryStatictics/PKRV290320221959.csv,2026-09-29T17:44:13+00:00,PKRV290320221959.csv,data/raw/mufap/pkrv/PKRV290320221959.csv,csv,140ce040bcb6cff579aff99c121ed61c945eaf553c234537f1cf11a5ce259371,333,SUCCESS,observation_date=2022-03-29; selection_basis=AUTO_READY; content_type=application/octet-stream
PKRV,MUFAP,MUFAP current pricing API approved acquisition plan,https://www.mufap.com.pk/Upload/WebDoc/IndustryStatictics/PKRV300320221960.csv,2026-09-29T17:44:14+00:00,PKRV300320221960.csv,data/raw/mufap/pkrv/PKRV300320221960.csv,csv,410745b152cbffc5240b5023731a0a74548f91aeefb6bca999e7e8ba38d99942,338,SUCCESS,observation_date=2022-03-30; selection_basis=ANOMALY_RESOLUTION; content_type=application/octet-stream
PKRV,MUFAP,MUFAP current pricing API approved acquisition plan,https://www.mufap.com.pk/Upload/WebDoc/IndustryStatictics/PKRV310320221961.csv,2026-09-29T17:44:15+00:00,PKRV310320221961.csv,data/raw/mufap/pkrv/PKRV310320221961.csv,csv,e5972957b8090e959fc7c319e2c7bd29e6a17c622ee436c369f31ea410ee702f,331,SUCCESS,observation_date=2022-03-31; selection_basis=ANOMALY_RESOLUTION; content_type=application/octet-stream
PKRV,MUFAP,MUFAP current pricing API approved acquisition plan,https://www.mufap.com.pk/Upload/WebDoc/IndustryStatictics/PKRV010420221964.csv,2026-09-29T17:44:16+00:00,PKRV010420221964.csv,data/raw/mufap/pkrv/PKRV010420221964.csv,csv,9ca69fbfd7af7a72cec1d91924d789e07e4dfa6989d7f262d662f2f7ea5e5cc2,346,SUCCESS,observation_date=2022-04-01; selection_basis=AUTO_READY; content_type=application/octet-stream
PKRV,MUFAP,MUFAP current pricing API approved acquisition plan,https://www.mufap.com.pk/Upload/WebDoc/IndustryStatictics/PKRV050420221965.csv,2026-09-29T17:44:16+00:00,PKRV050420221965.csv,data/raw/mufap/pkrv/PKRV050420221965.csv,csv,3d9870d4e958b6bb144c36e85998a1262441ef91ced3cf18246f0a4708dedd11,1362,SUCCESS,observation_date=2022-04-05; selection_basis=AUTO_READY; content_type=application/octet-stream
PKRV,MUFAP,MUFAP current pricing API approved acquisition plan,https://www.mufap.com.pk/Upload/WebDoc/IndustryStatictics/PKRV060420221966.csv,2026-09-29T17:44:17+00:00,PKRV060420221966.csv,data/raw/mufap/pkrv/PKRV060420221966.csv,csv,968f10434ff55a2512d5dc8abf099f28b60f6cd3aa3c62ca4cebf3afdbfa0041,1499,SUCCESS,observation_date=2022-04-06; selection_basis=AUTO_READY; content_type=application/octet-stream
PKRV,MUFAP,MUFAP current pricing API approved acquisition plan,https://www.mufap.com.pk/Upload/WebDoc/IndustryStatictics/PKRV070420221967.csv,2026-09-29T17:44:18+00:00,PKRV070420221967.csv,data/raw/mufap/pkrv/PKRV070420221967.csv,csv,134f0bcf3570d326eafeffc6c0b6a8a5c25331c9acb4f52b99b56b90db563690,1393,SUCCESS,observation_date=2022-04-07; selection_basis=AUTO_READY; content_type=application/octet-stream
PKRV,MUFAP,MUFAP current pricing API approved acquisition plan,https://www.mufap.com.pk/Upload/WebDoc/IndustryStatictics/PKRV080420221968.csv,2026-09-29T17:44:18+00:00,PKRV080420221968.csv,data/raw/mufap/pkrv/PKRV080420221968.csv,csv,6ed31fc1cc39596a253760b8dc24a56ba1018bd791024cf1fb3ac0699a624006,341,SUCCESS,observation_date=2022-04-08; selection_basis=AUTO_READY; content_type=application/octet-stream
PKRV,MUFAP,MUFAP current pricing API approved acquisition plan,https://www.mufap.com.pk/Upload/WebDoc/IndustryStatictics/PKRV110420221969.csv,2026-09-29T17:44:19+00:00,PKRV110420221969.csv,data/raw/mufap/pkrv/PKRV110420221969.csv,csv,3ef96430c5ecae90a0d11966701dc9e58550acf54e7e1178b0e409a39467ede9,340,SUCCESS,observation_date=2022-04-11; selection_basis=AUTO_READY; content_type=application/octet-stream
PKRV,MUFAP,MUFAP current pricing API approved acquisition plan,https://www.mufap.com.pk/Upload/WebDoc/IndustryStatictics/PKRV120420221970.csv,2026-09-29T17:44:20+00:00,PKRV120420221970.csv,data/raw/mufap/pkrv/PKRV120420221970.csv,csv,eed0666fa0a5e93a1b9857b41fb1d9add3ce2ff1b1961ce24c878e7f1a95a65d,339,SUCCESS,observation_date=2022-04-12; selection_basis=AUTO_READY; content_type=application/octet-stream
PKRV,MUFAP,MUFAP current pricing API approved acquisition plan,https://www.mufap.com.pk/Upload/WebDoc/IndustryStatictics/PKRV130420221971.csv,2026-09-29T17:44:21+00:00,PKRV130420221971.csv,data/raw/mufap/pkrv/PKRV130420221971.csv,csv,a95df4168f9dea99c61b28338bac26c8c84b1c38b073a13526f2c4f3f9b92f52,332,SUCCESS,observation_date=2022-04-13; selection_basis=AUTO_READY; content_type=application/octet-stream
PKRV,MUFAP,MUFAP current pricing API approved acquisition plan,https://www.mufap.com.pk/Upload/WebDoc/IndustryStatictics/PKRV140420221972.csv,2026-09-29T17:44:21+00:00,PKRV140420221972.csv,data/raw/mufap/pkrv/PKRV140420221972.csv,csv,97ecaff479f209133dda900deac4adf6bf9c776467dbe9b51fb83ad51dab8c71,1334,SUCCESS,observation_date=2022-04-14; selection_basis=AUTO_READY; content_type=application/octet-stream
PKRV,MUFAP,MUFAP current pricing API approved acquisition plan,https://www.mufap.com.pk/Upload/WebDoc/IndustryStatictics/PKRV150420221973.csv,2026-09-29T17:44:22+00:00,PKRV150420221973.csv,data/raw/mufap/pkrv/PKRV150420221973.csv,csv,d9f5cfa60ea127727d186a417a00897828a8fa0f8bb3701abf4d93738d026d4c,1360,SUCCESS,observation_date=2022-04-15; selection_basis=AUTO_READY; content_type=application/octet-stream
PKRV,MUFAP,MUFAP current pricing API approved acquisition plan,https://www.mufap.com.pk/Upload/WebDoc/IndustryStatictics/PKRV160420221974.csv,2026-09-29T17:44:23+00:00,PKRV160420221974.csv,data/raw/mufap/pkrv/PKRV160420221974.csv,csv,88935fb119af463f575220addaa174e373c5e8620d7e5c19cc98ebbb7b5655bd,1342,SUCCESS,observation_date=2022-04-16; selection_basis=AUTO_READY; content_type=application/octet-stream
PKRV,MUFAP,MUFAP current pricing API approved acquisition plan,https://www.mufap.com.pk/Upload/WebDoc/IndustryStatictics/PKRV180420221975.csv,2026-09-29T17:44:23+00:00,PKRV180420221975.csv,data/raw/mufap/pkrv/PKRV180420221975.csv,csv,b502b1cdb7524185dcbdf2c5cadb0c8459b26cb830a30644e4cc545972be6947,332,SUCCESS,observation_date=2022-04-18; selection_basis=AUTO_READY; content_type=application/octet-stream
PKRV,MUFAP,MUFAP current pricing API approved acquisition plan,https://www.mufap.com.pk/Upload/WebDoc/IndustryStatictics/PKRV190420221976.csv,2026-09-29T17:44:24+00:00,PKRV190420221976.csv,data/raw/mufap/pkrv/PKRV190420221976.csv,csv,4fe7cded15f26e491c7ce132ae9c4cbe71a01c6e5737a28b6d574e8d8de93447,330,SUCCESS,observation_date=2022-04-19; selection_basis=AUTO_READY; content_type=application/octet-stream
PKRV,MUFAP,MUFAP current pricing API approved acquisition plan,https://www.mufap.com.pk/Upload/WebDoc/IndustryStatictics/PKRV200420221977.csv,2026-09-29T17:44:25+00:00,PKRV200420221977.csv,data/raw/mufap/pkrv/PKRV200420221977.csv,csv,3a35dd9176c37ceab85dc667ee039bca5e58df6886d03c0b79fee2d1e27be6a0,1364,SUCCESS,observation_date=2022-04-20; selection_basis=AUTO_READY; content_type=application/octet-stream
PKRV,MUFAP,MUFAP current pricing API approved acquisition plan,https://www.mufap.com.pk/Upload/WebDoc/IndustryStatictics/PKRV210420221978.csv,2026-09-29T17:44:26+00:00,PKRV210420221978.csv,data/raw/mufap/pkrv/PKRV210420221978.csv,csv,a0502ce31d1a656c51c937498e18134f39d1cdd505b81a067e18a92b7de66c76,326,SUCCESS,observation_date=2022-04-21; selection_basis=AUTO_READY; content_type=application/octet-stream
PKRV,MUFAP,MUFAP current pricing API approved acquisition plan,https://www.mufap.com.pk/Upload/WebDoc/IndustryStatictics/PKRV220420221979.csv,2026-09-29T17:44:26+00:00,PKRV220420221979.csv,data/raw/mufap/pkrv/PKRV220420221979.csv,csv,7353505963ed63ed2c76d3d6379c4a2bc6dbc66254f39afb4315c8dac5c19789,1394,SUCCESS,observation_date=2022-04-22; selection_basis=AUTO_READY; content_type=application/octet-stream
PKRV,MUFAP,MUFAP current pricing API approved acquisition plan,https://www.mufap.com.pk/Upload/WebDoc/IndustryStatictics/PKRV230420221980.csv,2026-09-29T17:44:27+00:00,PKRV230420221980.csv,data/raw/mufap/pkrv/PKRV230420221980.csv,csv,4d165c9e8a7c5e82bdb5870f1fe8783c091864bdb6f0902ccd446cf009ec0d26,1349,SUCCESS,observation_date=2022-04-23; selection_basis=AUTO_READY; content_type=application/octet-stream
PKRV,MUFAP,MUFAP current pricing API approved acquisition plan,https://www.mufap.com.pk/Upload/WebDoc/IndustryStatictics/PKRV250420221981.csv,2026-09-29T17:44:28+00:00,PKRV250420221981.csv,data/raw/mufap/pkrv/PKRV250420221981.csv,csv,86a0d8413771ec29bd1f02cb27c96f4caa7feef0c6205841c968eaf87fe7964d,337,SUCCESS,observation_date=2022-04-25; selection_basis=AUTO_READY; content_type=application/octet-stream
PKRV,MUFAP,MUFAP current pricing API approved acquisition plan,https://www.mufap.com.pk/Upload/WebDoc/IndustryStatictics/PKRV260420221982.csv,2026-09-29T17:44:28+00:00,PKRV260420221982.csv,data/raw/mufap/pkrv/PKRV260420221982.csv,csv,4c0b4b8d163df205969ee849dfd2f0dc4fa4e2c75cbc1403ab0bd8ea3221b7cb,1334,SUCCESS,observation_date=2022-04-26; selection_basis=AUTO_READY; content_type=application/octet-stream
PKRV,MUFAP,MUFAP current pricing API approved acquisition plan,https://www.mufap.com.pk/Upload/WebDoc/IndustryStatictics/PKRV270420221983.csv,2026-09-29T17:44:29+00:00,PKRV270420221983.csv,data/raw/mufap/pkrv/PKRV270420221983.csv,csv,b2316f7774c08b3cc43a8ea75b6416b6d15f29265285aef4fbbc4b186620a7e0,1319,SUCCESS,observation_date=2022-04-27; selection_basis=AUTO_READY; content_type=application/octet-stream
PKRV,MUFAP,MUFAP current pricing API approved acquisition plan,https://www.mufap.com.pk/Upload/WebDoc/IndustryStatictics/PKRV280420221984.csv,2026-09-29T17:44:29+00:00,PKRV280420221984.csv,data/raw/mufap/pkrv/PKRV280420221984.csv,csv,8a7849e214fc0e9443ce2511722b243448b947e0ae455b7176a93efe0e9d3f71,4538,SUCCESS,observation_date=2022-04-28; selection_basis=AUTO_READY; content_type=application/octet-stream
PKRV,MUFAP,MUFAP current pricing API approved acquisition plan,https://www.mufap.com.pk/Upload/WebDoc/IndustryStatictics/PKRV290420221985.csv,2026-09-29T17:44:30+00:00,PKRV290420221985.csv,data/raw/mufap/pkrv/PKRV290420221985.csv,csv,dafc9b83c3f12f2449206a572a70eb7012a2f29c17039787392ea4399f1ba9bc,333,SUCCESS,observation_date=2022-04-29; selection_basis=AUTO_READY; content_type=application/octet-stream
PKRV,MUFAP,MUFAP current pricing API approved acquisition plan,https://www.mufap.com.pk/Upload/WebDoc/IndustryStatictics/PKRV300420221986.csv,2026-09-29T17:44:31+00:00,PKRV300420221986.csv,data/raw/mufap/pkrv/PKRV300420221986.csv,csv,7892416685fe3ce2db1d5a0597897d3dfa63a23357e8ab12a5108d42a7a75ff4,4538,SUCCESS,observation_date=2022-04-30; selection_basis=AUTO_READY; content_type=application/octet-stream
PKRV,MUFAP,MUFAP current pricing API approved acquisition plan,https://www.mufap.com.pk/Upload/WebDoc/IndustryStatictics/PKRV060520221987.csv,2026-09-29T17:44:32+00:00,PKRV060520221987.csv,data/raw/mufap/pkrv/PKRV060520221987.csv,csv,bf336de41d09d7e25728ae1f84f91364f2ecd8a06e9370f381d8f3d07ea40438,334,SUCCESS,observation_date=2022-05-06; selection_basis=AUTO_READY; content_type=application/octet-stream
PKRV,MUFAP,MUFAP current pricing API approved acquisition plan,https://www.mufap.com.pk/Upload/WebDoc/IndustryStatictics/PKRV090520221988.csv,2026-09-29T17:44:32+00:00,PKRV090520221988.csv,data/raw/mufap/pkrv/PKRV090520221988.csv,csv,1c2b717c92a0e446b14fbfa5c8854ee496ac37b1b78e37f03c929841e11b55f6,334,SUCCESS,observation_date=2022-05-09; selection_basis=AUTO_READY; content_type=application/octet-stream
PKRV,MUFAP,MUFAP current pricing API approved acquisition plan,https://www.mufap.com.pk/Upload/WebDoc/IndustryStatictics/PKRV100520221989.csv,2026-09-29T17:44:33+00:00,PKRV100520221989.csv,data/raw/mufap/pkrv/PKRV100520221989.csv,csv,d6c1a87d3871307b2798bd3f941f401a844089423392479b03e3972da9898208,326,SUCCESS,observation_date=2022-05-10; selection_basis=AUTO_READY; content_type=application/octet-stream
PKRV,MUFAP,MUFAP current pricing API approved acquisition plan,https://www.mufap.com.pk/Upload/WebDoc/IndustryStatictics/PKRV110520221990.csv,2026-09-29T17:44:34+00:00,PKRV110520221990.csv,data/raw/mufap/pkrv/PKRV110520221990.csv,csv,5442823207681c28134f2bc6053a61769870b8ffbc267bf592a468f4d683e9fe,326,SUCCESS,observation_date=2022-05-11; selection_basis=AUTO_READY; content_type=application/octet-stream
PKRV,MUFAP,MUFAP current pricing API approved acquisition plan,https://www.mufap.com.pk/Upload/WebDoc/IndustryStatictics/PKRV120520221991.csv,2026-09-29T17:44:35+00:00,PKRV120520221991.csv,data/raw/mufap/pkrv/PKRV120520221991.csv,csv,ac04d4004b6efe61642135243d60d1be4d940a148d8057b819314c403ea73ccd,336,SUCCESS,observation_date=2022-05-12; selection_basis=AUTO_READY; content_type=application/octet-stream
PKRV,MUFAP,MUFAP current pricing API approved acquisition plan,https://www.mufap.com.pk/Upload/WebDoc/IndustryStatictics/PKRV130520221992.csv,2026-09-29T17:44:35+00:00,PKRV130520221992.csv,data/raw/mufap/pkrv/PKRV130520221992.csv,csv,0657fbbf3c6892b93b1111358864ca7717ee590f91fac0fe961fceba279e8fd3,338,SUCCESS,observation_date=2022-05-13; selection_basis=AUTO_READY; content_type=application/octet-stream
PKRV,MUFAP,MUFAP current pricing API approved acquisition plan,https://www.mufap.com.pk/Upload/WebDoc/IndustryStatictics/PKRV160520221993.csv,2026-09-29T17:44:36+00:00,PKRV160520221993.csv,data/raw/mufap/pkrv/PKRV160520221993.csv,csv,78203361d9e60965cb7c317cfee52aa966e025a758b75fd2204e472fc45c4ea4,328,SUCCESS,observation_date=2022-05-16; selection_basis=AUTO_READY; content_type=application/octet-stream
PKRV,MUFAP,MUFAP current pricing API approved acquisition plan,https://www.mufap.com.pk/Upload/WebDoc/IndustryStatictics/PKRV170520221994.csv,2026-09-29T17:44:37+00:00,PKRV170520221994.csv,data/raw/mufap/pkrv/PKRV170520221994.csv,csv,fd2239a097acd6c30f6d0fb738d7635ddbb6a604e0a739846238db905c1a15ee,341,SUCCESS,observation_date=2022-05-17; selection_basis=AUTO_READY; content_type=application/octet-stream
PKRV,MUFAP,MUFAP current pricing API approved acquisition plan,https://www.mufap.com.pk/Upload/WebDoc/IndustryStatictics/PKRV180520221995.csv,2026-09-29T17:44:37+00:00,PKRV180520221995.csv,data/raw/mufap/pkrv/PKRV180520221995.csv,csv,67b0e0de4a18453058587725d4881a419bf80298aab6e796e2cf0040c9a9fe0f,326,SUCCESS,observation_date=2022-05-18; selection_basis=AUTO_READY; content_type=application/octet-stream
PKRV,MUFAP,MUFAP current pricing API approved acquisition plan,https://www.mufap.com.pk/Upload/WebDoc/IndustryStatictics/PKRV190520221996.csv,2026-09-29T17:44:38+00:00,PKRV190520221996.csv,data/raw/mufap/pkrv/PKRV190520221996.csv,csv,9e03213a3be19ec1cf3a60366b03551788451d19d9a38598e902d728fd6ef031,344,SUCCESS,observation_date=2022-05-19; selection_basis=AUTO_READY; content_type=application/octet-stream
PKRV,MUFAP,MUFAP current pricing API approved acquisition plan,https://www.mufap.com.pk/Upload/WebDoc/IndustryStatictics/PKRV200520221997.csv,2026-09-29T17:44:39+00:00,PKRV200520221997.csv,data/raw/mufap/pkrv/PKRV200520221997.csv,csv,415f56cd8ac83c24ccc45285df53b0173474cfd4a51575b733d2a7a688ef9bd4,335,SUCCESS,observation_date=2022-05-20; selection_basis=AUTO_READY; content_type=application/octet-stream
PKRV,MUFAP,MUFAP current pricing API approved acquisition plan,https://www.mufap.com.pk/Upload/WebDoc/IndustryStatictics/PKRV230520221998.csv,2026-09-29T17:44:40+00:00,PKRV230520221998.csv,data/raw/mufap/pkrv/PKRV230520221998.csv,csv,e873adff78bcf1c4e79b6c32daf82fa3edce5980518d938ea845bf5d2e3c2e86,326,SUCCESS,observation_date=2022-05-23; selection_basis=AUTO_READY; content_type=application/octet-stream
PKRV,MUFAP,MUFAP current pricing API approved acquisition plan,https://www.mufap.com.pk/Upload/WebDoc/IndustryStatictics/PKRV240520221999.csv,2026-09-29T17:44:40+00:00,PKRV240520221999.csv,data/raw/mufap/pkrv/PKRV240520221999.csv,csv,9fb8f59e7f894be9798370f90ea994428a4d955de6e29f69b86db6618c39da39,339,SUCCESS,observation_date=2022-05-24; selection_basis=AUTO_READY; content_type=application/octet-stream
PKRV,MUFAP,MUFAP current pricing API approved acquisition plan,https://www.mufap.com.pk/Upload/WebDoc/IndustryStatictics/PKRV250520222000.csv,2026-09-29T17:44:41+00:00,PKRV250520222000.csv,data/raw/mufap/pkrv/PKRV250520222000.csv,csv,38eaf9ab7bd3436d3f5256986314de35d098db92f5b764cc2d10ddd67135519f,332,SUCCESS,observation_date=2022-05-25; selection_basis=AUTO_READY; content_type=application/octet-stream
PKRV,MUFAP,MUFAP current pricing API approved acquisition plan,https://www.mufap.com.pk/Upload/WebDoc/IndustryStatictics/PKRV260520222001.csv,2026-09-29T17:44:41+00:00,PKRV260520222001.csv,data/raw/mufap/pkrv/PKRV260520222001.csv,csv,c24018ce00893ed5d4f9adc2fcf42e0e8f6860c8127d98d9a33688ebf3aa39f4,339,SUCCESS,observation_date=2022-05-26; selection_basis=AUTO_READY; content_type=application/octet-stream
PKRV,MUFAP,MUFAP current pricing API approved acquisition plan,https://www.mufap.com.pk/Upload/WebDoc/IndustryStatictics/PKRV270520222002.csv,2026-09-29T17:44:42+00:00,PKRV270520222002.csv,data/raw/mufap/pkrv/PKRV270520222002.csv,csv,a87a79778a573ec9b7960edbfef2048c391f50e933a7a0dc92911f4985ad6980,341,SUCCESS,observation_date=2022-05-27; selection_basis=AUTO_READY; content_type=application/octet-stream
PKRV,MUFAP,MUFAP current pricing API approved acquisition plan,https://www.mufap.com.pk/Upload/WebDoc/IndustryStatictics/PKRV300520222003.csv,2026-09-29T17:44:43+00:00,PKRV300520222003.csv,data/raw/mufap/pkrv/PKRV300520222003.csv,csv,d51f839a8ba413792e9dc67db3331aba336b96503bbd0ad4413cccbb37ab8764,331,SUCCESS,observation_date=2022-05-30; selection_basis=AUTO_READY; content_type=application/octet-stream
PKRV,MUFAP,MUFAP current pricing API approved acquisition plan,https://www.mufap.com.pk/Upload/WebDoc/IndustryStatictics/PKRV310520222004.csv,2026-09-29T17:44:44+00:00,PKRV310520222004.csv,data/raw/mufap/pkrv/PKRV310520222004.csv,csv,e1fb7f378cb92549bcd9410673eb15b5810bb9ff4a271cab739dfaf2bae908e1,330,SUCCESS,observation_date=2022-05-31; selection_basis=AUTO_READY; content_type=application/octet-stream
PKRV,MUFAP,MUFAP current pricing API approved acquisition plan,https://www.mufap.com.pk/Upload/WebDoc/IndustryStatictics/PKRV010620222008.csv,2026-09-29T17:44:44+00:00,PKRV010620222008.csv,data/raw/mufap/pkrv/PKRV010620222008.csv,csv,811bbedc20866c25309bece2875472599f9f9a4ea0a33cae4b7aee0eaf3ac341,337,SUCCESS,observation_date=2022-06-01; selection_basis=AUTO_READY; content_type=application/octet-stream
PKRV,MUFAP,MUFAP current pricing API approved acquisition plan,https://www.mufap.com.pk/Upload/WebDoc/IndustryStatictics/PKRV020620222009.csv,2026-09-29T17:44:45+00:00,PKRV020620222009.csv,data/raw/mufap/pkrv/PKRV020620222009.csv,csv,630e40ca449c1cb97de1bad5506c187e1d9901e9bba16a0e8d063ef4fec99810,326,SUCCESS,observation_date=2022-06-02; selection_basis=AUTO_READY; content_type=application/octet-stream
PKRV,MUFAP,MUFAP current pricing API approved acquisition plan,https://www.mufap.com.pk/Upload/WebDoc/IndustryStatictics/PKRV030620222010.csv,2026-09-29T17:44:46+00:00,PKRV030620222010.csv,data/raw/mufap/pkrv/PKRV030620222010.csv,csv,b7f1673ce4af03100c8eb28b21db4535ba351882ddf141f4ee7dbdad9cdc3ffe,330,SUCCESS,observation_date=2022-06-03; selection_basis=AUTO_READY; content_type=application/octet-stream
PKRV,MUFAP,MUFAP current pricing API approved acquisition plan,https://www.mufap.com.pk/Upload/WebDoc/IndustryStatictics/PKRV060620222011.csv,2026-09-29T17:44:47+00:00,PKRV060620222011.csv,data/raw/mufap/pkrv/PKRV060620222011.csv,csv,5535331d7686ab6ebdb5f315c9ef5a786e47a0961ea7f8d9c480eb5aa03ca48e,334,SUCCESS,observation_date=2022-06-06; selection_basis=AUTO_READY; content_type=application/octet-stream
PKRV,MUFAP,MUFAP current pricing API approved acquisition plan,https://www.mufap.com.pk/Upload/WebDoc/IndustryStatictics/PKRV070620222012.csv,2026-09-29T17:44:48+00:00,PKRV070620222012.csv,data/raw/mufap/pkrv/PKRV070620222012.csv,csv,778f64db0429be329402690c69641879eb7bc7ea07132995d337a93d2812b959,329,SUCCESS,observation_date=2022-06-07; selection_basis=AUTO_READY; content_type=application/octet-stream
PKRV,MUFAP,MUFAP current pricing API approved acquisition plan,https://www.mufap.com.pk/Upload/WebDoc/IndustryStatictics/PKRV080620222013.csv,2026-09-29T17:44:49+00:00,PKRV080620222013.csv,data/raw/mufap/pkrv/PKRV080620222013.csv,csv,00a7b99b0f934129dbabca89f4264ce1617a11b1b2cbc0495a98379396a52f99,332,SUCCESS,observation_date=2022-06-08; selection_basis=AUTO_READY; content_type=application/octet-stream
PKRV,MUFAP,MUFAP current pricing API approved acquisition plan,https://www.mufap.com.pk/Upload/WebDoc/IndustryStatictics/PKRV090620222014.csv,2026-09-29T17:44:49+00:00,PKRV090620222014.csv,data/raw/mufap/pkrv/PKRV090620222014.csv,csv,32645e8abc0bbf4a0167b4fb6fce26dfc6349e15b6f6f552f56453e13808384f,334,SUCCESS,observation_date=2022-06-09; selection_basis=AUTO_READY; content_type=application/octet-stream
PKRV,MUFAP,MUFAP current pricing API approved acquisition plan,https://www.mufap.com.pk/Upload/WebDoc/IndustryStatictics/PKRV100620222015.csv,2026-09-29T17:44:50+00:00,PKRV100620222015.csv,data/raw/mufap/pkrv/PKRV100620222015.csv,csv,0e6f4406f74589cafd9de467a74ac7ca84e85fd115c9b562802383689b0b1c5c,339,SUCCESS,observation_date=2022-06-10; selection_basis=AUTO_READY; content_type=application/octet-stream
PKRV,MUFAP,MUFAP current pricing API approved acquisition plan,https://www.mufap.com.pk/Upload/WebDoc/IndustryStatictics/PKRV130620222016.csv,2026-09-29T17:44:51+00:00,PKRV130620222016.csv,data/raw/mufap/pkrv/PKRV130620222016.csv,csv,a4330a4b09081e457140e44e8f07710b8f71ed4a246de3626aa3f59224f93d59,332,SUCCESS,observation_date=2022-06-13; selection_basis=AUTO_READY; content_type=application/octet-stream
PKRV,MUFAP,MUFAP current pricing API approved acquisition plan,https://www.mufap.com.pk/Upload/WebDoc/IndustryStatictics/PKRV140620222017.csv,2026-09-29T17:44:52+00:00,PKRV140620222017.csv,data/raw/mufap/pkrv/PKRV140620222017.csv,csv,507afa302e47bc9dcb2b9231f61fc0dd2e0e565f2a2d9352b84e998fd7c600fb,326,SUCCESS,observation_date=2022-06-14; selection_basis=AUTO_READY; content_type=application/octet-stream
PKRV,MUFAP,MUFAP current pricing API approved acquisition plan,https://www.mufap.com.pk/Upload/WebDoc/IndustryStatictics/PKRV150620222018.csv,2026-09-29T17:44:52+00:00,PKRV150620222018.csv,data/raw/mufap/pkrv/PKRV150620222018.csv,csv,09edd97c6a1ace6b206742870484ec982fbf3ec78a6e8a1a218de71c84078eb0,327,SUCCESS,observation_date=2022-06-15; selection_basis=AUTO_READY; content_type=application/octet-stream
PKRV,MUFAP,MUFAP current pricing API approved acquisition plan,https://www.mufap.com.pk/Upload/WebDoc/IndustryStatictics/PKRV160620222019.csv,2026-09-29T17:44:53+00:00,PKRV160620222019.csv,data/raw/mufap/pkrv/PKRV160620222019.csv,csv,b5a320b86d652b5dbd3a6e20487aa145938871e4ba7af1dbb9dcc81e81cf00f5,345,SUCCESS,observation_date=2022-06-16; selection_basis=AUTO_READY; content_type=application/octet-stream
PKRV,MUFAP,MUFAP current pricing API approved acquisition plan,https://www.mufap.com.pk/Upload/WebDoc/IndustryStatictics/PKRV170620222020.csv,2026-09-29T17:44:54+00:00,PKRV170620222020.csv,data/raw/mufap/pkrv/PKRV170620222020.csv,csv,374b4c5645ae17f83f57abf09d93db35f61f16dc6dbdf3f3c220920f1d27860a,341,SUCCESS,observation_date=2022-06-17; selection_basis=AUTO_READY; content_type=application/octet-stream
PKRV,MUFAP,MUFAP current pricing API approved acquisition plan,https://www.mufap.com.pk/Upload/WebDoc/IndustryStatictics/PKRV200620222021.csv,2026-09-29T17:44:55+00:00,PKRV200620222021.csv,data/raw/mufap/pkrv/PKRV200620222021.csv,csv,86350f43282c72009cafff82bdde1e37ea09639d319488f589bb9ba65f3a857e,332,SUCCESS,observation_date=2022-06-20; selection_basis=AUTO_READY; content_type=application/octet-stream
PKRV,MUFAP,MUFAP current pricing API approved acquisition plan,https://www.mufap.com.pk/Upload/WebDoc/IndustryStatictics/PKRV210620222022.csv,2026-09-29T17:44:55+00:00,PKRV210620222022.csv,data/raw/mufap/pkrv/PKRV210620222022.csv,csv,c0abb949cd43b552da0d2894bfef0783754562aaaa0b381e7a2c23dd1e01b88e,333,SUCCESS,observation_date=2022-06-21; selection_basis=AUTO_READY; content_type=application/octet-stream
PKRV,MUFAP,MUFAP current pricing API approved acquisition plan,https://www.mufap.com.pk/Upload/WebDoc/IndustryStatictics/PKRV220620222023.csv,2026-09-29T17:44:56+00:00,PKRV220620222023.csv,data/raw/mufap/pkrv/PKRV220620222023.csv,csv,db4569c4189e6993f2e32ab0b0ac28eb66b276709c8326e5a3dd9ed1b0bdae6d,330,SUCCESS,observation_date=2022-06-22; selection_basis=AUTO_READY; content_type=application/octet-stream
PKRV,MUFAP,MUFAP current pricing API approved acquisition plan,https://www.mufap.com.pk/Upload/WebDoc/IndustryStatictics/PKRV230620222024.csv,2026-09-29T17:44:57+00:00,PKRV230620222024.csv,data/raw/mufap/pkrv/PKRV230620222024.csv,csv,6bd1a81cfb34cdf3267e92ef0ee16d1f4ea46c62fcef8427ca5823e30169fe4c,345,SUCCESS,observation_date=2022-06-23; selection_basis=AUTO_READY; content_type=application/octet-stream
PKRV,MUFAP,MUFAP current pricing API approved acquisition plan,https://www.mufap.com.pk/Upload/WebDoc/IndustryStatictics/PKRV240620222025.csv,2026-09-29T17:44:58+00:00,PKRV240620222025.csv,data/raw/mufap/pkrv/PKRV240620222025.csv,csv,2bad20b27115f34791ff68a5a864f85d6bac1e5cd30272962051bc67c6dd1a25,337,SUCCESS,observation_date=2022-06-24; selection_basis=AUTO_READY; content_type=application/octet-stream
PKRV,MUFAP,MUFAP current pricing API approved acquisition plan,https://www.mufap.com.pk/Upload/WebDoc/IndustryStatictics/PKRV270620222026.csv,2026-09-29T17:44:58+00:00,PKRV270620222026.csv,data/raw/mufap/pkrv/PKRV270620222026.csv,csv,00c2b7f4cd4f36e7454919126d6df52088e64b5de00329e400f5c49f7dc6f17c,337,SUCCESS,observation_date=2022-06-27; selection_basis=AUTO_READY; content_type=application/octet-stream
PKRV,MUFAP,MUFAP current pricing API approved acquisition plan,https://www.mufap.com.pk/Upload/WebDoc/IndustryStatictics/PKRV280620222027.csv,2026-09-29T17:44:59+00:00,PKRV280620222027.csv,data/raw/mufap/pkrv/PKRV280620222027.csv,csv,5046d8527a6d1f5fd6ae2648fd3e4dc2a21918ab71108c29b1a1af52204cd774,340,SUCCESS,observation_date=2022-06-28; selection_basis=AUTO_READY; content_type=application/octet-stream
PKRV,MUFAP,MUFAP current pricing API approved acquisition plan,https://www.mufap.com.pk/Upload/WebDoc/IndustryStatictics/PKRV290620222028.csv,2026-09-29T17:45:00+00:00,PKRV290620222028.csv,data/raw/mufap/pkrv/PKRV290620222028.csv,csv,616846782cc9ad92684a236d5b4afd9d2486c7ff41c8fc8c169a77889d3666c6,326,SUCCESS,observation_date=2022-06-29; selection_basis=AUTO_READY; content_type=application/octet-stream
PKRV,MUFAP,MUFAP current pricing API approved acquisition plan,https://www.mufap.com.pk/Upload/WebDoc/IndustryStatictics/PKRV300620222029.csv,2026-09-29T17:45:01+00:00,PKRV300620222029.csv,data/raw/mufap/pkrv/PKRV300620222029.csv,csv,d15c0385b8c9a5d29c955bad8e664269a7a9724d26e21ea2cfaaf6d43481c877,333,SUCCESS,observation_date=2022-06-30; selection_basis=AUTO_READY; content_type=application/octet-stream
PKRV,MUFAP,MUFAP current pricing API approved acquisition plan,https://www.mufap.com.pk/Upload/WebDoc/IndustryStatictics/PKRV040720222041.csv,2026-09-29T17:45:01+00:00,PKRV040720222041.csv,data/raw/mufap/pkrv/PKRV040720222041.csv,csv,0ee1563eeaffa08bd1f752f5da8c282fe23759725151365fbd2ea1b2abe24285,1332,SUCCESS,observation_date=2022-07-04; selection_basis=AUTO_READY; content_type=application/octet-stream
PKRV,MUFAP,MUFAP current pricing API approved acquisition plan,https://www.mufap.com.pk/Upload/WebDoc/IndustryStatictics/PKRV050720222042.csv,2026-09-29T17:45:02+00:00,PKRV050720222042.csv,data/raw/mufap/pkrv/PKRV050720222042.csv,csv,952c3470b25d06b851353b6872db45b142c27daac3075d1c1ce45f7a4ef17b34,332,SUCCESS,observation_date=2022-07-05; selection_basis=AUTO_READY; content_type=application/octet-stream
PKRV,MUFAP,MUFAP current pricing API approved acquisition plan,https://www.mufap.com.pk/Upload/WebDoc/IndustryStatictics/PKRV060720222043.csv,2026-09-29T17:45:03+00:00,PKRV060720222043.csv,data/raw/mufap/pkrv/PKRV060720222043.csv,csv,1f4abae1fb6a7d00c0dd1c89d120899e6dca7dfe373246419241e5ec2d86b424,339,SUCCESS,observation_date=2022-07-06; selection_basis=AUTO_READY; content_type=application/octet-stream
PKRV,MUFAP,MUFAP current pricing API approved acquisition plan,https://www.mufap.com.pk/Upload/WebDoc/IndustryStatictics/PKRV070720222044.csv,2026-09-29T17:45:04+00:00,PKRV070720222044.csv,data/raw/mufap/pkrv/PKRV070720222044.csv,csv,ffe46caae9e2b7ba1e470e343df639b931ddf044beedbef85efe410ff1b93ca2,340,SUCCESS,observation_date=2022-07-07; selection_basis=AUTO_READY; content_type=application/octet-stream
PKRV,MUFAP,MUFAP current pricing API approved acquisition plan,https://www.mufap.com.pk/Upload/WebDoc/IndustryStatictics/PKRV130720222045.csv,2026-09-29T17:45:04+00:00,PKRV130720222045.csv,data/raw/mufap/pkrv/PKRV130720222045.csv,csv,25bd482f2757d01efda2227bdb37db55b4907e1384dc15533162674d427f5c99,2271,SUCCESS,observation_date=2022-07-13; selection_basis=AUTO_READY; content_type=application/octet-stream
PKRV,MUFAP,MUFAP current pricing API approved acquisition plan,https://www.mufap.com.pk/Upload/WebDoc/IndustryStatictics/PKRV140720222046.csv,2026-09-29T17:45:05+00:00,PKRV140720222046.csv,data/raw/mufap/pkrv/PKRV140720222046.csv,csv,25ab5f0c8e4a1d38e3eacaf35d7c7ae1fec11a6daf703ac4c8866a6af9eed8e2,348,SUCCESS,observation_date=2022-07-14; selection_basis=AUTO_READY; content_type=application/octet-stream
PKRV,MUFAP,MUFAP current pricing API approved acquisition plan,https://www.mufap.com.pk/Upload/WebDoc/IndustryStatictics/PKRV150720222047.csv,2026-09-29T17:45:06+00:00,PKRV150720222047.csv,data/raw/mufap/pkrv/PKRV150720222047.csv,csv,8a9869eec514c5ad34071c36e14e524db212c18d8c12725b637ead7fa97905b2,346,SUCCESS,observation_date=2022-07-15; selection_basis=AUTO_READY; content_type=application/octet-stream
PKRV,MUFAP,MUFAP current pricing API approved acquisition plan,https://www.mufap.com.pk/Upload/WebDoc/IndustryStatictics/PKRV180720222048.csv,2026-09-29T17:45:07+00:00,PKRV180720222048.csv,data/raw/mufap/pkrv/PKRV180720222048.csv,csv,f71a66fc634bc7e34fd8a07783a7fe2913632b96885368a4153c196dff3d08d7,327,SUCCESS,observation_date=2022-07-18; selection_basis=AUTO_READY; content_type=application/octet-stream
PKRV,MUFAP,MUFAP current pricing API approved acquisition plan,https://www.mufap.com.pk/Upload/WebDoc/IndustryStatictics/PKRV190720222049.csv,2026-09-29T17:45:07+00:00,PKRV190720222049.csv,data/raw/mufap/pkrv/PKRV190720222049.csv,csv,8e7eda1763c98d48c76127bd1dd3d65d675cef26b11be206ed7d0e3027a99663,329,SUCCESS,observation_date=2022-07-19; selection_basis=AUTO_READY; content_type=application/octet-stream
PKRV,MUFAP,MUFAP current pricing API approved acquisition plan,https://www.mufap.com.pk/Upload/WebDoc/IndustryStatictics/PKRV200720222050.csv,2026-09-29T17:45:08+00:00,PKRV200720222050.csv,data/raw/mufap/pkrv/PKRV200720222050.csv,csv,3dd72f158dd2a8687b6f95aaa16f759bf29b4701520e71cb3f8f0118eb0f6c40,338,SUCCESS,observation_date=2022-07-20; selection_basis=AUTO_READY; content_type=application/octet-stream
PKRV,MUFAP,MUFAP current pricing API approved acquisition plan,https://www.mufap.com.pk/Upload/WebDoc/IndustryStatictics/PKRV210720222051.csv,2026-09-29T17:45:09+00:00,PKRV210720222051.csv,data/raw/mufap/pkrv/PKRV210720222051.csv,csv,51d49eafb775b1fb467229b4bdff5799f3012d1d84dbe1e03626be9547fe8c67,334,SUCCESS,observation_date=2022-07-21; selection_basis=AUTO_READY; content_type=application/octet-stream
PKRV,MUFAP,MUFAP current pricing API approved acquisition plan,https://www.mufap.com.pk/Upload/WebDoc/IndustryStatictics/PKRV220720222052.csv,2026-09-29T17:45:10+00:00,PKRV220720222052.csv,data/raw/mufap/pkrv/PKRV220720222052.csv,csv,820376f603c1fed06ec6ddbd69f43194585887ca47968dc1ac71f2d07401bd82,332,SUCCESS,observation_date=2022-07-22; selection_basis=AUTO_READY; content_type=application/octet-stream
PKRV,MUFAP,MUFAP current pricing API approved acquisition plan,https://www.mufap.com.pk/Upload/WebDoc/IndustryStatictics/PKRV250720222053.csv,2026-09-29T17:45:11+00:00,PKRV250720222053.csv,data/raw/mufap/pkrv/PKRV250720222053.csv,csv,d14f560ca3cf5f1447bef5d304aec6ea3f404f2d4a5edb2687338a6ce1f15837,329,SUCCESS,observation_date=2022-07-25; selection_basis=AUTO_READY; content_type=application/octet-stream
PKRV,MUFAP,MUFAP current pricing API approved acquisition plan,https://www.mufap.com.pk/Upload/WebDoc/IndustryStatictics/PKRV260720222054.csv,2026-09-29T17:45:11+00:00,PKRV260720222054.csv,data/raw/mufap/pkrv/PKRV260720222054.csv,csv,2bd4f6b613b1380a600d92494168aa2c1b6a92a847941f65ab00fd96c07ab5a6,331,SUCCESS,observation_date=2022-07-26; selection_basis=AUTO_READY; content_type=application/octet-stream
PKRV,MUFAP,MUFAP current pricing API approved acquisition plan,https://www.mufap.com.pk/Upload/WebDoc/IndustryStatictics/PKRV270720222055.csv,2026-09-29T17:45:12+00:00,PKRV270720222055.csv,data/raw/mufap/pkrv/PKRV270720222055.csv,csv,fdb363da5659fb3f5daec4f65ac4fecceb978210514f280fc4539d1178922291,326,SUCCESS,observation_date=2022-07-27; selection_basis=AUTO_READY; content_type=application/octet-stream
PKRV,MUFAP,MUFAP current pricing API approved acquisition plan,https://www.mufap.com.pk/Upload/WebDoc/IndustryStatictics/PKRV280720222056.csv,2026-09-29T17:45:13+00:00,PKRV280720222056.csv,data/raw/mufap/pkrv/PKRV280720222056.csv,csv,bf573c73bcdfe428350ab217b208c6564996b10d3fd47815e33d3366319030f4,329,SUCCESS,observation_date=2022-07-28; selection_basis=AUTO_READY; content_type=application/octet-stream
PKRV,MUFAP,MUFAP current pricing API approved acquisition plan,https://www.mufap.com.pk/Upload/WebDoc/IndustryStatictics/PKRV290720222057.csv,2026-09-29T17:45:14+00:00,PKRV290720222057.csv,data/raw/mufap/pkrv/PKRV290720222057.csv,csv,0cfe505976831247fd2926c444c797a1f5700d099790241c5ae0dd5faf47ba84,331,SUCCESS,observation_date=2022-07-29; selection_basis=AUTO_READY; content_type=application/octet-stream
PKRV,MUFAP,MUFAP current pricing API approved acquisition plan,https://www.mufap.com.pk/Upload/WebDoc/IndustryStatictics/PKRV010820222058.csv,2026-09-29T17:45:14+00:00,PKRV010820222058.csv,data/raw/mufap/pkrv/PKRV010820222058.csv,csv,308007bb3b195c916581bf38368770b51d832ee636f3eb64523d022e4228ca04,338,SUCCESS,observation_date=2022-08-01; selection_basis=AUTO_READY; content_type=application/octet-stream
PKRV,MUFAP,MUFAP current pricing API approved acquisition plan,https://www.mufap.com.pk/Upload/WebDoc/IndustryStatictics/PKRV020820222059.csv,2026-09-29T17:45:15+00:00,PKRV020820222059.csv,data/raw/mufap/pkrv/PKRV020820222059.csv,csv,664069f6c79a26d2b6be24769bb2bc799de9086597867ec893917adf6744ae50,345,SUCCESS,observation_date=2022-08-02; selection_basis=AUTO_READY; content_type=application/octet-stream
PKRV,MUFAP,MUFAP current pricing API approved acquisition plan,https://www.mufap.com.pk/Upload/WebDoc/IndustryStatictics/PKRV030820222060.csv,2026-09-29T17:45:16+00:00,PKRV030820222060.csv,data/raw/mufap/pkrv/PKRV030820222060.csv,csv,21d93d53286d0039e537c926929445449cba924cddf816b8e15bdc2331bc5965,331,SUCCESS,observation_date=2022-08-03; selection_basis=AUTO_READY; content_type=application/octet-stream
PKRV,MUFAP,MUFAP current pricing API approved acquisition plan,https://www.mufap.com.pk/Upload/WebDoc/IndustryStatictics/PKRV040820222061.csv,2026-09-29T17:45:17+00:00,PKRV040820222061.csv,data/raw/mufap/pkrv/PKRV040820222061.csv,csv,190abfc3606a6ac377ed49a0f371c350cbdbc465cfaff0fbd037171bb88f4a4e,339,SUCCESS,observation_date=2022-08-04; selection_basis=AUTO_READY; content_type=application/octet-stream
PKRV,MUFAP,MUFAP current pricing API approved acquisition plan,https://www.mufap.com.pk/Upload/WebDoc/IndustryStatictics/PKRV050820222062.csv,2026-09-29T17:45:17+00:00,PKRV050820222062.csv,data/raw/mufap/pkrv/PKRV050820222062.csv,csv,afac7bafffb018cd87d32c7d697deca27189c1bd58ee465e239a4dfeb312f23d,332,SUCCESS,observation_date=2022-08-05; selection_basis=AUTO_READY; content_type=application/octet-stream
PKRV,MUFAP,MUFAP current pricing API approved acquisition plan,https://www.mufap.com.pk/Upload/WebDoc/IndustryStatictics/PKRV100820222063.csv,2026-09-29T17:45:18+00:00,PKRV100820222063.csv,data/raw/mufap/pkrv/PKRV100820222063.csv,csv,4d712222db96ec6058ed67954d178759b3a72ee0b0cefa1a36862ca0a8715906,322,SUCCESS,observation_date=2022-08-10; selection_basis=AUTO_READY; content_type=application/octet-stream
PKRV,MUFAP,MUFAP current pricing API approved acquisition plan,https://www.mufap.com.pk/Upload/WebDoc/IndustryStatictics/PKRV110820222064.csv,2026-09-29T17:45:19+00:00,PKRV110820222064.csv,data/raw/mufap/pkrv/PKRV110820222064.csv,csv,7774cbf519fef286c95bc9698db93e694158d5b0a1be988122b8076ddbb20673,333,SUCCESS,observation_date=2022-08-11; selection_basis=AUTO_READY; content_type=application/octet-stream
PKRV,MUFAP,MUFAP current pricing API approved acquisition plan,https://www.mufap.com.pk/Upload/WebDoc/IndustryStatictics/PKRV120820222065.csv,2026-09-29T17:45:19+00:00,PKRV120820222065.csv,data/raw/mufap/pkrv/PKRV120820222065.csv,csv,b4b6847f34ffbeaccb7e10b1334fe04c6894a1bb409ea2851eec8a8a71014fb7,329,SUCCESS,observation_date=2022-08-12; selection_basis=AUTO_READY; content_type=application/octet-stream
PKRV,MUFAP,MUFAP current pricing API approved acquisition plan,https://www.mufap.com.pk/Upload/WebDoc/IndustryStatictics/PKRV150820222066.csv,2026-09-29T17:45:20+00:00,PKRV150820222066.csv,data/raw/mufap/pkrv/PKRV150820222066.csv,csv,3229ce9d8797afb26a2849bce09727839528e716ec98fe279c7abc1a9992e343,330,SUCCESS,observation_date=2022-08-15; selection_basis=AUTO_READY; content_type=application/octet-stream
PKRV,MUFAP,MUFAP current pricing API approved acquisition plan,https://www.mufap.com.pk/Upload/WebDoc/IndustryStatictics/PKRV160820222067.csv,2026-09-29T17:45:21+00:00,PKRV160820222067.csv,data/raw/mufap/pkrv/PKRV160820222067.csv,csv,c62f36bc685e66e1ce834c4c5f36b746f966c3308775aee6ae2fc3b78903aa5f,334,SUCCESS,observation_date=2022-08-16; selection_basis=AUTO_READY; content_type=application/octet-stream
PKRV,MUFAP,MUFAP current pricing API approved acquisition plan,https://www.mufap.com.pk/Upload/WebDoc/IndustryStatictics/PKRV170820222068.csv,2026-09-29T17:45:21+00:00,PKRV170820222068.csv,data/raw/mufap/pkrv/PKRV170820222068.csv,csv,d30142db9254792237d6c0a83373059f5bf2e86990e0b1f5358b9972ca6177a4,340,SUCCESS,observation_date=2022-08-17; selection_basis=AUTO_READY; content_type=application/octet-stream
PKRV,MUFAP,MUFAP current pricing API approved acquisition plan,https://www.mufap.com.pk/Upload/WebDoc/IndustryStatictics/PKRV180820222069.csv,2026-09-29T17:45:22+00:00,PKRV180820222069.csv,data/raw/mufap/pkrv/PKRV180820222069.csv,csv,4a6b27e8761670b85c2dce4535a6e9781b359eb37f40dd114a4b8c65253ec73a,1378,SUCCESS,observation_date=2022-08-18; selection_basis=AUTO_READY; content_type=application/octet-stream
PKRV,MUFAP,MUFAP current pricing API approved acquisition plan,https://www.mufap.com.pk/Upload/WebDoc/IndustryStatictics/PKRV190820222070.csv,2026-09-29T17:45:23+00:00,PKRV190820222070.csv,data/raw/mufap/pkrv/PKRV190820222070.csv,csv,d6b8e62362b971d42c2d3eec427ff19f112d1d1945534aae9874b00546ba5684,328,SUCCESS,observation_date=2022-08-19; selection_basis=AUTO_READY; content_type=application/octet-stream
PKRV,MUFAP,MUFAP current pricing API approved acquisition plan,https://www.mufap.com.pk/Upload/WebDoc/IndustryStatictics/PKRV220820222071.csv,2026-09-29T17:45:24+00:00,PKRV220820222071.csv,data/raw/mufap/pkrv/PKRV220820222071.csv,csv,ab0365161d673d729c8acb181475b174d1e60f3dc19dba40da9b25ed99f62e2b,332,SUCCESS,observation_date=2022-08-22; selection_basis=AUTO_READY; content_type=application/octet-stream
PKRV,MUFAP,MUFAP current pricing API approved acquisition plan,https://www.mufap.com.pk/Upload/WebDoc/IndustryStatictics/PKRV230820222072.csv,2026-09-29T17:45:24+00:00,PKRV230820222072.csv,data/raw/mufap/pkrv/PKRV230820222072.csv,csv,a6695ca5e9ac2c866e2f60170b72a83b058628588a95ba32a1f592b258a8e948,340,SUCCESS,observation_date=2022-08-23; selection_basis=AUTO_READY; content_type=application/octet-stream
PKRV,MUFAP,MUFAP current pricing API approved acquisition plan,https://www.mufap.com.pk/Upload/WebDoc/IndustryStatictics/PKRV240820222073.csv,2026-09-29T17:45:25+00:00,PKRV240820222073.csv,data/raw/mufap/pkrv/PKRV240820222073.csv,csv,e76591f48d0b63ae353b0a4efdc60ac4d70b43487b3cd3283a7e407d751507e3,340,SUCCESS,observation_date=2022-08-24; selection_basis=AUTO_READY; content_type=application/octet-stream
PKRV,MUFAP,MUFAP current pricing API approved acquisition plan,https://www.mufap.com.pk/Upload/WebDoc/IndustryStatictics/PKRV250820222074.csv,2026-09-29T17:45:26+00:00,PKRV250820222074.csv,data/raw/mufap/pkrv/PKRV250820222074.csv,csv,b9233b1001ca9cbc30d74c8cf8b631a2a30e79816b422ae3207e3300b77b5bb8,331,SUCCESS,observation_date=2022-08-25; selection_basis=AUTO_READY; content_type=application/octet-stream
PKRV,MUFAP,MUFAP current pricing API approved acquisition plan,https://www.mufap.com.pk/Upload/WebDoc/IndustryStatictics/PKRV260820222075.csv,2026-09-29T17:45:26+00:00,PKRV260820222075.csv,data/raw/mufap/pkrv/PKRV260820222075.csv,csv,124d589798e32fae934300d60fb68f684b1103bd82080755571cbf81465dc821,329,SUCCESS,observation_date=2022-08-26; selection_basis=AUTO_READY; content_type=application/octet-stream
PKRV,MUFAP,MUFAP current pricing API approved acquisition plan,https://www.mufap.com.pk/Upload/WebDoc/IndustryStatictics/PKRV290820222076.csv,2026-09-29T17:45:27+00:00,PKRV290820222076.csv,data/raw/mufap/pkrv/PKRV290820222076.csv,csv,8e15ce8efbd7f45b3d9f46ed78152dc8170023fefa13486e0889fecf76fcd9d7,329,SUCCESS,observation_date=2022-08-29; selection_basis=AUTO_READY; content_type=application/octet-stream
PKRV,MUFAP,MUFAP current pricing API approved acquisition plan,https://www.mufap.com.pk/Upload/WebDoc/IndustryStatictics/PKRV300820222077.csv,2026-09-29T17:45:28+00:00,PKRV300820222077.csv,data/raw/mufap/pkrv/PKRV300820222077.csv,csv,8c97562d5ae0082befb769fdc42d27031568f3381f3206238ba7338b0b55b9cb,330,SUCCESS,observation_date=2022-08-30; selection_basis=AUTO_READY; content_type=application/octet-stream
PKRV,MUFAP,MUFAP current pricing API approved acquisition plan,https://www.mufap.com.pk/Upload/WebDoc/IndustryStatictics/PKRV310820222078.csv,2026-09-29T17:45:28+00:00,PKRV310820222078.csv,data/raw/mufap/pkrv/PKRV310820222078.csv,csv,2dcc7d51c58ce0ab266834054f5db62a2bde9a3ceb642d98393fe82f0e539a93,331,SUCCESS,observation_date=2022-08-31; selection_basis=AUTO_READY; content_type=application/octet-stream
PKRV,MUFAP,MUFAP current pricing API approved acquisition plan,https://www.mufap.com.pk/Upload/WebDoc/IndustryStatictics/PKRV010920222079.csv,2026-09-29T17:45:29+00:00,PKRV010920222079.csv,data/raw/mufap/pkrv/PKRV010920222079.csv,csv,70261e6a601d997ad78be7abdb67bc04e7b9ccb9ffeb06eaa7810d2d4e98c642,333,SUCCESS,observation_date=2022-09-01; selection_basis=AUTO_READY; content_type=application/octet-stream
PKRV,MUFAP,MUFAP current pricing API approved acquisition plan,https://www.mufap.com.pk/Upload/WebDoc/IndustryStatictics/PKRV020920222080.csv,2026-09-29T17:45:30+00:00,PKRV020920222080.csv,data/raw/mufap/pkrv/PKRV020920222080.csv,csv,63b0f4c3cc9a560abf0c91097fc4023352b8cf00408edda87e9f4ff02e93d88f,336,SUCCESS,observation_date=2022-09-02; selection_basis=AUTO_READY; content_type=application/octet-stream
PKRV,MUFAP,MUFAP current pricing API approved acquisition plan,https://www.mufap.com.pk/Upload/WebDoc/IndustryStatictics/PKRV050920222081.csv,2026-09-29T17:45:31+00:00,PKRV050920222081.csv,data/raw/mufap/pkrv/PKRV050920222081.csv,csv,4b4cd2409d2c151c9ab8071ab7865f2f8a77415c6c35812d746c02c29adc5a9b,334,SUCCESS,observation_date=2022-09-05; selection_basis=AUTO_READY; content_type=application/octet-stream
PKRV,MUFAP,MUFAP current pricing API approved acquisition plan,https://www.mufap.com.pk/Upload/WebDoc/IndustryStatictics/PKRV060920222082.csv,2026-09-29T17:45:32+00:00,PKRV060920222082.csv,data/raw/mufap/pkrv/PKRV060920222082.csv,csv,6052250c863d65bd333a1f755b8fca6455a1cc5e711f6df03c5f46a4af9ba89c,333,SUCCESS,observation_date=2022-09-06; selection_basis=AUTO_READY; content_type=application/octet-stream
PKRV,MUFAP,MUFAP current pricing API approved acquisition plan,https://www.mufap.com.pk/Upload/WebDoc/IndustryStatictics/PKRV070920222083.csv,2026-09-29T17:45:33+00:00,PKRV070920222083.csv,data/raw/mufap/pkrv/PKRV070920222083.csv,csv,dc6652266ceb66a2fada1d6e1aab37897c4f0e1bff230087b1b7a17e90e9ec6b,334,SUCCESS,observation_date=2022-09-07; selection_basis=AUTO_READY; content_type=application/octet-stream
PKRV,MUFAP,MUFAP current pricing API approved acquisition plan,https://www.mufap.com.pk/Upload/WebDoc/IndustryStatictics/PKRV080920222084.csv,2026-09-29T17:45:33+00:00,PKRV080920222084.csv,data/raw/mufap/pkrv/PKRV080920222084.csv,csv,376cae490744920b404ce24cff388e88222aa97e28c1fd0879cb571d946aa128,331,SUCCESS,observation_date=2022-09-08; selection_basis=AUTO_READY; content_type=application/octet-stream
PKRV,MUFAP,MUFAP current pricing API approved acquisition plan,https://www.mufap.com.pk/Upload/WebDoc/IndustryStatictics/PKRV090920222085.csv,2026-09-29T17:45:34+00:00,PKRV090920222085.csv,data/raw/mufap/pkrv/PKRV090920222085.csv,csv,f1220d7a97cef38a3010a0b91eb18734cbcd4f91f5e8a7c1ebd5c1604144bb68,334,SUCCESS,observation_date=2022-09-09; selection_basis=AUTO_READY; content_type=application/octet-stream
PKRV,MUFAP,MUFAP current pricing API approved acquisition plan,https://www.mufap.com.pk/Upload/WebDoc/IndustryStatictics/PKRV120920222086.csv,2026-09-29T17:45:35+00:00,PKRV120920222086.csv,data/raw/mufap/pkrv/PKRV120920222086.csv,csv,1fe658a1d671df16fd0c83ae51eee2d5e74537f680caa5010b6b1b7e2612acf2,329,SUCCESS,observation_date=2022-09-12; selection_basis=AUTO_READY; content_type=application/octet-stream
PKRV,MUFAP,MUFAP current pricing API approved acquisition plan,https://www.mufap.com.pk/Upload/WebDoc/IndustryStatictics/PKRV130920222087.csv,2026-09-29T17:45:36+00:00,PKRV130920222087.csv,data/raw/mufap/pkrv/PKRV130920222087.csv,csv,5da9ef8d6c0832d5542074cbec50f68069a499c06bae84334bd6978e3401504f,326,SUCCESS,observation_date=2022-09-13; selection_basis=AUTO_READY; content_type=application/octet-stream
PKRV,MUFAP,MUFAP current pricing API approved acquisition plan,https://www.mufap.com.pk/Upload/WebDoc/IndustryStatictics/PKRV140920222088.csv,2026-09-29T17:45:37+00:00,PKRV140920222088.csv,data/raw/mufap/pkrv/PKRV140920222088.csv,csv,b72a0d3f4ed336b795c39c14b289f139170b91db5f04609c27c1e6e4d7064331,327,SUCCESS,observation_date=2022-09-14; selection_basis=AUTO_READY; content_type=application/octet-stream
PKRV,MUFAP,MUFAP current pricing API approved acquisition plan,https://www.mufap.com.pk/Upload/WebDoc/IndustryStatictics/PKRV150920222089.csv,2026-09-29T17:45:38+00:00,PKRV150920222089.csv,data/raw/mufap/pkrv/PKRV150920222089.csv,csv,743d79841d4535427cf1a4242baf722548e84c69d5c8f094d6134bce135a7c48,336,SUCCESS,observation_date=2022-09-15; selection_basis=AUTO_READY; content_type=application/octet-stream
PKRV,MUFAP,MUFAP current pricing API approved acquisition plan,https://www.mufap.com.pk/Upload/WebDoc/IndustryStatictics/PKRV160920222090.csv,2026-09-29T17:45:38+00:00,PKRV160920222090.csv,data/raw/mufap/pkrv/PKRV160920222090.csv,csv,ba751cc18ff8743c6e4c5b9e3f8d3f28678c2dce7b3982ccf8fb4564857fd246,335,SUCCESS,observation_date=2022-09-16; selection_basis=AUTO_READY; content_type=application/octet-stream
PKRV,MUFAP,MUFAP current pricing API approved acquisition plan,https://www.mufap.com.pk/Upload/WebDoc/IndustryStatictics/PKRV190920222091.csv,2026-09-29T17:45:39+00:00,PKRV190920222091.csv,data/raw/mufap/pkrv/PKRV190920222091.csv,csv,5c6407cf7e619a14cdbbefdb72575b115f9233e8b882e539a2b4d045c3271f5e,334,SUCCESS,observation_date=2022-09-19; selection_basis=AUTO_READY; content_type=application/octet-stream
PKRV,MUFAP,MUFAP current pricing API approved acquisition plan,https://www.mufap.com.pk/Upload/WebDoc/IndustryStatictics/PKRV200920222092.csv,2026-09-29T17:45:39+00:00,PKRV200920222092.csv,data/raw/mufap/pkrv/PKRV200920222092.csv,csv,5559fad4117abb15dcb98bcb6ef2513cafb561821c2983b034b5e94548afb1fa,333,SUCCESS,observation_date=2022-09-20; selection_basis=AUTO_READY; content_type=application/octet-stream
PKRV,MUFAP,MUFAP current pricing API approved acquisition plan,https://www.mufap.com.pk/Upload/WebDoc/IndustryStatictics/PKRV210920222093.csv,2026-09-29T17:45:40+00:00,PKRV210920222093.csv,data/raw/mufap/pkrv/PKRV210920222093.csv,csv,8cdec7c29abc74f7f06df1981f4aa6fb32a51725db876b085a1b21fa98a5c2fc,327,SUCCESS,observation_date=2022-09-21; selection_basis=AUTO_READY; content_type=application/octet-stream
PKRV,MUFAP,MUFAP current pricing API approved acquisition plan,https://www.mufap.com.pk/Upload/WebDoc/IndustryStatictics/PKRV220920222094.csv,2026-09-29T17:45:41+00:00,PKRV220920222094.csv,data/raw/mufap/pkrv/PKRV220920222094.csv,csv,da7930c2e0b7c725fc145ae37e61ab174c39d7d2d911f5001b32b06e04b7aa35,335,SUCCESS,observation_date=2022-09-22; selection_basis=AUTO_READY; content_type=application/octet-stream
PKRV,MUFAP,MUFAP current pricing API approved acquisition plan,https://www.mufap.com.pk/Upload/WebDoc/IndustryStatictics/PKRV230920222095.csv,2026-09-29T17:45:42+00:00,PKRV230920222095.csv,data/raw/mufap/pkrv/PKRV230920222095.csv,csv,11674db52754331ee79264e63ab31c8c7603f2ea9967af043dd4c93dd2909ac6,338,SUCCESS,observation_date=2022-09-23; selection_basis=AUTO_READY; content_type=application/octet-stream
PKRV,MUFAP,MUFAP current pricing API approved acquisition plan,https://www.mufap.com.pk/Upload/WebDoc/IndustryStatictics/PKRV260920222096.csv,2026-09-29T17:45:43+00:00,PKRV260920222096.csv,data/raw/mufap/pkrv/PKRV260920222096.csv,csv,46b294e2c7bc7ec7546bb6aeb92a74f17d37d4847341046947fe916eca338ee2,350,SUCCESS,observation_date=2022-09-26; selection_basis=AUTO_READY; content_type=application/octet-stream
PKRV,MUFAP,MUFAP current pricing API approved acquisition plan,https://www.mufap.com.pk/Upload/WebDoc/IndustryStatictics/PKRV270920222097.csv,2026-09-29T17:45:43+00:00,PKRV270920222097.csv,data/raw/mufap/pkrv/PKRV270920222097.csv,csv,b4801b6d81054fd6fd5438248b9673b1a5a4e9006476e264827b8f06f333cd40,342,SUCCESS,observation_date=2022-09-27; selection_basis=AUTO_READY; content_type=application/octet-stream
PKRV,MUFAP,MUFAP current pricing API approved acquisition plan,https://www.mufap.com.pk/Upload/WebDoc/IndustryStatictics/PKRV280920222098.csv,2026-09-29T17:45:44+00:00,PKRV280920222098.csv,data/raw/mufap/pkrv/PKRV280920222098.csv,csv,e727548406d075817607c6cea6a42ce596ab3d702fb90ce0e8905c7734e06231,343,SUCCESS,observation_date=2022-09-28; selection_basis=AUTO_READY; content_type=application/octet-stream
PKRV,MUFAP,MUFAP current pricing API approved acquisition plan,https://www.mufap.com.pk/Upload/WebDoc/IndustryStatictics/PKRV290920222099.csv,2026-09-29T17:45:45+00:00,PKRV290920222099.csv,data/raw/mufap/pkrv/PKRV290920222099.csv,csv,cb66cc432cc5080f25cf7c8aea6b1130cf2f90c0416a4b15be6b9d5b54a5720f,333,SUCCESS,observation_date=2022-09-29; selection_basis=AUTO_READY; content_type=application/octet-stream
PKRV,MUFAP,MUFAP current pricing API approved acquisition plan,https://www.mufap.com.pk/Upload/WebDoc/IndustryStatictics/PKRV300920222100.csv,2026-09-29T17:45:46+00:00,PKRV300920222100.csv,data/raw/mufap/pkrv/PKRV300920222100.csv,csv,224c6465b2f46ff455863f10869837e86645db6d597d7c6d3153fca0411c1db8,331,SUCCESS,observation_date=2022-09-30; selection_basis=AUTO_READY; content_type=application/octet-stream
PKRV,MUFAP,MUFAP current pricing API approved acquisition plan,https://www.mufap.com.pk/Upload/WebDoc/IndustryStatictics/PKRV031020222101.csv,2026-09-29T17:45:46+00:00,PKRV031020222101.csv,data/raw/mufap/pkrv/PKRV031020222101.csv,csv,7aabecc4e8b18901b2f49cb73308e425805b082610f3d897061cd97bac6f7674,328,SUCCESS,observation_date=2022-10-03; selection_basis=AUTO_READY; content_type=application/octet-stream
PKRV,MUFAP,MUFAP current pricing API approved acquisition plan,https://www.mufap.com.pk/Upload/WebDoc/IndustryStatictics/PKRV041020222102.csv,2026-09-29T17:45:47+00:00,PKRV041020222102.csv,data/raw/mufap/pkrv/PKRV041020222102.csv,csv,fbcedbe6a6164df2ebfe1c41216500c86078c9bf4199ff0c5aec21e716c604ab,337,SUCCESS,observation_date=2022-10-04; selection_basis=AUTO_READY; content_type=application/octet-stream
PKRV,MUFAP,MUFAP current pricing API approved acquisition plan,https://www.mufap.com.pk/Upload/WebDoc/IndustryStatictics/PKRV051020222103.csv,2026-09-29T17:45:48+00:00,PKRV051020222103.csv,data/raw/mufap/pkrv/PKRV051020222103.csv,csv,64cf86ec847a965971b344d0af20300158a59b4748cda3e769dadb7d81c06b4f,342,SUCCESS,observation_date=2022-10-05; selection_basis=AUTO_READY; content_type=application/octet-stream
PKRV,MUFAP,MUFAP current pricing API approved acquisition plan,https://www.mufap.com.pk/Upload/WebDoc/IndustryStatictics/PKRV061020222104.csv,2026-09-29T17:45:49+00:00,PKRV061020222104.csv,data/raw/mufap/pkrv/PKRV061020222104.csv,csv,fbcb6b70a1c5d376936a86dd69cb94d7ddc5890f40f8c3647e2c2036f1800456,340,SUCCESS,observation_date=2022-10-06; selection_basis=AUTO_READY; content_type=application/octet-stream
PKRV,MUFAP,MUFAP current pricing API approved acquisition plan,https://www.mufap.com.pk/Upload/WebDoc/IndustryStatictics/PKRV071020222105.csv,2026-09-29T17:45:50+00:00,PKRV071020222105.csv,data/raw/mufap/pkrv/PKRV071020222105.csv,csv,fb1349fc4606ee8cc42ca7ba3ba7e6d0b8b67469c59eee1b113f2da055bae9bd,331,SUCCESS,observation_date=2022-10-07; selection_basis=AUTO_READY; content_type=application/octet-stream
PKRV,MUFAP,MUFAP current pricing API approved acquisition plan,https://www.mufap.com.pk/Upload/WebDoc/IndustryStatictics/PKRV101020222106.csv,2026-09-29T17:45:50+00:00,PKRV101020222106.csv,data/raw/mufap/pkrv/PKRV101020222106.csv,csv,b7e13043cbfc7e994c5c8c25008ab20f1d3af36c73cba8435a08aecb26d3810e,332,SUCCESS,observation_date=2022-10-10; selection_basis=AUTO_READY; content_type=application/octet-stream
PKRV,MUFAP,MUFAP current pricing API approved acquisition plan,https://www.mufap.com.pk/Upload/WebDoc/IndustryStatictics/PKRV111020222107.csv,2026-09-29T17:45:51+00:00,PKRV111020222107.csv,data/raw/mufap/pkrv/PKRV111020222107.csv,csv,1a4fd8ffa05a15d2e768e46dba1e7a8afb68f6ec4e9d3e1c9c36980d2e30fe17,338,SUCCESS,observation_date=2022-10-11; selection_basis=AUTO_READY; content_type=application/octet-stream
PKRV,MUFAP,MUFAP current pricing API approved acquisition plan,https://www.mufap.com.pk/Upload/WebDoc/IndustryStatictics/PKRV121020222108.csv,2026-09-29T17:45:52+00:00,PKRV121020222108.csv,data/raw/mufap/pkrv/PKRV121020222108.csv,csv,a3c857235e0b1ee15089c6f588709f26f0975daf61d338baca1ed95cff9b33b7,331,SUCCESS,observation_date=2022-10-12; selection_basis=AUTO_READY; content_type=application/octet-stream
PKRV,MUFAP,MUFAP current pricing API approved acquisition plan,https://www.mufap.com.pk/Upload/WebDoc/IndustryStatictics/PKRV131020222109.csv,2026-09-29T17:45:53+00:00,PKRV131020222109.csv,data/raw/mufap/pkrv/PKRV131020222109.csv,csv,8990603d9ebad613d99d4c8f1ccc084254f486df1baf131b8270f316eb0a913c,342,SUCCESS,observation_date=2022-10-13; selection_basis=AUTO_READY; content_type=application/octet-stream
PKRV,MUFAP,MUFAP current pricing API approved acquisition plan,https://www.mufap.com.pk/Upload/WebDoc/IndustryStatictics/PKRV141020222110.csv,2026-09-29T17:45:54+00:00,PKRV141020222110.csv,data/raw/mufap/pkrv/PKRV141020222110.csv,csv,fa361b7699185eefe932797e8daf1ff58287848c68adf927e9787fbc647cd71f,327,SUCCESS,observation_date=2022-10-14; selection_basis=AUTO_READY; content_type=application/octet-stream
PKRV,MUFAP,MUFAP current pricing API approved acquisition plan,https://www.mufap.com.pk/Upload/WebDoc/IndustryStatictics/PKRV171020222111.csv,2026-09-29T17:45:54+00:00,PKRV171020222111.csv,data/raw/mufap/pkrv/PKRV171020222111.csv,csv,701d8dcae56b54d743cdd71d6a1cfb263478fe558ec66f253aa66789154aca4b,326,SUCCESS,observation_date=2022-10-17; selection_basis=AUTO_READY; content_type=application/octet-stream
PKRV,MUFAP,MUFAP current pricing API approved acquisition plan,https://www.mufap.com.pk/Upload/WebDoc/IndustryStatictics/PKRV181020222112.csv,2026-09-29T17:45:55+00:00,PKRV181020222112.csv,data/raw/mufap/pkrv/PKRV181020222112.csv,csv,c27ba6120b695ee09b0bb903b470d4c071b01bf9a93acc06de569dd36811419d,334,SUCCESS,observation_date=2022-10-18; selection_basis=AUTO_READY; content_type=application/octet-stream
PKRV,MUFAP,MUFAP current pricing API approved acquisition plan,https://www.mufap.com.pk/Upload/WebDoc/IndustryStatictics/PKRV191020222113.csv,2026-09-29T17:45:56+00:00,PKRV191020222113.csv,data/raw/mufap/pkrv/PKRV191020222113.csv,csv,a3b0ef7b4242502c01c30237eb149ef991d4a5534e178f023d76db3b0169bdac,337,SUCCESS,observation_date=2022-10-19; selection_basis=AUTO_READY; content_type=application/octet-stream
PKRV,MUFAP,MUFAP current pricing API approved acquisition plan,https://www.mufap.com.pk/Upload/WebDoc/IndustryStatictics/PKRV201020222114.csv,2026-09-29T17:45:57+00:00,PKRV201020222114.csv,data/raw/mufap/pkrv/PKRV201020222114.csv,csv,11c0e80ef2143c25381993f65fbf93b77db33d7a7aaa11c5270ca5ffabe061fa,327,SUCCESS,observation_date=2022-10-20; selection_basis=AUTO_READY; content_type=application/octet-stream
PKRV,MUFAP,MUFAP current pricing API approved acquisition plan,https://www.mufap.com.pk/Upload/WebDoc/IndustryStatictics/PKRV211020222115.csv,2026-09-29T17:45:57+00:00,PKRV211020222115.csv,data/raw/mufap/pkrv/PKRV211020222115.csv,csv,9c748c861d1c53abb718b1ce8248ede52f109a10d557b461f01bd774b43f10f6,331,SUCCESS,observation_date=2022-10-21; selection_basis=AUTO_READY; content_type=application/octet-stream
PKRV,MUFAP,MUFAP current pricing API approved acquisition plan,https://www.mufap.com.pk/Upload/WebDoc/IndustryStatictics/PKRV241020222116.csv,2026-09-29T17:45:58+00:00,PKRV241020222116.csv,data/raw/mufap/pkrv/PKRV241020222116.csv,csv,94969cd56b587c5a776f7e5ac7e98e05f0c742f4448ee13ec80fe861f56bc9e8,339,SUCCESS,observation_date=2022-10-24; selection_basis=AUTO_READY; content_type=application/octet-stream
PKRV,MUFAP,MUFAP current pricing API approved acquisition plan,https://www.mufap.com.pk/Upload/WebDoc/IndustryStatictics/PKRV251020222117.csv,2026-09-29T17:45:59+00:00,PKRV251020222117.csv,data/raw/mufap/pkrv/PKRV251020222117.csv,csv,2f7cb1e21d4f3b72c49f420161a031a2f01d1827ee27940be896eecbf7769372,333,SUCCESS,observation_date=2022-10-25; selection_basis=AUTO_READY; content_type=application/octet-stream
PKRV,MUFAP,MUFAP current pricing API approved acquisition plan,https://www.mufap.com.pk/Upload/WebDoc/IndustryStatictics/PKRV261020222118.csv,2026-09-29T17:46:00+00:00,PKRV261020222118.csv,data/raw/mufap/pkrv/PKRV261020222118.csv,csv,f9a109b72065eb0e6f686e117a36cacdc745dcff29f050d1a9e28e9e1a3286ef,330,SUCCESS,observation_date=2022-10-26; selection_basis=AUTO_READY; content_type=application/octet-stream
PKRV,MUFAP,MUFAP current pricing API approved acquisition plan,https://www.mufap.com.pk/Upload/WebDoc/IndustryStatictics/PKRV271020222119.csv,2026-09-29T17:46:01+00:00,PKRV271020222119.csv,data/raw/mufap/pkrv/PKRV271020222119.csv,csv,b350ea7a3000f3ff35d3e2fcbd8dfabb3705b1c866adf901297a75f16b7039d1,335,SUCCESS,observation_date=2022-10-27; selection_basis=AUTO_READY; content_type=application/octet-stream
PKRV,MUFAP,MUFAP current pricing API approved acquisition plan,https://www.mufap.com.pk/Upload/WebDoc/IndustryStatictics/PKRV281020222120.csv,2026-09-29T17:46:01+00:00,PKRV281020222120.csv,data/raw/mufap/pkrv/PKRV281020222120.csv,csv,a6cd50b75330aa3b2df73195ecca1a6f24cf469b9d6bfa2689e7e6818335d12d,326,SUCCESS,observation_date=2022-10-28; selection_basis=AUTO_READY; content_type=application/octet-stream
PKRV,MUFAP,MUFAP current pricing API approved acquisition plan,https://www.mufap.com.pk/Upload/WebDoc/IndustryStatictics/PKRV311020222121.csv,2026-09-29T17:46:02+00:00,PKRV311020222121.csv,data/raw/mufap/pkrv/PKRV311020222121.csv,csv,aa374a89bc2945ccb0139b3777f4fc28a417af7a8b9ef473629263f0ce4cc16d,326,SUCCESS,observation_date=2022-10-31; selection_basis=AUTO_READY; content_type=application/octet-stream
PKRV,MUFAP,MUFAP current pricing API approved acquisition plan,https://www.mufap.com.pk/Upload/WebDoc/IndustryStatictics/PKRV011120222122.csv,2026-09-29T17:46:03+00:00,PKRV011120222122.csv,data/raw/mufap/pkrv/PKRV011120222122.csv,csv,0e1961ca97543a43d310b82576df2475f8f27179d8cfd9888670dad28be9373f,330,SUCCESS,observation_date=2022-11-01; selection_basis=AUTO_READY; content_type=application/octet-stream
PKRV,MUFAP,MUFAP current pricing API approved acquisition plan,https://www.mufap.com.pk/Upload/WebDoc/IndustryStatictics/PKRV021120222123.csv,2026-09-29T17:46:03+00:00,PKRV021120222123.csv,data/raw/mufap/pkrv/PKRV021120222123.csv,csv,6dbfc0b56eeac022d03ac399a12c8d827cb60a8a06b52c76f3df43ec61feb207,335,SUCCESS,observation_date=2022-11-02; selection_basis=AUTO_READY; content_type=application/octet-stream
PKRV,MUFAP,MUFAP current pricing API approved acquisition plan,https://www.mufap.com.pk/Upload/WebDoc/IndustryStatictics/PKRV031120222124.csv,2026-09-29T17:46:04+00:00,PKRV031120222124.csv,data/raw/mufap/pkrv/PKRV031120222124.csv,csv,510b7a58d52ee139132bcf6f431135e211e538e01e64a4a8807a0cfbdce051f8,334,SUCCESS,observation_date=2022-11-03; selection_basis=AUTO_READY; content_type=application/octet-stream
PKRV,MUFAP,MUFAP current pricing API approved acquisition plan,https://www.mufap.com.pk/Upload/WebDoc/IndustryStatictics/PKRV041120222125.csv,2026-09-29T17:46:05+00:00,PKRV041120222125.csv,data/raw/mufap/pkrv/PKRV041120222125.csv,csv,7454648097b5e2e0dd6d7f0d7b9ae5c51af2b8a709901e4bd74d50aa1d458354,334,SUCCESS,observation_date=2022-11-04; selection_basis=AUTO_READY; content_type=application/octet-stream
PKRV,MUFAP,MUFAP current pricing API approved acquisition plan,https://www.mufap.com.pk/Upload/WebDoc/IndustryStatictics/PKRV071120222126.csv,2026-09-29T17:46:06+00:00,PKRV071120222126.csv,data/raw/mufap/pkrv/PKRV071120222126.csv,csv,deb61077a5c2173a9a87b5de05c6234e4bde4d6dc7eafaa8a8c8395dd53ee830,338,SUCCESS,observation_date=2022-11-07; selection_basis=AUTO_READY; content_type=application/octet-stream
PKRV,MUFAP,MUFAP current pricing API approved acquisition plan,https://www.mufap.com.pk/Upload/WebDoc/IndustryStatictics/PKRV081120222127.csv,2026-09-29T17:46:07+00:00,PKRV081120222127.csv,data/raw/mufap/pkrv/PKRV081120222127.csv,csv,702765fcfc404480124d0b1c03e58036cb947fc6cdca0136b497db06f030b456,338,SUCCESS,observation_date=2022-11-08; selection_basis=AUTO_READY; content_type=application/octet-stream
PKRV,MUFAP,MUFAP current pricing API approved acquisition plan,https://www.mufap.com.pk/Upload/WebDoc/IndustryStatictics/PKRV101120222128.csv,2026-09-29T17:46:08+00:00,PKRV101120222128.csv,data/raw/mufap/pkrv/PKRV101120222128.csv,csv,21a852026d4416b4cc049afcdedbfad60d495dd19542984b4154c90bff2367a7,330,SUCCESS,observation_date=2022-11-10; selection_basis=AUTO_READY; content_type=application/octet-stream
PKRV,MUFAP,MUFAP current pricing API approved acquisition plan,https://www.mufap.com.pk/Upload/WebDoc/IndustryStatictics/PKRV111120222129.csv,2026-09-29T17:46:08+00:00,PKRV111120222129.csv,data/raw/mufap/pkrv/PKRV111120222129.csv,csv,c475273395ca1117853799b224238e2cecd775e315d55a19399bd8ae959dd66b,329,SUCCESS,observation_date=2022-11-11; selection_basis=AUTO_READY; content_type=application/octet-stream
PKRV,MUFAP,MUFAP current pricing API approved acquisition plan,https://www.mufap.com.pk/Upload/WebDoc/IndustryStatictics/PKRV141120222130.csv,2026-09-29T17:46:09+00:00,PKRV141120222130.csv,data/raw/mufap/pkrv/PKRV141120222130.csv,csv,e856e0a62f68eae2982e0dc4a2eeaaa6059bfbec4d0b1a44aa78fa5d31e43f2b,326,SUCCESS,observation_date=2022-11-14; selection_basis=AUTO_READY; content_type=application/octet-stream
PKRV,MUFAP,MUFAP current pricing API approved acquisition plan,https://www.mufap.com.pk/Upload/WebDoc/IndustryStatictics/PKRV151120222131.csv,2026-09-29T17:46:10+00:00,PKRV151120222131.csv,data/raw/mufap/pkrv/PKRV151120222131.csv,csv,a145587a33b5a710ac435682746e6b991c1f501637631300a8280d3e95bc7067,328,SUCCESS,observation_date=2022-11-15; selection_basis=AUTO_READY; content_type=application/octet-stream
PKRV,MUFAP,MUFAP current pricing API approved acquisition plan,https://www.mufap.com.pk/Upload/WebDoc/IndustryStatictics/PKRV161120222132.csv,2026-09-29T17:46:11+00:00,PKRV161120222132.csv,data/raw/mufap/pkrv/PKRV161120222132.csv,csv,483fb67d4636e1abdcff5750abedf0bc47881dd87a6a06b9ea9ced4518e924ed,372,SUCCESS,observation_date=2022-11-16; selection_basis=AUTO_READY; content_type=application/octet-stream
PKRV,MUFAP,MUFAP current pricing API approved acquisition plan,https://www.mufap.com.pk/Upload/WebDoc/IndustryStatictics/PKRV171120222133.csv,2026-09-29T17:46:12+00:00,PKRV171120222133.csv,data/raw/mufap/pkrv/PKRV171120222133.csv,csv,c455251a7497ba73b6f2ea891eaa62c8ca1c8c7b151d66f957a03747da9a80ea,330,SUCCESS,observation_date=2022-11-17; selection_basis=AUTO_READY; content_type=application/octet-stream
PKRV,MUFAP,MUFAP current pricing API approved acquisition plan,https://www.mufap.com.pk/Upload/WebDoc/IndustryStatictics/PKRV181120222134.csv,2026-09-29T17:46:12+00:00,PKRV181120222134.csv,data/raw/mufap/pkrv/PKRV181120222134.csv,csv,92c88c1985ae32b59ff9dd9443286947274d87ec6d2a562aa1cf8b27ca5f03ab,326,SUCCESS,observation_date=2022-11-18; selection_basis=AUTO_READY; content_type=application/octet-stream
PKRV,MUFAP,MUFAP current pricing API approved acquisition plan,https://www.mufap.com.pk/Upload/WebDoc/IndustryStatictics/PKRV211120222135.csv,2026-09-29T17:46:13+00:00,PKRV211120222135.csv,data/raw/mufap/pkrv/PKRV211120222135.csv,csv,fc0f4b047919d44be1ece55373bfc2db688bf98d181bb280dd028cda32eeb5b1,333,SUCCESS,observation_date=2022-11-21; selection_basis=AUTO_READY; content_type=application/octet-stream
PKRV,MUFAP,MUFAP current pricing API approved acquisition plan,https://www.mufap.com.pk/Upload/WebDoc/IndustryStatictics/PKRV221120222136.csv,2026-09-29T17:46:14+00:00,PKRV221120222136.csv,data/raw/mufap/pkrv/PKRV221120222136.csv,csv,90f3355ad27cc86fc95484a7974fade834853d8ac8f4c5d829c00347ab70f2a0,327,SUCCESS,observation_date=2022-11-22; selection_basis=AUTO_READY; content_type=application/octet-stream
PKRV,MUFAP,MUFAP current pricing API approved acquisition plan,https://www.mufap.com.pk/Upload/WebDoc/IndustryStatictics/PKRV231120222137.csv,2026-09-29T17:46:15+00:00,PKRV231120222137.csv,data/raw/mufap/pkrv/PKRV231120222137.csv,csv,468b94764628d6658df3ed5156282fce89a27afc9c177cd6b82cefda752d590d,330,SUCCESS,observation_date=2022-11-23; selection_basis=AUTO_READY; content_type=application/octet-stream
PKRV,MUFAP,MUFAP current pricing API approved acquisition plan,https://www.mufap.com.pk/Upload/WebDoc/IndustryStatictics/PKRV241120222138.csv,2026-09-29T17:46:16+00:00,PKRV241120222138.csv,data/raw/mufap/pkrv/PKRV241120222138.csv,csv,27d148563b67afd257d84cb68caecb42c03dd6196555b6a9c06e4cc6fb6af8c2,328,SUCCESS,observation_date=2022-11-24; selection_basis=AUTO_READY; content_type=application/octet-stream
PKRV,MUFAP,MUFAP current pricing API approved acquisition plan,https://www.mufap.com.pk/Upload/WebDoc/IndustryStatictics/PKRV251120222139.csv,2026-09-29T17:46:16+00:00,PKRV251120222139.csv,data/raw/mufap/pkrv/PKRV251120222139.csv,csv,f8e07cfeb66369ba9abf87b8bd14e2b7581a3b5cc88c2d2f70c4dc4b76fdf0f6,326,SUCCESS,observation_date=2022-11-25; selection_basis=AUTO_READY; content_type=application/octet-stream
PKRV,MUFAP,MUFAP current pricing API approved acquisition plan,https://www.mufap.com.pk/Upload/WebDoc/IndustryStatictics/PKRV281120222140.csv,2026-09-29T17:46:17+00:00,PKRV281120222140.csv,data/raw/mufap/pkrv/PKRV281120222140.csv,csv,29ce0c442a5a4d7cbfdc0da11e8487c4c7660290950d3e7b0ef4f4184fa4b874,330,SUCCESS,observation_date=2022-11-28; selection_basis=AUTO_READY; content_type=application/octet-stream
PKRV,MUFAP,MUFAP current pricing API approved acquisition plan,https://www.mufap.com.pk/Upload/WebDoc/IndustryStatictics/PKRV291120222141.csv,2026-09-29T17:46:18+00:00,PKRV291120222141.csv,data/raw/mufap/pkrv/PKRV291120222141.csv,csv,d169a223eee223dbe2a665f5fcd3c9ff6b756ed148a75c02cdeec7c3418e7c7f,333,SUCCESS,observation_date=2022-11-29; selection_basis=AUTO_READY; content_type=application/octet-stream
PKRV,MUFAP,MUFAP current pricing API approved acquisition plan,https://www.mufap.com.pk/Upload/WebDoc/IndustryStatictics/PKRV301120222142.csv,2026-09-29T17:46:18+00:00,PKRV301120222142.csv,data/raw/mufap/pkrv/PKRV301120222142.csv,csv,a4c3772128931f8e7e2e8d640182da78d3d05fc02d721598112282c90efb98a3,331,SUCCESS,observation_date=2022-11-30; selection_basis=AUTO_READY; content_type=application/octet-stream
PKRV,MUFAP,MUFAP current pricing API approved acquisition plan,https://www.mufap.com.pk/Upload/WebDoc/IndustryStatictics/PKRV011220222143.csv,2026-09-29T17:46:19+00:00,PKRV011220222143.csv,data/raw/mufap/pkrv/PKRV011220222143.csv,csv,db87bc45d85a48019ee4eb72500c19890f57a34530b47ec30ebfbbd875ddcb44,335,SUCCESS,observation_date=2022-12-01; selection_basis=AUTO_READY; content_type=application/octet-stream
PKRV,MUFAP,MUFAP current pricing API approved acquisition plan,https://www.mufap.com.pk/Upload/WebDoc/IndustryStatictics/PKRV021220222144.csv,2026-09-29T17:46:20+00:00,PKRV021220222144.csv,data/raw/mufap/pkrv/PKRV021220222144.csv,csv,481e8e9199a6ed3ae007c00aaa4fa0538859cb9c23c2ef0b326e1a9e526684b1,337,SUCCESS,observation_date=2022-12-02; selection_basis=AUTO_READY; content_type=application/octet-stream
PKRV,MUFAP,MUFAP current pricing API approved acquisition plan,https://www.mufap.com.pk/Upload/WebDoc/IndustryStatictics/PKRV051220222145.csv,2026-09-29T17:46:21+00:00,PKRV051220222145.csv,data/raw/mufap/pkrv/PKRV051220222145.csv,csv,365226e15da872308f8463b77ce7f31897aa52844b53f416e36c01f684445167,331,SUCCESS,observation_date=2022-12-05; selection_basis=AUTO_READY; content_type=application/octet-stream
PKRV,MUFAP,MUFAP current pricing API approved acquisition plan,https://www.mufap.com.pk/Upload/WebDoc/IndustryStatictics/PKRV061220222146.csv,2026-09-29T17:46:21+00:00,PKRV061220222146.csv,data/raw/mufap/pkrv/PKRV061220222146.csv,csv,ff15dabb08df0fa5109d48664d151d8501d70b17df64061f099620053706e5c6,329,SUCCESS,observation_date=2022-12-06; selection_basis=AUTO_READY; content_type=application/octet-stream
PKRV,MUFAP,MUFAP current pricing API approved acquisition plan,https://www.mufap.com.pk/Upload/WebDoc/IndustryStatictics/PKRV071220222147.csv,2026-09-29T17:46:22+00:00,PKRV071220222147.csv,data/raw/mufap/pkrv/PKRV071220222147.csv,csv,2c68b18f8f32e7a9ca677f42ce4b2c97ba2e085622f43ce0556d4c0047d279b7,337,SUCCESS,observation_date=2022-12-07; selection_basis=AUTO_READY; content_type=application/octet-stream
PKRV,MUFAP,MUFAP current pricing API approved acquisition plan,https://www.mufap.com.pk/Upload/WebDoc/IndustryStatictics/PKRV081220222148.csv,2026-09-29T17:46:23+00:00,PKRV081220222148.csv,data/raw/mufap/pkrv/PKRV081220222148.csv,csv,9cead12151195139de2596b4f9b0446d4afd5d5e509f6db1a032a1069ef2f3d2,339,SUCCESS,observation_date=2022-12-08; selection_basis=AUTO_READY; content_type=application/octet-stream
PKRV,MUFAP,MUFAP current pricing API approved acquisition plan,https://www.mufap.com.pk/Upload/WebDoc/IndustryStatictics/PKRV091220222149.csv,2026-09-29T17:46:24+00:00,PKRV091220222149.csv,data/raw/mufap/pkrv/PKRV091220222149.csv,csv,8740d765cbe075704eb8144cc4a97cb53c5a835c3949ad2d25073e3a6cb4a919,338,SUCCESS,observation_date=2022-12-09; selection_basis=AUTO_READY; content_type=application/octet-stream
PKRV,MUFAP,MUFAP current pricing API approved acquisition plan,https://www.mufap.com.pk/Upload/WebDoc/IndustryStatictics/PKRV121220222150.csv,2026-09-29T17:46:25+00:00,PKRV121220222150.csv,data/raw/mufap/pkrv/PKRV121220222150.csv,csv,6e4bae3d82e34e062d4a9d54b592349ed83c814b67b78062bcd52e715a68ccae,329,SUCCESS,observation_date=2022-12-12; selection_basis=AUTO_READY; content_type=application/octet-stream
PKRV,MUFAP,MUFAP current pricing API approved acquisition plan,https://www.mufap.com.pk/Upload/WebDoc/IndustryStatictics/PKRV131220222151.csv,2026-09-29T17:46:26+00:00,PKRV131220222151.csv,data/raw/mufap/pkrv/PKRV131220222151.csv,csv,81a1f87d89ad831cdeeee2a4d58366f547bc9c55b0f6e9c77196afc857207674,330,SUCCESS,observation_date=2022-12-13; selection_basis=AUTO_READY; content_type=application/octet-stream
PKRV,MUFAP,MUFAP current pricing API approved acquisition plan,https://www.mufap.com.pk/Upload/WebDoc/IndustryStatictics/PKRV141220222152.csv,2026-09-29T17:46:27+00:00,PKRV141220222152.csv,data/raw/mufap/pkrv/PKRV141220222152.csv,csv,a4f73ebbad769a60c8789c8dace2a33472550466b53aaea004501297da5f395c,327,SUCCESS,observation_date=2022-12-14; selection_basis=AUTO_READY; content_type=application/octet-stream
PKRV,MUFAP,MUFAP current pricing API approved acquisition plan,https://www.mufap.com.pk/Upload/WebDoc/IndustryStatictics/PKRV151220222153.csv,2026-09-29T17:46:28+00:00,PKRV151220222153.csv,data/raw/mufap/pkrv/PKRV151220222153.csv,csv,3049ff480f2bb09f52dd172d498bddcfca9e5ac88c94b247ee07bde9a1b7dd2f,331,SUCCESS,observation_date=2022-12-15; selection_basis=AUTO_READY; content_type=application/octet-stream
PKRV,MUFAP,MUFAP current pricing API approved acquisition plan,https://www.mufap.com.pk/Upload/WebDoc/IndustryStatictics/PKRV161220222154.csv,2026-09-29T17:46:29+00:00,PKRV161220222154.csv,data/raw/mufap/pkrv/PKRV161220222154.csv,csv,355264221e88f94fb02ea45f44366fcdc88fcb01825726355214fe3007958fbf,330,SUCCESS,observation_date=2022-12-16; selection_basis=AUTO_READY; content_type=application/octet-stream
PKRV,MUFAP,MUFAP current pricing API approved acquisition plan,https://www.mufap.com.pk/Upload/WebDoc/IndustryStatictics/PKRV191220222155.csv,2026-09-29T17:46:29+00:00,PKRV191220222155.csv,data/raw/mufap/pkrv/PKRV191220222155.csv,csv,8b656415c773d0061460ad62464167ce2b44377dae15db47bcbbc7fc07601e4a,330,SUCCESS,observation_date=2022-12-19; selection_basis=AUTO_READY; content_type=application/octet-stream
PKRV,MUFAP,MUFAP current pricing API approved acquisition plan,https://www.mufap.com.pk/Upload/WebDoc/IndustryStatictics/PKRV201220222156.csv,2026-09-29T17:46:30+00:00,PKRV201220222156.csv,data/raw/mufap/pkrv/PKRV201220222156.csv,csv,2447699b95f50cf82af69817e079473763f740f997d3a490593f02ba259a47c6,328,SUCCESS,observation_date=2022-12-20; selection_basis=AUTO_READY; content_type=application/octet-stream
PKRV,MUFAP,MUFAP current pricing API approved acquisition plan,https://www.mufap.com.pk/Upload/WebDoc/IndustryStatictics/PKRV211220222157.csv,2026-09-29T17:46:31+00:00,PKRV211220222157.csv,data/raw/mufap/pkrv/PKRV211220222157.csv,csv,cf1f154cd5a960631134629159b2d64af3490643f2efd3d842e492cb1e2d83dd,330,SUCCESS,observation_date=2022-12-21; selection_basis=AUTO_READY; content_type=application/octet-stream
PKRV,MUFAP,MUFAP current pricing API approved acquisition plan,https://www.mufap.com.pk/Upload/WebDoc/IndustryStatictics/PKRV221220222158.csv,2026-09-29T17:46:32+00:00,PKRV221220222158.csv,data/raw/mufap/pkrv/PKRV221220222158.csv,csv,58db8ed587f0e3667c3db4a0d06bff8738917185b74dbc203bac534d2a7911dc,328,SUCCESS,observation_date=2022-12-22; selection_basis=AUTO_READY; content_type=application/octet-stream
PKRV,MUFAP,MUFAP current pricing API approved acquisition plan,https://www.mufap.com.pk/Upload/WebDoc/IndustryStatictics/PKRV231220222159.csv,2026-09-29T17:46:32+00:00,PKRV231220222159.csv,data/raw/mufap/pkrv/PKRV231220222159.csv,csv,47457ac6aeb93c3871efeb9c64d5c388f748066beede60bc091d0d0c7919fc98,331,SUCCESS,observation_date=2022-12-23; selection_basis=AUTO_READY; content_type=application/octet-stream
PKRV,MUFAP,MUFAP current pricing API approved acquisition plan,https://www.mufap.com.pk/Upload/WebDoc/IndustryStatictics/PKRV261220222160.csv,2026-09-29T17:46:33+00:00,PKRV261220222160.csv,data/raw/mufap/pkrv/PKRV261220222160.csv,csv,fc0625b41eedef492dc5cadedda75a9075c93556a135068147a6eaaa1222cbb9,329,SUCCESS,observation_date=2022-12-26; selection_basis=AUTO_READY; content_type=application/octet-stream
PKRV,MUFAP,MUFAP current pricing API approved acquisition plan,https://www.mufap.com.pk/Upload/WebDoc/IndustryStatictics/PKRV271220222161.csv,2026-09-29T17:46:34+00:00,PKRV271220222161.csv,data/raw/mufap/pkrv/PKRV271220222161.csv,csv,be5b6a61a1e27d1d0bf600df645364411590fedbdb9b6877144d6f0bc5a84f68,331,SUCCESS,observation_date=2022-12-27; selection_basis=AUTO_READY; content_type=application/octet-stream
PKRV,MUFAP,MUFAP current pricing API approved acquisition plan,https://www.mufap.com.pk/Upload/WebDoc/IndustryStatictics/PKRV281220222162.csv,2026-09-29T17:46:34+00:00,PKRV281220222162.csv,data/raw/mufap/pkrv/PKRV281220222162.csv,csv,7851a971923ae16698bd6be528ed3213ebb305ece2e895880acb3a4c12633453,350,SUCCESS,observation_date=2022-12-28; selection_basis=AUTO_READY; content_type=application/octet-stream
PKRV,MUFAP,MUFAP current pricing API approved acquisition plan,https://www.mufap.com.pk/Upload/WebDoc/IndustryStatictics/PKRV291220222164.csv,2026-09-29T17:46:35+00:00,PKRV291220222164.csv,data/raw/mufap/pkrv/PKRV291220222164.csv,csv,6d9fbbb258e9236bdf1f3ca945cad0b64e5d9030f8e8837ed7ef9bb01b57cb61,348,SUCCESS,observation_date=2022-12-29; selection_basis=AUTO_READY; content_type=application/octet-stream
PKRV,MUFAP,MUFAP current pricing API approved acquisition plan,https://www.mufap.com.pk/Upload/WebDoc/IndustryStatictics/PKRV301220222166.csv,2026-09-29T17:46:36+00:00,PKRV301220222166.csv,data/raw/mufap/pkrv/PKRV301220222166.csv,csv,5992e3d56730267e165bd0db62399327923fb4b4073248da6b649cf58c6be727,349,SUCCESS,observation_date=2022-12-30; selection_basis=AUTO_READY; content_type=application/octet-stream
PKRV,MUFAP,MUFAP current pricing API approved acquisition plan,https://www.mufap.com.pk/Upload/WebDoc/IndustryStatictics/PKRV03012023941.csv,2026-09-29T17:46:37+00:00,PKRV03012023941.csv,data/raw/mufap/pkrv/PKRV03012023941.csv,csv,1ed5b735a584fb4207ad80b5a6bc80ecbec536d2cef3f3c8821ad53a1ca775ba,327,SUCCESS,observation_date=2023-01-03; selection_basis=AUTO_READY; content_type=application/octet-stream
PKRV,MUFAP,MUFAP current pricing API approved acquisition plan,https://www.mufap.com.pk/Upload/WebDoc/IndustryStatictics/PKRV04012023942.csv,2026-09-29T17:46:37+00:00,PKRV04012023942.csv,data/raw/mufap/pkrv/PKRV04012023942.csv,csv,a3be9991efc9cd627d16b4048ef64ee6e27dedf1814994ed0b1ce441ed67a969,326,SUCCESS,observation_date=2023-01-04; selection_basis=AUTO_READY; content_type=application/octet-stream
PKRV,MUFAP,MUFAP current pricing API approved acquisition plan,https://www.mufap.com.pk/Upload/WebDoc/IndustryStatictics/PKRV05012023943.csv,2026-09-29T17:46:38+00:00,PKRV05012023943.csv,data/raw/mufap/pkrv/PKRV05012023943.csv,csv,d0264d86f26d6f08f2beeff23585f300bfe95ac9df798530bb9f16600cc74805,335,SUCCESS,observation_date=2023-01-05; selection_basis=AUTO_READY; content_type=application/octet-stream
PKRV,MUFAP,MUFAP current pricing API approved acquisition plan,https://www.mufap.com.pk/Upload/WebDoc/IndustryStatictics/PKRV06012023944.csv,2026-09-29T17:46:39+00:00,PKRV06012023944.csv,data/raw/mufap/pkrv/PKRV06012023944.csv,csv,7ce9e698ace9294f19d2a9ff66f9dc14608ae03d05a19544d15e734ec68aefd3,333,SUCCESS,observation_date=2023-01-06; selection_basis=AUTO_READY; content_type=application/octet-stream
PKRV,MUFAP,MUFAP current pricing API approved acquisition plan,https://www.mufap.com.pk/Upload/WebDoc/IndustryStatictics/PKRV09012023945.csv,2026-09-29T17:46:40+00:00,PKRV09012023945.csv,data/raw/mufap/pkrv/PKRV09012023945.csv,csv,1804ee779c9b085e353f2d1ba772ea0083fa36cf8c62bb2314546d090f340162,331,SUCCESS,observation_date=2023-01-09; selection_basis=AUTO_READY; content_type=application/octet-stream
PKRV,MUFAP,MUFAP current pricing API approved acquisition plan,https://www.mufap.com.pk/Upload/WebDoc/IndustryStatictics/PKRV10012023946.csv,2026-09-29T17:46:40+00:00,PKRV10012023946.csv,data/raw/mufap/pkrv/PKRV10012023946.csv,csv,82e3fbdbfe53509b4e78597aa2e632a36c30ecda406af8a0b4040beb95c78098,341,SUCCESS,observation_date=2023-01-10; selection_basis=AUTO_READY; content_type=application/octet-stream
PKRV,MUFAP,MUFAP current pricing API approved acquisition plan,https://www.mufap.com.pk/Upload/WebDoc/IndustryStatictics/PKRV11012023947.csv,2026-09-29T17:46:41+00:00,PKRV11012023947.csv,data/raw/mufap/pkrv/PKRV11012023947.csv,csv,86d3c10acd58eb242d4b11819f9f42bf546fae5e59b8456f4630bef98a7203cb,333,SUCCESS,observation_date=2023-01-11; selection_basis=AUTO_READY; content_type=application/octet-stream
PKRV,MUFAP,MUFAP current pricing API approved acquisition plan,https://www.mufap.com.pk/Upload/WebDoc/IndustryStatictics/PKRV12012023948.csv,2026-09-29T17:46:42+00:00,PKRV12012023948.csv,data/raw/mufap/pkrv/PKRV12012023948.csv,csv,dea50a850e83199c85be4d538511194b8d20cc90117aee9cd443989f276434f4,330,SUCCESS,observation_date=2023-01-12; selection_basis=AUTO_READY; content_type=application/octet-stream
PKRV,MUFAP,MUFAP current pricing API approved acquisition plan,https://www.mufap.com.pk/Upload/WebDoc/IndustryStatictics/PKRV13012023949.csv,2026-09-29T17:46:43+00:00,PKRV13012023949.csv,data/raw/mufap/pkrv/PKRV13012023949.csv,csv,e9091c7e082ad3ce006e87939921b6f2dcfd010499c99c6277564f40c0350ea0,329,SUCCESS,observation_date=2023-01-13; selection_basis=AUTO_READY; content_type=application/octet-stream
PKRV,MUFAP,MUFAP current pricing API approved acquisition plan,https://www.mufap.com.pk/Upload/WebDoc/IndustryStatictics/PKRV16012023950.csv,2026-09-29T17:46:43+00:00,PKRV16012023950.csv,data/raw/mufap/pkrv/PKRV16012023950.csv,csv,d792970a02cd249f7b345d38abb519ae8e15ea83e87576b4e100d5435eccb093,329,SUCCESS,observation_date=2023-01-16; selection_basis=AUTO_READY; content_type=application/octet-stream
PKRV,MUFAP,MUFAP current pricing API approved acquisition plan,https://www.mufap.com.pk/Upload/WebDoc/IndustryStatictics/PKRV17012023951.csv,2026-09-29T17:46:44+00:00,PKRV17012023951.csv,data/raw/mufap/pkrv/PKRV17012023951.csv,csv,95b2535090dedba2a4448e84dee6b819d149f42e0524841e8e8fcc4f296a8b86,330,SUCCESS,observation_date=2023-01-17; selection_basis=AUTO_READY; content_type=application/octet-stream
PKRV,MUFAP,MUFAP current pricing API approved acquisition plan,https://www.mufap.com.pk/Upload/WebDoc/IndustryStatictics/PKRV18012023952.csv,2026-09-29T17:46:45+00:00,PKRV18012023952.csv,data/raw/mufap/pkrv/PKRV18012023952.csv,csv,fead03cb856b6c9b89d8667451d4b592977fff5e8f3c3045a03b08111fd6afd7,326,SUCCESS,observation_date=2023-01-18; selection_basis=AUTO_READY; content_type=application/octet-stream
PKRV,MUFAP,MUFAP current pricing API approved acquisition plan,https://www.mufap.com.pk/Upload/WebDoc/IndustryStatictics/PKRV19012023953.csv,2026-09-29T17:46:45+00:00,PKRV19012023953.csv,data/raw/mufap/pkrv/PKRV19012023953.csv,csv,0dcf2685f922d159acb3bc1bcd2565a0514bf47c93d13539d462391e636e66cf,328,SUCCESS,observation_date=2023-01-19; selection_basis=AUTO_READY; content_type=application/octet-stream
PKRV,MUFAP,MUFAP current pricing API approved acquisition plan,https://www.mufap.com.pk/Upload/WebDoc/IndustryStatictics/PKRV20012023954.csv,2026-09-29T17:46:46+00:00,PKRV20012023954.csv,data/raw/mufap/pkrv/PKRV20012023954.csv,csv,89a4ee20426ca3e4f4be10eee9420332e9d031387228b8f72ff67c5a05fe06df,326,SUCCESS,observation_date=2023-01-20; selection_basis=AUTO_READY; content_type=application/octet-stream
PKRV,MUFAP,MUFAP current pricing API approved acquisition plan,https://www.mufap.com.pk/Upload/WebDoc/IndustryStatictics/PKRV23012023955.csv,2026-09-29T17:46:47+00:00,PKRV23012023955.csv,data/raw/mufap/pkrv/PKRV23012023955.csv,csv,f2de9a6b71a33e6ec653f2b3814033a915b57344fbac709ef5d6bc37a26aeb10,331,SUCCESS,observation_date=2023-01-23; selection_basis=AUTO_READY; content_type=application/octet-stream
PKRV,MUFAP,MUFAP current pricing API approved acquisition plan,https://www.mufap.com.pk/Upload/WebDoc/IndustryStatictics/PKRV24012023956.csv,2026-09-29T17:46:47+00:00,PKRV24012023956.csv,data/raw/mufap/pkrv/PKRV24012023956.csv,csv,21e8636a413069f803bd1b894da7618865d5955ac540aa615c0f3cd86952a071,340,SUCCESS,observation_date=2023-01-24; selection_basis=AUTO_READY; content_type=application/octet-stream
PKRV,MUFAP,MUFAP current pricing API approved acquisition plan,https://www.mufap.com.pk/Upload/WebDoc/IndustryStatictics/PKRV25012023957.csv,2026-09-29T17:46:48+00:00,PKRV25012023957.csv,data/raw/mufap/pkrv/PKRV25012023957.csv,csv,7b84d14849c47ae412e76f9d9c12df914e477e43f5382c1d45ae6531fd0d919b,331,SUCCESS,observation_date=2023-01-25; selection_basis=AUTO_READY; content_type=application/octet-stream
PKRV,MUFAP,MUFAP current pricing API approved acquisition plan,https://www.mufap.com.pk/Upload/WebDoc/IndustryStatictics/PKRV26012023958.csv,2026-09-29T17:46:49+00:00,PKRV26012023958.csv,data/raw/mufap/pkrv/PKRV26012023958.csv,csv,7602fb744026771190fa66e10673931aac8136fdebed86492a5d8b990989ac84,327,SUCCESS,observation_date=2023-01-26; selection_basis=AUTO_READY; content_type=application/octet-stream
PKRV,MUFAP,MUFAP current pricing API approved acquisition plan,https://www.mufap.com.pk/Upload/WebDoc/IndustryStatictics/PKRV27012023959.csv,2026-09-29T17:46:49+00:00,PKRV27012023959.csv,data/raw/mufap/pkrv/PKRV27012023959.csv,csv,102e6700ba6237ae1c1315029e882680b4e30a1606ceed40c53e0a22fe476103,329,SUCCESS,observation_date=2023-01-27; selection_basis=AUTO_READY; content_type=application/octet-stream
PKRV,MUFAP,MUFAP current pricing API approved acquisition plan,https://www.mufap.com.pk/Upload/WebDoc/IndustryStatictics/PKRV30012023960.csv,2026-09-29T17:46:50+00:00,PKRV30012023960.csv,data/raw/mufap/pkrv/PKRV30012023960.csv,csv,e6ba67f1618b6b9c3312e4aa38630f1a48cf011a988d699f653f76130f03a3e1,328,SUCCESS,observation_date=2023-01-30; selection_basis=AUTO_READY; content_type=application/octet-stream
PKRV,MUFAP,MUFAP current pricing API approved acquisition plan,https://www.mufap.com.pk/Upload/WebDoc/IndustryStatictics/PKRV31012023961.csv,2026-09-29T17:46:51+00:00,PKRV31012023961.csv,data/raw/mufap/pkrv/PKRV31012023961.csv,csv,1e56e317acedcf2180b6cbf2b9beb7b5d2a24ab2a987d49fb3eb3ec73bb7aac8,332,SUCCESS,observation_date=2023-01-31; selection_basis=AUTO_READY; content_type=application/octet-stream
PKRV,MUFAP,MUFAP current pricing API approved acquisition plan,https://www.mufap.com.pk/Upload/WebDoc/IndustryStatictics/PKRV01022023922.csv,2026-09-29T17:46:52+00:00,PKRV01022023922.csv,data/raw/mufap/pkrv/PKRV01022023922.csv,csv,ab434da892c487710c7c56e29ee1e64aba8a41c7260d330b7ec53e07946988cf,336,SUCCESS,observation_date=2023-02-01; selection_basis=AUTO_READY; content_type=application/octet-stream
PKRV,MUFAP,MUFAP current pricing API approved acquisition plan,https://www.mufap.com.pk/Upload/WebDoc/IndustryStatictics/PKRV02022023923.csv,2026-09-29T17:46:52+00:00,PKRV02022023923.csv,data/raw/mufap/pkrv/PKRV02022023923.csv,csv,a1d62471246a1a61979171b3c60d89cd8d26e74cb44d0a0cd8cb5ac9f5d01fab,330,SUCCESS,observation_date=2023-02-02; selection_basis=AUTO_READY; content_type=application/octet-stream
PKRV,MUFAP,MUFAP current pricing API approved acquisition plan,https://www.mufap.com.pk/Upload/WebDoc/IndustryStatictics/PKRV03022023924.csv,2026-09-29T17:46:53+00:00,PKRV03022023924.csv,data/raw/mufap/pkrv/PKRV03022023924.csv,csv,1ea8eb71f75580b43b0f692d978a44c64aa089812eddb4d45509783a6aaabb6f,330,SUCCESS,observation_date=2023-02-03; selection_basis=AUTO_READY; content_type=application/octet-stream
PKRV,MUFAP,MUFAP current pricing API approved acquisition plan,https://www.mufap.com.pk/Upload/WebDoc/IndustryStatictics/PKRV06022023925.csv,2026-09-29T17:46:54+00:00,PKRV06022023925.csv,data/raw/mufap/pkrv/PKRV06022023925.csv,csv,8a6938f8eafe3069a1306f49565f517dfea5e277885b5da46adb69a4bbbacfa8,336,SUCCESS,observation_date=2023-02-06; selection_basis=AUTO_READY; content_type=application/octet-stream
PKRV,MUFAP,MUFAP current pricing API approved acquisition plan,https://www.mufap.com.pk/Upload/WebDoc/IndustryStatictics/PKRV07022023926.csv,2026-09-29T17:46:54+00:00,PKRV07022023926.csv,data/raw/mufap/pkrv/PKRV07022023926.csv,csv,ebd28b7df932d91a548a600612689cdb7118dc7d0ecfc422e7c513ae0d6a74ce,332,SUCCESS,observation_date=2023-02-07; selection_basis=AUTO_READY; content_type=application/octet-stream
PKRV,MUFAP,MUFAP current pricing API approved acquisition plan,https://www.mufap.com.pk/Upload/WebDoc/IndustryStatictics/PKRV08022023927.csv,2026-09-29T17:46:55+00:00,PKRV08022023927.csv,data/raw/mufap/pkrv/PKRV08022023927.csv,csv,b7740fcc7773fdb7db28a4ca6e1f22bce7e19c07227212b2890893d002f405f2,333,SUCCESS,observation_date=2023-02-08; selection_basis=AUTO_READY; content_type=application/octet-stream
PKRV,MUFAP,MUFAP current pricing API approved acquisition plan,https://www.mufap.com.pk/Upload/WebDoc/IndustryStatictics/PKRV09022023928.csv,2026-09-29T17:46:56+00:00,PKRV09022023928.csv,data/raw/mufap/pkrv/PKRV09022023928.csv,csv,b3f0e983fcdb8f71fb40daaf79f00db7408c868cfa359ec41d9635748eba334e,334,SUCCESS,observation_date=2023-02-09; selection_basis=AUTO_READY; content_type=application/octet-stream
PKRV,MUFAP,MUFAP current pricing API approved acquisition plan,https://www.mufap.com.pk/Upload/WebDoc/IndustryStatictics/PKRV13022023929.csv,2026-09-29T17:46:57+00:00,PKRV13022023929.csv,data/raw/mufap/pkrv/PKRV13022023929.csv,csv,7c300f1c1ae5b430435132bddf833034ce8df25a63d790db01dd4906349af756,339,SUCCESS,observation_date=2023-02-13; selection_basis=AUTO_READY; content_type=application/octet-stream
PKRV,MUFAP,MUFAP current pricing API approved acquisition plan,https://www.mufap.com.pk/Upload/WebDoc/IndustryStatictics/PKRV14022023930.csv,2026-09-29T17:46:57+00:00,PKRV14022023930.csv,data/raw/mufap/pkrv/PKRV14022023930.csv,csv,b7fd53adac4bf40a08dbc9eab6086740d6b5177f9b3591e74dab42484f28109c,327,SUCCESS,observation_date=2023-02-14; selection_basis=AUTO_READY; content_type=application/octet-stream
PKRV,MUFAP,MUFAP current pricing API approved acquisition plan,https://www.mufap.com.pk/Upload/WebDoc/IndustryStatictics/PKRV15022023931.csv,2026-09-29T17:46:58+00:00,PKRV15022023931.csv,data/raw/mufap/pkrv/PKRV15022023931.csv,csv,a1252e6155e7841a0482a76fae6438140317a03cbd5653ceda52140803554075,329,SUCCESS,observation_date=2023-02-15; selection_basis=AUTO_READY; content_type=application/octet-stream
PKRV,MUFAP,MUFAP current pricing API approved acquisition plan,https://www.mufap.com.pk/Upload/WebDoc/IndustryStatictics/PKRV16022023932.csv,2026-09-29T17:46:59+00:00,PKRV16022023932.csv,data/raw/mufap/pkrv/PKRV16022023932.csv,csv,3f0b800d0c67d95481d536623cebd316e814b85c74210cddf1f0930bc8f983ba,327,SUCCESS,observation_date=2023-02-16; selection_basis=AUTO_READY; content_type=application/octet-stream
PKRV,MUFAP,MUFAP current pricing API approved acquisition plan,https://www.mufap.com.pk/Upload/WebDoc/IndustryStatictics/PKRV17022023933.csv,2026-09-29T17:47:00+00:00,PKRV17022023933.csv,data/raw/mufap/pkrv/PKRV17022023933.csv,csv,12e55d2bfdf5879862a78389434d5f17b0588699071ca3d106c91676f0a31f6f,328,SUCCESS,observation_date=2023-02-17; selection_basis=AUTO_READY; content_type=application/octet-stream
PKRV,MUFAP,MUFAP current pricing API approved acquisition plan,https://www.mufap.com.pk/Upload/WebDoc/IndustryStatictics/PKRV20022023934.csv,2026-09-29T17:47:00+00:00,PKRV20022023934.csv,data/raw/mufap/pkrv/PKRV20022023934.csv,csv,1ad9f8fcc5859ea2b211268c49cb86fb6976bb8a9b5974e6dd52988aabe2bb3d,336,SUCCESS,observation_date=2023-02-20; selection_basis=AUTO_READY; content_type=application/octet-stream
PKRV,MUFAP,MUFAP current pricing API approved acquisition plan,https://www.mufap.com.pk/Upload/WebDoc/IndustryStatictics/PKRV21022023935.csv,2026-09-29T17:47:01+00:00,PKRV21022023935.csv,data/raw/mufap/pkrv/PKRV21022023935.csv,csv,d5c7496d26a4881dce00eee799f06dc39c2df3c867dbca2f80ae77f199d9a849,333,SUCCESS,observation_date=2023-02-21; selection_basis=AUTO_READY; content_type=application/octet-stream
PKRV,MUFAP,MUFAP current pricing API approved acquisition plan,https://www.mufap.com.pk/Upload/WebDoc/IndustryStatictics/PKRV22022023936.csv,2026-09-29T17:47:02+00:00,PKRV22022023936.csv,data/raw/mufap/pkrv/PKRV22022023936.csv,csv,7f770a1cb59bbeeb3a0490e0c4ac8dc2b3feea613ed5052ca0976ecda616c3e2,331,SUCCESS,observation_date=2023-02-22; selection_basis=AUTO_READY; content_type=application/octet-stream
PKRV,MUFAP,MUFAP current pricing API approved acquisition plan,https://www.mufap.com.pk/Upload/WebDoc/IndustryStatictics/PKRV23022023937.csv,2026-09-29T17:47:03+00:00,PKRV23022023937.csv,data/raw/mufap/pkrv/PKRV23022023937.csv,csv,f9061d1ef27fa3cf54d2f6b203879abd389a36b949dc97fe335b0cb527e75fa7,326,SUCCESS,observation_date=2023-02-23; selection_basis=AUTO_READY; content_type=application/octet-stream
PKRV,MUFAP,MUFAP current pricing API approved acquisition plan,https://www.mufap.com.pk/Upload/WebDoc/IndustryStatictics/PKRV24022023938.csv,2026-09-29T17:47:03+00:00,PKRV24022023938.csv,data/raw/mufap/pkrv/PKRV24022023938.csv,csv,bf97848a9f70e19fa60b6d4ebc79d6b1fdefa8f1ae53a7f2ef27ff0982b0eae8,336,SUCCESS,observation_date=2023-02-24; selection_basis=AUTO_READY; content_type=application/octet-stream
PKRV,MUFAP,MUFAP current pricing API approved acquisition plan,https://www.mufap.com.pk/Upload/WebDoc/IndustryStatictics/PKRV27022023939.csv,2026-09-29T17:47:04+00:00,PKRV27022023939.csv,data/raw/mufap/pkrv/PKRV27022023939.csv,csv,5f189a807a0b4ec80e783419315d6b71cb2e52cc10a86f0d87e51e8e5105eec2,334,SUCCESS,observation_date=2023-02-27; selection_basis=AUTO_READY; content_type=application/octet-stream
PKRV,MUFAP,MUFAP current pricing API approved acquisition plan,https://www.mufap.com.pk/Upload/WebDoc/IndustryStatictics/PKRV28022023940.csv,2026-09-29T17:47:05+00:00,PKRV28022023940.csv,data/raw/mufap/pkrv/PKRV28022023940.csv,csv,2fe2f5f9719d68f844de9ffb8944151ef835c1790c9bec186718e1aa623fcb4f,330,SUCCESS,observation_date=2023-02-28; selection_basis=AUTO_READY; content_type=application/octet-stream
PKRV,MUFAP,MUFAP current pricing API approved acquisition plan,https://www.mufap.com.pk/Upload/WebDoc/IndustryStatictics/PKRV01032023901.csv,2026-09-29T17:47:05+00:00,PKRV01032023901.csv,data/raw/mufap/pkrv/PKRV01032023901.csv,csv,f9be9147b56a943a95404156c0fbadac28cb06d4d34a2d9e2b7fa03f608119cc,326,SUCCESS,observation_date=2023-03-01; selection_basis=AUTO_READY; content_type=application/octet-stream
PKRV,MUFAP,MUFAP current pricing API approved acquisition plan,https://www.mufap.com.pk/Upload/WebDoc/IndustryStatictics/PKRV02032023902.csv,2026-09-29T17:47:06+00:00,PKRV02032023902.csv,data/raw/mufap/pkrv/PKRV02032023902.csv,csv,ab899dbe098d4f224efa96466c50a48e4e092f27170e46a356044c42c8ddd3b3,329,SUCCESS,observation_date=2023-03-02; selection_basis=AUTO_READY; content_type=application/octet-stream
PKRV,MUFAP,MUFAP current pricing API approved acquisition plan,https://www.mufap.com.pk/Upload/WebDoc/IndustryStatictics/PKRV03032023903.csv,2026-09-29T17:47:07+00:00,PKRV03032023903.csv,data/raw/mufap/pkrv/PKRV03032023903.csv,csv,66077fa7604eaa1fed6ecad54dd722a9e6db1965e81d838e9420df47204e7fcc,326,SUCCESS,observation_date=2023-03-03; selection_basis=AUTO_READY; content_type=application/octet-stream
PKRV,MUFAP,MUFAP current pricing API approved acquisition plan,https://www.mufap.com.pk/Upload/WebDoc/IndustryStatictics/PKRV06032023904.csv,2026-09-29T17:47:08+00:00,PKRV06032023904.csv,data/raw/mufap/pkrv/PKRV06032023904.csv,csv,9b4a7410514fd16db30f0339680758924892158ce62ef62255b16a43cd715ac8,332,SUCCESS,observation_date=2023-03-06; selection_basis=AUTO_READY; content_type=application/octet-stream
PKRV,MUFAP,MUFAP current pricing API approved acquisition plan,https://www.mufap.com.pk/Upload/WebDoc/IndustryStatictics/PKRV07032023905.csv,2026-09-29T17:47:08+00:00,PKRV07032023905.csv,data/raw/mufap/pkrv/PKRV07032023905.csv,csv,4bc7b60157dac0e6cedf64b6dabbb929dd0422c4dd384d75b8651406d98fcedc,337,SUCCESS,observation_date=2023-03-07; selection_basis=AUTO_READY; content_type=application/octet-stream
PKRV,MUFAP,MUFAP current pricing API approved acquisition plan,https://www.mufap.com.pk/Upload/WebDoc/IndustryStatictics/PKRV08032023906.csv,2026-09-29T17:47:09+00:00,PKRV08032023906.csv,data/raw/mufap/pkrv/PKRV08032023906.csv,csv,fd35e9a7b1409db0e4469131ebf0ec6886b6fd03f68d549dab7caeb81597f0c2,329,SUCCESS,observation_date=2023-03-08; selection_basis=AUTO_READY; content_type=application/octet-stream
PKRV,MUFAP,MUFAP current pricing API approved acquisition plan,https://www.mufap.com.pk/Upload/WebDoc/IndustryStatictics/PKRV09032023907.csv,2026-09-29T17:47:10+00:00,PKRV09032023907.csv,data/raw/mufap/pkrv/PKRV09032023907.csv,csv,dd72f0d880a968f015ba18fc49761824d1f64448edfdf9a935b787d2165c094a,329,SUCCESS,observation_date=2023-03-09; selection_basis=AUTO_READY; content_type=application/octet-stream
PKRV,MUFAP,MUFAP current pricing API approved acquisition plan,https://www.mufap.com.pk/Upload/WebDoc/IndustryStatictics/PKRV10032023908.csv,2026-09-29T17:47:11+00:00,PKRV10032023908.csv,data/raw/mufap/pkrv/PKRV10032023908.csv,csv,49589b1b8f11e3aae5a27f5c8f202712ea9ee981bc4649651851774aaac8b3ca,331,SUCCESS,observation_date=2023-03-10; selection_basis=AUTO_READY; content_type=application/octet-stream
PKRV,MUFAP,MUFAP current pricing API approved acquisition plan,https://www.mufap.com.pk/Upload/WebDoc/IndustryStatictics/PKRV13032023909.csv,2026-09-29T17:47:11+00:00,PKRV13032023909.csv,data/raw/mufap/pkrv/PKRV13032023909.csv,csv,fd52bb4d30cf51bfe61cc13e35bcc2d4c7aaf02d126a93c679fe67d793731909,331,SUCCESS,observation_date=2023-03-13; selection_basis=AUTO_READY; content_type=application/octet-stream
PKRV,MUFAP,MUFAP current pricing API approved acquisition plan,https://www.mufap.com.pk/Upload/WebDoc/IndustryStatictics/PKRV14032023910.csv,2026-09-29T17:47:12+00:00,PKRV14032023910.csv,data/raw/mufap/pkrv/PKRV14032023910.csv,csv,ac637c618c3b666f79284bd47a9b35919cf2e466beb72d130519c4c0d490f587,329,SUCCESS,observation_date=2023-03-14; selection_basis=AUTO_READY; content_type=application/octet-stream
PKRV,MUFAP,MUFAP current pricing API approved acquisition plan,https://www.mufap.com.pk/Upload/WebDoc/IndustryStatictics/PKRV15032023911.csv,2026-09-29T17:47:12+00:00,PKRV15032023911.csv,data/raw/mufap/pkrv/PKRV15032023911.csv,csv,4bbcde471bbfdd5ed49a571bc165fc9bbcbdb00dd0c3e807e635a010cc452dec,330,SUCCESS,observation_date=2023-03-15; selection_basis=AUTO_READY; content_type=application/octet-stream
PKRV,MUFAP,MUFAP current pricing API approved acquisition plan,https://www.mufap.com.pk/Upload/WebDoc/IndustryStatictics/PKRV16032023912.csv,2026-09-29T17:47:13+00:00,PKRV16032023912.csv,data/raw/mufap/pkrv/PKRV16032023912.csv,csv,bc29a71783bfd95f78fa8ff7114d7c1a6e830dabc67454aaa52434ee6231e973,340,SUCCESS,observation_date=2023-03-16; selection_basis=AUTO_READY; content_type=application/octet-stream
PKRV,MUFAP,MUFAP current pricing API approved acquisition plan,https://www.mufap.com.pk/Upload/WebDoc/IndustryStatictics/PKRV17032023913.csv,2026-09-29T17:47:14+00:00,PKRV17032023913.csv,data/raw/mufap/pkrv/PKRV17032023913.csv,csv,fcc927f58caf6f089ea02b1d104b15e985af6d2b96415b4d82868d70a948a491,336,SUCCESS,observation_date=2023-03-17; selection_basis=AUTO_READY; content_type=application/octet-stream
PKRV,MUFAP,MUFAP current pricing API approved acquisition plan,https://www.mufap.com.pk/Upload/WebDoc/IndustryStatictics/PKRV20032023914.csv,2026-09-29T17:47:14+00:00,PKRV20032023914.csv,data/raw/mufap/pkrv/PKRV20032023914.csv,csv,6eb289177b84509c99fa69fa9d713a682cf3fc210f6978aa4a6ccd9ae5619a29,332,SUCCESS,observation_date=2023-03-20; selection_basis=AUTO_READY; content_type=application/octet-stream
PKRV,MUFAP,MUFAP current pricing API approved acquisition plan,https://www.mufap.com.pk/Upload/WebDoc/IndustryStatictics/PKRV21032023915.csv,2026-09-29T17:47:15+00:00,PKRV21032023915.csv,data/raw/mufap/pkrv/PKRV21032023915.csv,csv,48d34b39f7d4a86b6d3c1b1d704b165679739055691bbca56b1ff28090c57722,335,SUCCESS,observation_date=2023-03-21; selection_basis=AUTO_READY; content_type=application/octet-stream
PKRV,MUFAP,MUFAP current pricing API approved acquisition plan,https://www.mufap.com.pk/Upload/WebDoc/IndustryStatictics/PKRV22032023916.csv,2026-09-29T17:47:15+00:00,PKRV22032023916.csv,data/raw/mufap/pkrv/PKRV22032023916.csv,csv,a70f9297ae0ec7810fe0d5a72d1dec45d40313f6d7144e7cc67d21ca09061e22,326,SUCCESS,observation_date=2023-03-22; selection_basis=AUTO_READY; content_type=application/octet-stream
PKRV,MUFAP,MUFAP current pricing API approved acquisition plan,https://www.mufap.com.pk/Upload/WebDoc/IndustryStatictics/PKRV27032023917.csv,2026-09-29T17:47:16+00:00,PKRV27032023917.csv,data/raw/mufap/pkrv/PKRV27032023917.csv,csv,d9261ed42feedcb6e4dccd2952b1628e17110d2a54d4e655dcd451053c5c363e,327,SUCCESS,observation_date=2023-03-27; selection_basis=AUTO_READY; content_type=application/octet-stream
PKRV,MUFAP,MUFAP current pricing API approved acquisition plan,https://www.mufap.com.pk/Upload/WebDoc/IndustryStatictics/PKRV28032023918.csv,2026-09-29T17:47:17+00:00,PKRV28032023918.csv,data/raw/mufap/pkrv/PKRV28032023918.csv,csv,364a46ed27c168019f1f5c383915b4bfd18edd12a7f17b32f39c50a25e48631e,340,SUCCESS,observation_date=2023-03-28; selection_basis=AUTO_READY; content_type=application/octet-stream
PKRV,MUFAP,MUFAP current pricing API approved acquisition plan,https://www.mufap.com.pk/Upload/WebDoc/IndustryStatictics/PKRV29032023919.csv,2026-09-29T17:47:18+00:00,PKRV29032023919.csv,data/raw/mufap/pkrv/PKRV29032023919.csv,csv,5b49c1c29eed8c195c7595f66cde6d801b7a904fd8d567262a68c0a612836a28,341,SUCCESS,observation_date=2023-03-29; selection_basis=AUTO_READY; content_type=application/octet-stream
PKRV,MUFAP,MUFAP current pricing API approved acquisition plan,https://www.mufap.com.pk/Upload/WebDoc/IndustryStatictics/PKRV30032023920.csv,2026-09-29T17:47:18+00:00,PKRV30032023920.csv,data/raw/mufap/pkrv/PKRV30032023920.csv,csv,4e94737315bfb39b174d8c9d634bff5f87644f3c0cc187f6efd457c2919e0a6a,340,SUCCESS,observation_date=2023-03-30; selection_basis=AUTO_READY; content_type=application/octet-stream
PKRV,MUFAP,MUFAP current pricing API approved acquisition plan,https://www.mufap.com.pk/Upload/WebDoc/IndustryStatictics/PKRV31032023921.csv,2026-09-29T17:47:19+00:00,PKRV31032023921.csv,data/raw/mufap/pkrv/PKRV31032023921.csv,csv,a81b4e6ad5892ee602bf9ef1f7b4b68c8527e8d62d0c96f89061ec260411d775,344,SUCCESS,observation_date=2023-03-31; selection_basis=AUTO_READY; content_type=application/octet-stream
PKRV,MUFAP,MUFAP current pricing API approved acquisition plan,https://www.mufap.com.pk/Upload/WebDoc/IndustryStatictics/PKRV03042023884.csv,2026-09-29T17:47:20+00:00,PKRV03042023884.csv,data/raw/mufap/pkrv/PKRV03042023884.csv,csv,9ac8fc6f25b6441d440469f6d7886bce30a8f39ea84cd5a094ec2b4e8d501170,326,SUCCESS,observation_date=2023-04-03; selection_basis=AUTO_READY; content_type=application/octet-stream
PKRV,MUFAP,MUFAP current pricing API approved acquisition plan,https://www.mufap.com.pk/Upload/WebDoc/IndustryStatictics/PKRV04042023885.csv,2026-09-29T17:47:20+00:00,PKRV04042023885.csv,data/raw/mufap/pkrv/PKRV04042023885.csv,csv,f5a079ffb708a8972e6955d79bdb4d5e3bfc48dd826d391eff139534d0493023,329,SUCCESS,observation_date=2023-04-04; selection_basis=AUTO_READY; content_type=application/octet-stream
PKRV,MUFAP,MUFAP current pricing API approved acquisition plan,https://www.mufap.com.pk/Upload/WebDoc/IndustryStatictics/PKRV05042023886.csv,2026-09-29T17:47:21+00:00,PKRV05042023886.csv,data/raw/mufap/pkrv/PKRV05042023886.csv,csv,e2b72fcbe93d5e7ba700f9798872c032b789228f753fde0e2f01ea3cda68f4bd,344,SUCCESS,observation_date=2023-04-05; selection_basis=AUTO_READY; content_type=application/octet-stream
PKRV,MUFAP,MUFAP current pricing API approved acquisition plan,https://www.mufap.com.pk/Upload/WebDoc/IndustryStatictics/PKRV06042023887.csv,2026-09-29T17:47:22+00:00,PKRV06042023887.csv,data/raw/mufap/pkrv/PKRV06042023887.csv,csv,a065b71285bcf8e3f00694b4a55535298087a5980d3d85c68d186c22ac8cfc7c,333,SUCCESS,observation_date=2023-04-06; selection_basis=AUTO_READY; content_type=application/octet-stream
PKRV,MUFAP,MUFAP current pricing API approved acquisition plan,https://www.mufap.com.pk/Upload/WebDoc/IndustryStatictics/PKRV07042023888.csv,2026-09-29T17:47:23+00:00,PKRV07042023888.csv,data/raw/mufap/pkrv/PKRV07042023888.csv,csv,8da9b759b3f9e3e06cf4892b3136f5340181a6c77cec433b3624861642187859,336,SUCCESS,observation_date=2023-04-07; selection_basis=AUTO_READY; content_type=application/octet-stream
PKRV,MUFAP,MUFAP current pricing API approved acquisition plan,https://www.mufap.com.pk/Upload/WebDoc/IndustryStatictics/PKRV10042023889.csv,2026-09-29T17:47:23+00:00,PKRV10042023889.csv,data/raw/mufap/pkrv/PKRV10042023889.csv,csv,69f6a6b3ce4600808f8ed78c4d6c5f1427e1a36faac83888ffde4dddfb2717f6,331,SUCCESS,observation_date=2023-04-10; selection_basis=AUTO_READY; content_type=application/octet-stream
PKRV,MUFAP,MUFAP current pricing API approved acquisition plan,https://www.mufap.com.pk/Upload/WebDoc/IndustryStatictics/PKRV11042023890.csv,2026-09-29T17:47:24+00:00,PKRV11042023890.csv,data/raw/mufap/pkrv/PKRV11042023890.csv,csv,a49e0cd7feea28e9417ce3af673fc8580560203be703e0e875b06e48ddd491ae,329,SUCCESS,observation_date=2023-04-11; selection_basis=AUTO_READY; content_type=application/octet-stream
PKRV,MUFAP,MUFAP current pricing API approved acquisition plan,https://www.mufap.com.pk/Upload/WebDoc/IndustryStatictics/PKRV12042023891.csv,2026-09-29T17:47:25+00:00,PKRV12042023891.csv,data/raw/mufap/pkrv/PKRV12042023891.csv,csv,ba10bed6ae04a2701c114013945e58f40b2f8767c19ad2d6dff96d2cb3e90d92,336,SUCCESS,observation_date=2023-04-12; selection_basis=AUTO_READY; content_type=application/octet-stream
PKRV,MUFAP,MUFAP current pricing API approved acquisition plan,https://www.mufap.com.pk/Upload/WebDoc/IndustryStatictics/PKRV13042023892.csv,2026-09-29T17:47:25+00:00,PKRV13042023892.csv,data/raw/mufap/pkrv/PKRV13042023892.csv,csv,bd695afb09a8877d6a92a1fc2181c37b449ab1d94ca8263114ae60d0e40de80e,340,SUCCESS,observation_date=2023-04-13; selection_basis=AUTO_READY; content_type=application/octet-stream
PKRV,MUFAP,MUFAP current pricing API approved acquisition plan,https://www.mufap.com.pk/Upload/WebDoc/IndustryStatictics/PKRV14042023893.csv,2026-09-29T17:47:26+00:00,PKRV14042023893.csv,data/raw/mufap/pkrv/PKRV14042023893.csv,csv,8c35c5b8626bb3cbee2f12af78f80863ed3250b073f3669d186f2b4475237fc0,333,SUCCESS,observation_date=2023-04-14; selection_basis=AUTO_READY; content_type=application/octet-stream
PKRV,MUFAP,MUFAP current pricing API approved acquisition plan,https://www.mufap.com.pk/Upload/WebDoc/IndustryStatictics/PKRV17042023894.csv,2026-09-29T17:47:27+00:00,PKRV17042023894.csv,data/raw/mufap/pkrv/PKRV17042023894.csv,csv,48e87e7dac6493905290af46239654a5e26fef4deea5efe1e9b481fbd73b6844,338,SUCCESS,observation_date=2023-04-17; selection_basis=AUTO_READY; content_type=application/octet-stream
PKRV,MUFAP,MUFAP current pricing API approved acquisition plan,https://www.mufap.com.pk/Upload/WebDoc/IndustryStatictics/PKRV18042023895.csv,2026-09-29T17:47:27+00:00,PKRV18042023895.csv,data/raw/mufap/pkrv/PKRV18042023895.csv,csv,29c4b28268c5a852e341e864f5de984ded5e6b13d513c55643399ab0c611ae6e,337,SUCCESS,observation_date=2023-04-18; selection_basis=AUTO_READY; content_type=application/octet-stream
PKRV,MUFAP,MUFAP current pricing API approved acquisition plan,https://www.mufap.com.pk/Upload/WebDoc/IndustryStatictics/PKRV19042023896.csv,2026-09-29T17:47:28+00:00,PKRV19042023896.csv,data/raw/mufap/pkrv/PKRV19042023896.csv,csv,7fa122150a9e530a11de6f99549cebe06fa8bdd3a447957a60f3bf79e50128f3,329,SUCCESS,observation_date=2023-04-19; selection_basis=AUTO_READY; content_type=application/octet-stream
PKRV,MUFAP,MUFAP current pricing API approved acquisition plan,https://www.mufap.com.pk/Upload/WebDoc/IndustryStatictics/PKRV20042023897.csv,2026-09-29T17:47:29+00:00,PKRV20042023897.csv,data/raw/mufap/pkrv/PKRV20042023897.csv,csv,2f13fea4773b85e6740169f1efbf34416af3eb8b3b5223a802001d9c7bf1ad1b,333,SUCCESS,observation_date=2023-04-20; selection_basis=AUTO_READY; content_type=application/octet-stream
PKRV,MUFAP,MUFAP current pricing API approved acquisition plan,https://www.mufap.com.pk/Upload/WebDoc/IndustryStatictics/PKRV26042023898.csv,2026-09-29T17:47:30+00:00,PKRV26042023898.csv,data/raw/mufap/pkrv/PKRV26042023898.csv,csv,265e721e989f88a62bfd7f6db02385e23c19e635356cbdd1f229030969bde53b,342,SUCCESS,observation_date=2023-04-26; selection_basis=AUTO_READY; content_type=application/octet-stream
PKRV,MUFAP,MUFAP current pricing API approved acquisition plan,https://www.mufap.com.pk/Upload/WebDoc/IndustryStatictics/PKRV27042023899.csv,2026-09-29T17:47:30+00:00,PKRV27042023899.csv,data/raw/mufap/pkrv/PKRV27042023899.csv,csv,d47c891aabd05a31f3c8bdde7dc838312f9eb9a1e3207799a72452e2f86a25b7,334,SUCCESS,observation_date=2023-04-27; selection_basis=AUTO_READY; content_type=application/octet-stream
PKRV,MUFAP,MUFAP current pricing API approved acquisition plan,https://www.mufap.com.pk/Upload/WebDoc/IndustryStatictics/PKRV28042023900.csv,2026-09-29T17:47:31+00:00,PKRV28042023900.csv,data/raw/mufap/pkrv/PKRV28042023900.csv,csv,5218c6afeb50e68b009e548ee96e7cd2d3b8b6f7ca46013bdc89b7eb8348cc5c,330,SUCCESS,observation_date=2023-04-28; selection_basis=AUTO_READY; content_type=application/octet-stream
PKRV,MUFAP,MUFAP current pricing API approved acquisition plan,https://www.mufap.com.pk/Upload/WebDoc/IndustryStatictics/PKRV02052023860.csv,2026-09-29T17:47:32+00:00,PKRV02052023860.csv,data/raw/mufap/pkrv/PKRV02052023860.csv,csv,fb19b55f6d9d2a8d41f48f4a7f1e50a519ff8026624da3b89be1e49df72ac1a1,328,SUCCESS,observation_date=2023-05-02; selection_basis=AUTO_READY; content_type=application/octet-stream
PKRV,MUFAP,MUFAP current pricing API approved acquisition plan,https://www.mufap.com.pk/Upload/WebDoc/IndustryStatictics/PKRV03052023861.csv,2026-09-29T17:47:32+00:00,PKRV03052023861.csv,data/raw/mufap/pkrv/PKRV03052023861.csv,csv,9701a848c442e0555b4da155f16999387a3966a538553d0c3b174300a7a85c1e,329,SUCCESS,observation_date=2023-05-03; selection_basis=AUTO_READY; content_type=application/octet-stream
PKRV,MUFAP,MUFAP current pricing API approved acquisition plan,https://www.mufap.com.pk/Upload/WebDoc/IndustryStatictics/PKRV04052023862.csv,2026-09-29T17:47:33+00:00,PKRV04052023862.csv,data/raw/mufap/pkrv/PKRV04052023862.csv,csv,39d915e1470b52e0df5ce49c643c7f5d5760b7bb3489902a33ffe0d6cd91b4c6,329,SUCCESS,observation_date=2023-05-04; selection_basis=AUTO_READY; content_type=application/octet-stream
PKRV,MUFAP,MUFAP current pricing API approved acquisition plan,https://www.mufap.com.pk/Upload/WebDoc/IndustryStatictics/PKRV05052023863.csv,2026-09-29T17:47:34+00:00,PKRV05052023863.csv,data/raw/mufap/pkrv/PKRV05052023863.csv,csv,ce00af889a0995bf53b12729094c85a7c81cb6990e684fb8f520d35733bdf3c1,338,SUCCESS,observation_date=2023-05-05; selection_basis=AUTO_READY; content_type=application/octet-stream
PKRV,MUFAP,MUFAP current pricing API approved acquisition plan,https://www.mufap.com.pk/Upload/WebDoc/IndustryStatictics/PKRV08052023864.csv,2026-09-29T17:47:35+00:00,PKRV08052023864.csv,data/raw/mufap/pkrv/PKRV08052023864.csv,csv,3b8bc2f32ed62bcc3cb5e8c14067bfa93fc4cb1305ed9568731edd62d2344738,332,SUCCESS,observation_date=2023-05-08; selection_basis=AUTO_READY; content_type=application/octet-stream
PKRV,MUFAP,MUFAP current pricing API approved acquisition plan,https://www.mufap.com.pk/Upload/WebDoc/IndustryStatictics/PKRV09052023865.csv,2026-09-29T17:47:36+00:00,PKRV09052023865.csv,data/raw/mufap/pkrv/PKRV09052023865.csv,csv,22420b4229c23429729fe98e6a4e13592d4b891328005bfcfb40fd53678ef31d,337,SUCCESS,observation_date=2023-05-09; selection_basis=AUTO_READY; content_type=application/octet-stream
PKRV,MUFAP,MUFAP current pricing API approved acquisition plan,https://www.mufap.com.pk/Upload/WebDoc/IndustryStatictics/PKRV10052023866.csv,2026-09-29T17:47:36+00:00,PKRV10052023866.csv,data/raw/mufap/pkrv/PKRV10052023866.csv,csv,81c9933c3172eff45c13eb6e10345804f199d1706945e8fe2cd77291387eebe8,341,SUCCESS,observation_date=2023-05-10; selection_basis=AUTO_READY; content_type=application/octet-stream
PKRV,MUFAP,MUFAP current pricing API approved acquisition plan,https://www.mufap.com.pk/Upload/WebDoc/IndustryStatictics/PKRV11052023867.csv,2026-09-29T17:47:37+00:00,PKRV11052023867.csv,data/raw/mufap/pkrv/PKRV11052023867.csv,csv,2487e4c3ac3f56ed9be3ec9f334c5f314ab790dc396adcafe8580e86a4dc73fb,330,SUCCESS,observation_date=2023-05-11; selection_basis=AUTO_READY; content_type=application/octet-stream
PKRV,MUFAP,MUFAP current pricing API approved acquisition plan,https://www.mufap.com.pk/Upload/WebDoc/IndustryStatictics/PKRV12052023868.csv,2026-09-29T17:47:38+00:00,PKRV12052023868.csv,data/raw/mufap/pkrv/PKRV12052023868.csv,csv,58cea177415255c45717420ad2a56b4b76ce57a240d35ac90bdb01d73bfb724d,338,SUCCESS,observation_date=2023-05-12; selection_basis=AUTO_READY; content_type=application/octet-stream
PKRV,MUFAP,MUFAP current pricing API approved acquisition plan,https://www.mufap.com.pk/Upload/WebDoc/IndustryStatictics/PKRV15052023869.csv,2026-09-29T17:47:39+00:00,PKRV15052023869.csv,data/raw/mufap/pkrv/PKRV15052023869.csv,csv,c9b6da5214e4c561403cbe4ab0a7be6000aa92023b45e55d5c0cdaae42273c10,338,SUCCESS,observation_date=2023-05-15; selection_basis=AUTO_READY; content_type=application/octet-stream
PKRV,MUFAP,MUFAP current pricing API approved acquisition plan,https://www.mufap.com.pk/Upload/WebDoc/IndustryStatictics/PKRV16052023870.csv,2026-09-29T17:47:39+00:00,PKRV16052023870.csv,data/raw/mufap/pkrv/PKRV16052023870.csv,csv,f8bf4b6693a21ccb9561fffd6048b182bbf77c790ec18001777b85803f2cb68a,332,SUCCESS,observation_date=2023-05-16; selection_basis=AUTO_READY; content_type=application/octet-stream
PKRV,MUFAP,MUFAP current pricing API approved acquisition plan,https://www.mufap.com.pk/Upload/WebDoc/IndustryStatictics/PKRV17052023871.csv,2026-09-29T17:47:40+00:00,PKRV17052023871.csv,data/raw/mufap/pkrv/PKRV17052023871.csv,csv,6c86a13eaeed76b92ce8116363d4d3742dcc9cc4f819c2496db5957f2f3cc5cf,331,SUCCESS,observation_date=2023-05-17; selection_basis=AUTO_READY; content_type=application/octet-stream
PKRV,MUFAP,MUFAP current pricing API approved acquisition plan,https://www.mufap.com.pk/Upload/WebDoc/IndustryStatictics/PKRV18052023872.csv,2026-09-29T17:47:41+00:00,PKRV18052023872.csv,data/raw/mufap/pkrv/PKRV18052023872.csv,csv,c6484756de68f73663711ad82138268197b35e7c5582ab8c901e35e72604e23e,328,SUCCESS,observation_date=2023-05-18; selection_basis=AUTO_READY; content_type=application/octet-stream
PKRV,MUFAP,MUFAP current pricing API approved acquisition plan,https://www.mufap.com.pk/Upload/WebDoc/IndustryStatictics/PKRV19052023873.csv,2026-09-29T17:47:41+00:00,PKRV19052023873.csv,data/raw/mufap/pkrv/PKRV19052023873.csv,csv,2cdfa87e3b59bc70d3995eafe3a23fe126225b953e793245ffadaf30760a609d,389,SUCCESS,observation_date=2023-05-19; selection_basis=AUTO_READY; content_type=application/octet-stream
PKRV,MUFAP,MUFAP current pricing API approved acquisition plan,https://www.mufap.com.pk/Upload/WebDoc/IndustryStatictics/PKRV22052023874.csv,2026-09-29T17:47:42+00:00,PKRV22052023874.csv,data/raw/mufap/pkrv/PKRV22052023874.csv,csv,8ff6f36d4ff4219091a62a694f3091dc336a8efd2d8f75117234ea11292a21b3,326,SUCCESS,observation_date=2023-05-22; selection_basis=AUTO_READY; content_type=application/octet-stream
PKRV,MUFAP,MUFAP current pricing API approved acquisition plan,https://www.mufap.com.pk/Upload/WebDoc/IndustryStatictics/PKRV23052023875.csv,2026-09-29T17:47:43+00:00,PKRV23052023875.csv,data/raw/mufap/pkrv/PKRV23052023875.csv,csv,e149d27e3258976fc5896609b7abc15141c8562792504505762feea87e3e065c,326,SUCCESS,observation_date=2023-05-23; selection_basis=AUTO_READY; content_type=application/octet-stream
PKRV,MUFAP,MUFAP current pricing API approved acquisition plan,https://www.mufap.com.pk/Upload/WebDoc/IndustryStatictics/PKRV24052023876.csv,2026-09-29T17:47:43+00:00,PKRV24052023876.csv,data/raw/mufap/pkrv/PKRV24052023876.csv,csv,7e8f380911c1c0743665bc06202bfc167c1c9e5eafe0fb66c1d8dc5c22236017,327,SUCCESS,observation_date=2023-05-24; selection_basis=AUTO_READY; content_type=application/octet-stream
PKRV,MUFAP,MUFAP current pricing API approved acquisition plan,https://www.mufap.com.pk/Upload/WebDoc/IndustryStatictics/PKRV25052023877.csv,2026-09-29T17:47:44+00:00,PKRV25052023877.csv,data/raw/mufap/pkrv/PKRV25052023877.csv,csv,09bc5d9e2f10737a93f89d12c071bfc7c6fae1447e8007fa82cd8be461a38669,332,SUCCESS,observation_date=2023-05-25; selection_basis=AUTO_READY; content_type=application/octet-stream
PKRV,MUFAP,MUFAP current pricing API approved acquisition plan,https://www.mufap.com.pk/Upload/WebDoc/IndustryStatictics/PKRV26052023878.csv,2026-09-29T17:47:45+00:00,PKRV26052023878.csv,data/raw/mufap/pkrv/PKRV26052023878.csv,csv,71a84c440e3033aada9f2c47f914e753c98390292dfe3c2cfd96a79eb635686a,327,SUCCESS,observation_date=2023-05-26; selection_basis=AUTO_READY; content_type=application/octet-stream
PKRV,MUFAP,MUFAP current pricing API approved acquisition plan,https://www.mufap.com.pk/Upload/WebDoc/IndustryStatictics/PKRV29052023879.csv,2026-09-29T17:47:46+00:00,PKRV29052023879.csv,data/raw/mufap/pkrv/PKRV29052023879.csv,csv,6f7f3f9073d483509f907d4f47cfec2eea8719899eb539acc1dbc18e2b1a4c03,331,SUCCESS,observation_date=2023-05-29; selection_basis=AUTO_READY; content_type=application/octet-stream
PKRV,MUFAP,MUFAP current pricing API approved acquisition plan,https://www.mufap.com.pk/Upload/WebDoc/IndustryStatictics/PKRV30052023880.csv,2026-09-29T17:47:46+00:00,PKRV30052023880.csv,data/raw/mufap/pkrv/PKRV30052023880.csv,csv,bfb1a18febb61440e97b66972c31e948c8e569d823ab1805262854f7288be934,329,SUCCESS,observation_date=2023-05-30; selection_basis=AUTO_READY; content_type=application/octet-stream
PKRV,MUFAP,MUFAP current pricing API approved acquisition plan,https://www.mufap.com.pk/Upload/WebDoc/IndustryStatictics/PKRV31052023883.csv,2026-09-29T17:47:47+00:00,PKRV31052023883.csv,data/raw/mufap/pkrv/PKRV31052023883.csv,csv,37a6af84580a93153d7dcb113bd0a41dd366fc78a3a9c34666b9ec9f0ec236fe,336,SUCCESS,observation_date=2023-05-31; selection_basis=AUTO_READY; content_type=application/octet-stream
PKRV,MUFAP,MUFAP current pricing API approved acquisition plan,https://www.mufap.com.pk/Upload/WebDoc/IndustryStatictics/PKRV01062023840.csv,2026-09-29T17:47:48+00:00,PKRV01062023840.csv,data/raw/mufap/pkrv/PKRV01062023840.csv,csv,8ecfdbf545cc9147e3d7b3c2adbc08ee57cfbe325a33cd2d89abaa0f81776854,340,SUCCESS,observation_date=2023-06-01; selection_basis=AUTO_READY; content_type=application/octet-stream
PKRV,MUFAP,MUFAP current pricing API approved acquisition plan,https://www.mufap.com.pk/Upload/WebDoc/IndustryStatictics/PKRV02062023841.csv,2026-09-29T17:47:49+00:00,PKRV02062023841.csv,data/raw/mufap/pkrv/PKRV02062023841.csv,csv,8cf59dbad150beafec2be964ad43dd22b2484520d9b03cf6038188ab949a3cf1,339,SUCCESS,observation_date=2023-06-02; selection_basis=AUTO_READY; content_type=application/octet-stream
PKRV,MUFAP,MUFAP current pricing API approved acquisition plan,https://www.mufap.com.pk/Upload/WebDoc/IndustryStatictics/PKRV05062023842.csv,2026-09-29T17:47:49+00:00,PKRV05062023842.csv,data/raw/mufap/pkrv/PKRV05062023842.csv,csv,cb97dc66f1344b1a400868ba15d91f041e341b4ef890382fc0b59bfd9d814ab4,336,SUCCESS,observation_date=2023-06-05; selection_basis=AUTO_READY; content_type=application/octet-stream
PKRV,MUFAP,MUFAP current pricing API approved acquisition plan,https://www.mufap.com.pk/Upload/WebDoc/IndustryStatictics/PKRV06062023843.csv,2026-09-29T17:47:50+00:00,PKRV06062023843.csv,data/raw/mufap/pkrv/PKRV06062023843.csv,csv,b1b43e67327ff8f05d90afacb3bfa7cdab19d9203b76fc101dbfa4dc9b7dedbb,332,SUCCESS,observation_date=2023-06-06; selection_basis=AUTO_READY; content_type=application/octet-stream
PKRV,MUFAP,MUFAP current pricing API approved acquisition plan,https://www.mufap.com.pk/Upload/WebDoc/IndustryStatictics/PKRV07062023844.csv,2026-09-29T17:47:51+00:00,PKRV07062023844.csv,data/raw/mufap/pkrv/PKRV07062023844.csv,csv,def3f967850e439f41823d9ff51c79c1ce91dbe0fc769868d221a5e55bb07141,327,SUCCESS,observation_date=2023-06-07; selection_basis=AUTO_READY; content_type=application/octet-stream
PKRV,MUFAP,MUFAP current pricing API approved acquisition plan,https://www.mufap.com.pk/Upload/WebDoc/IndustryStatictics/PKRV08062023845.csv,2026-09-29T17:47:52+00:00,PKRV08062023845.csv,data/raw/mufap/pkrv/PKRV08062023845.csv,csv,915f58122797806a51e1ceada470709c0ef210f60200c1a07468bf38bd3515a1,326,SUCCESS,observation_date=2023-06-08; selection_basis=AUTO_READY; content_type=application/octet-stream
PKRV,MUFAP,MUFAP current pricing API approved acquisition plan,https://www.mufap.com.pk/Upload/WebDoc/IndustryStatictics/PKRV09062023847.csv,2026-09-29T17:47:52+00:00,PKRV09062023847.csv,data/raw/mufap/pkrv/PKRV09062023847.csv,csv,de53abde627285f340b4208db7ee0326937a5d360dafa08199e8920ea386218d,329,SUCCESS,observation_date=2023-06-09; selection_basis=AUTO_READY; content_type=application/octet-stream
PKRV,MUFAP,MUFAP current pricing API approved acquisition plan,https://www.mufap.com.pk/Upload/WebDoc/IndustryStatictics/PKRV12062023848.csv,2026-09-29T17:47:53+00:00,PKRV12062023848.csv,data/raw/mufap/pkrv/PKRV12062023848.csv,csv,ef2413d0f39c43da862ba96df5e040223af1978ef719ca4dfc3cf1c76c042312,327,SUCCESS,observation_date=2023-06-12; selection_basis=AUTO_READY; content_type=application/octet-stream
PKRV,MUFAP,MUFAP current pricing API approved acquisition plan,https://www.mufap.com.pk/Upload/WebDoc/IndustryStatictics/PKRV13062023849.csv,2026-09-29T17:47:54+00:00,PKRV13062023849.csv,data/raw/mufap/pkrv/PKRV13062023849.csv,csv,4c6be54c2fc611223716e4837bb17439df59bddc2bef10a633b066281193a8d3,335,SUCCESS,observation_date=2023-06-13; selection_basis=AUTO_READY; content_type=application/octet-stream
PKRV,MUFAP,MUFAP current pricing API approved acquisition plan,https://www.mufap.com.pk/Upload/WebDoc/IndustryStatictics/PKRV14062023850.csv,2026-09-29T17:47:55+00:00,PKRV14062023850.csv,data/raw/mufap/pkrv/PKRV14062023850.csv,csv,d98ab7c7f65df44e620435425572e867066ae77e117ecc245e85c24965e0e28a,326,SUCCESS,observation_date=2023-06-14; selection_basis=AUTO_READY; content_type=application/octet-stream
PKRV,MUFAP,MUFAP current pricing API approved acquisition plan,https://www.mufap.com.pk/Upload/WebDoc/IndustryStatictics/PKRV15062023851.csv,2026-09-29T17:47:56+00:00,PKRV15062023851.csv,data/raw/mufap/pkrv/PKRV15062023851.csv,csv,dc1cb6e3dd083eaf35a65206480afc5573ed18b6c7e94ea4d92a0b0d3e5f5799,327,SUCCESS,observation_date=2023-06-15; selection_basis=AUTO_READY; content_type=application/octet-stream
PKRV,MUFAP,MUFAP current pricing API approved acquisition plan,https://www.mufap.com.pk/Upload/WebDoc/IndustryStatictics/PKRV16062023852.csv,2026-09-29T17:47:56+00:00,PKRV16062023852.csv,data/raw/mufap/pkrv/PKRV16062023852.csv,csv,94a2ff4691eea924c874a43ee584f2e6b00386a9aef0beb11e7c58ac25e25fb6,1625,SUCCESS,observation_date=2023-06-16; selection_basis=AUTO_READY; content_type=application/octet-stream
PKRV,MUFAP,MUFAP current pricing API approved acquisition plan,https://www.mufap.com.pk/Upload/WebDoc/IndustryStatictics/PKRV19062023853.csv,2026-09-29T17:47:57+00:00,PKRV19062023853.csv,data/raw/mufap/pkrv/PKRV19062023853.csv,csv,d6ae44a759a130d55446f52942989bff0a19bbced05c4fc141900135b3efd7ea,1371,SUCCESS,observation_date=2023-06-19; selection_basis=AUTO_READY; content_type=application/octet-stream
PKRV,MUFAP,MUFAP current pricing API approved acquisition plan,https://www.mufap.com.pk/Upload/WebDoc/IndustryStatictics/PKRV20062023854.csv,2026-09-29T17:47:58+00:00,PKRV20062023854.csv,data/raw/mufap/pkrv/PKRV20062023854.csv,csv,e1950c8be3d9ab75dd18f2c26d7835723a2aa041e401c97e4520d9a187a4d4e0,1397,SUCCESS,observation_date=2023-06-20; selection_basis=AUTO_READY; content_type=application/octet-stream
PKRV,MUFAP,MUFAP current pricing API approved acquisition plan,https://www.mufap.com.pk/Upload/WebDoc/IndustryStatictics/PKRV21062023855.csv,2026-09-29T17:47:59+00:00,PKRV21062023855.csv,data/raw/mufap/pkrv/PKRV21062023855.csv,csv,542873f9bed84db742f713c444d9ab6ea350239c31d38854bcf989dd74de0408,1396,SUCCESS,observation_date=2023-06-21; selection_basis=AUTO_READY; content_type=application/octet-stream
PKRV,MUFAP,MUFAP current pricing API approved acquisition plan,https://www.mufap.com.pk/Upload/WebDoc/IndustryStatictics/PKRV22062023856.csv,2026-09-29T17:47:59+00:00,PKRV22062023856.csv,data/raw/mufap/pkrv/PKRV22062023856.csv,csv,a2cbcb7efe6d39e0c6e71ba2ca89a0477753311590a23ebf3c9639fd261c99bb,1396,SUCCESS,observation_date=2023-06-22; selection_basis=AUTO_READY; content_type=application/octet-stream
PKRV,MUFAP,MUFAP current pricing API approved acquisition plan,https://www.mufap.com.pk/Upload/WebDoc/IndustryStatictics/PKRV23062023857.csv,2026-09-29T17:48:00+00:00,PKRV23062023857.csv,data/raw/mufap/pkrv/PKRV23062023857.csv,csv,e927e4321f6fe177659d0329c3d7b8d77068133dc2f57d330a41231887c7c04d,1410,SUCCESS,observation_date=2023-06-23; selection_basis=AUTO_READY; content_type=application/octet-stream
PKRV,MUFAP,MUFAP current pricing API approved acquisition plan,https://www.mufap.com.pk/Upload/WebDoc/IndustryStatictics/PKRV26062023858.csv,2026-09-29T17:48:00+00:00,PKRV26062023858.csv,data/raw/mufap/pkrv/PKRV26062023858.csv,csv,0e806a1ce0ebbfb6c21afba09e3730815e45958f331f0fe52f7ede7763f288cb,1406,SUCCESS,observation_date=2023-06-26; selection_basis=AUTO_READY; content_type=application/octet-stream
PKRV,MUFAP,MUFAP current pricing API approved acquisition plan,https://www.mufap.com.pk/Upload/WebDoc/IndustryStatictics/PKRV27062023859.csv,2026-09-29T17:48:01+00:00,PKRV27062023859.csv,data/raw/mufap/pkrv/PKRV27062023859.csv,csv,752dddf2fbf10e59e0a0258fefbeaf682411c8a5c90df77e6ca0648b39d50044,1348,SUCCESS,observation_date=2023-06-27; selection_basis=AUTO_READY; content_type=application/octet-stream
PKRV,MUFAP,MUFAP current pricing API approved acquisition plan,https://www.mufap.com.pk/Upload/WebDoc/IndustryStatictics/PKRV04072023818.csv,2026-09-29T17:48:02+00:00,PKRV04072023818.csv,data/raw/mufap/pkrv/PKRV04072023818.csv,csv,6e1c2d83d2dcc3b6b94ae4d79eb49143f6607f30f472206d951aee8404167f88,1244,SUCCESS,observation_date=2023-07-04; selection_basis=AUTO_READY; content_type=application/octet-stream
PKRV,MUFAP,MUFAP current pricing API approved acquisition plan,https://www.mufap.com.pk/Upload/WebDoc/IndustryStatictics/PKRV06072023819.csv,2026-09-29T17:48:02+00:00,PKRV06072023819.csv,data/raw/mufap/pkrv/PKRV06072023819.csv,csv,f5d460d8264c77001a506c3c4e4f32d98b8083e1b4f48d942b22055807430248,1363,SUCCESS,observation_date=2023-07-06; selection_basis=AUTO_READY; content_type=application/octet-stream
PKRV,MUFAP,MUFAP current pricing API approved acquisition plan,https://www.mufap.com.pk/Upload/WebDoc/IndustryStatictics/PKRV07072023821.csv,2026-09-29T17:48:03+00:00,PKRV07072023821.csv,data/raw/mufap/pkrv/PKRV07072023821.csv,csv,97e5ba0b57d68aa1b56f64bbf4690af8283aaab1698adf35d6ea82c12ccd1578,1224,SUCCESS,observation_date=2023-07-07; selection_basis=AUTO_READY; content_type=application/octet-stream
PKRV,MUFAP,MUFAP current pricing API approved acquisition plan,https://www.mufap.com.pk/Upload/WebDoc/IndustryStatictics/PKRV10072023822.csv,2026-09-29T17:48:04+00:00,PKRV10072023822.csv,data/raw/mufap/pkrv/PKRV10072023822.csv,csv,955d4afeeb7a161ac53890182fcf096f8f0df471cf5584e23a90be2617944f44,1365,SUCCESS,observation_date=2023-07-10; selection_basis=AUTO_READY; content_type=application/octet-stream
PKRV,MUFAP,MUFAP current pricing API approved acquisition plan,https://www.mufap.com.pk/Upload/WebDoc/IndustryStatictics/PKRV11072023823.csv,2026-09-29T17:48:04+00:00,PKRV11072023823.csv,data/raw/mufap/pkrv/PKRV11072023823.csv,csv,24584babf09ae7893a3574e6029f4ce1155268fbe8c24824cabae7d7dc9ff85b,1334,SUCCESS,observation_date=2023-07-11; selection_basis=AUTO_READY; content_type=application/octet-stream
PKRV,MUFAP,MUFAP current pricing API approved acquisition plan,https://www.mufap.com.pk/Upload/WebDoc/IndustryStatictics/PKRV12072023824.csv,2026-09-29T17:48:05+00:00,PKRV12072023824.csv,data/raw/mufap/pkrv/PKRV12072023824.csv,csv,b7a7518222f424ea81991da536b7acd3b85c4a89d3f0ac872205961aebf2bba0,1377,SUCCESS,observation_date=2023-07-12; selection_basis=AUTO_READY; content_type=application/octet-stream
PKRV,MUFAP,MUFAP current pricing API approved acquisition plan,https://www.mufap.com.pk/Upload/WebDoc/IndustryStatictics/PKRV13072023825.csv,2026-09-29T17:48:06+00:00,PKRV13072023825.csv,data/raw/mufap/pkrv/PKRV13072023825.csv,csv,2ce3b98212524a94871f8f9b79619896ddd23d3180a274e59b2b29753c5098f3,1195,SUCCESS,observation_date=2023-07-13; selection_basis=AUTO_READY; content_type=application/octet-stream
PKRV,MUFAP,MUFAP current pricing API approved acquisition plan,https://www.mufap.com.pk/Upload/WebDoc/IndustryStatictics/PKRV14072023826.csv,2026-09-29T17:48:06+00:00,PKRV14072023826.csv,data/raw/mufap/pkrv/PKRV14072023826.csv,csv,d930d901e44c62d58ee9caffc036c8f4f929389ca92636bf654047fed564aad8,1353,SUCCESS,observation_date=2023-07-14; selection_basis=AUTO_READY; content_type=application/octet-stream
PKRV,MUFAP,MUFAP current pricing API approved acquisition plan,https://www.mufap.com.pk/Upload/WebDoc/IndustryStatictics/PKRV17072023828.csv,2026-09-29T17:48:07+00:00,PKRV17072023828.csv,data/raw/mufap/pkrv/PKRV17072023828.csv,csv,f311901dee976bcd64ebf13d3c49926a30492fba691e3702d5d84e233b775c6e,1357,SUCCESS,observation_date=2023-07-17; selection_basis=AUTO_READY; content_type=application/octet-stream
PKRV,MUFAP,MUFAP current pricing API approved acquisition plan,https://www.mufap.com.pk/Upload/WebDoc/IndustryStatictics/PKRV18072023829.csv,2026-09-29T17:48:08+00:00,PKRV18072023829.csv,data/raw/mufap/pkrv/PKRV18072023829.csv,csv,89ae6ccfce7499519a46f4a3266149e0d43fd974f0bce710843fc8d7c9bb1513,1343,SUCCESS,observation_date=2023-07-18; selection_basis=AUTO_READY; content_type=application/octet-stream
PKRV,MUFAP,MUFAP current pricing API approved acquisition plan,https://www.mufap.com.pk/Upload/WebDoc/IndustryStatictics/PKRV19072023830.csv,2026-09-29T17:48:08+00:00,PKRV19072023830.csv,data/raw/mufap/pkrv/PKRV19072023830.csv,csv,2bb13b962f7fcf98696f910a24b273bf06a892acee0efb3c70fc31c6cd19aa10,1354,SUCCESS,observation_date=2023-07-19; selection_basis=AUTO_READY; content_type=application/octet-stream
PKRV,MUFAP,MUFAP current pricing API approved acquisition plan,https://www.mufap.com.pk/Upload/WebDoc/IndustryStatictics/PKRV20072023831.csv,2026-09-29T17:48:09+00:00,PKRV20072023831.csv,data/raw/mufap/pkrv/PKRV20072023831.csv,csv,67577accf657860abcab4f0c39ef659559bddd58f1622e71f3d359aff50bc9c3,1380,SUCCESS,observation_date=2023-07-20; selection_basis=AUTO_READY; content_type=application/octet-stream
PKRV,MUFAP,MUFAP current pricing API approved acquisition plan,https://www.mufap.com.pk/Upload/WebDoc/IndustryStatictics/PKRV21072023832.csv,2026-09-29T17:48:10+00:00,PKRV21072023832.csv,data/raw/mufap/pkrv/PKRV21072023832.csv,csv,76314b9e617985753015bbcf564926c3502b61f47d045741afe71642a39fdd7a,1799,SUCCESS,observation_date=2023-07-21; selection_basis=AUTO_READY; content_type=application/octet-stream
PKRV,MUFAP,MUFAP current pricing API approved acquisition plan,https://www.mufap.com.pk/Upload/WebDoc/IndustryStatictics/PKRV25072023835.csv,2026-09-29T17:48:10+00:00,PKRV25072023835.csv,data/raw/mufap/pkrv/PKRV25072023835.csv,csv,1cb56f729e373c03e71ef08f60209da2a90d724ae61e91d982513b940d1681fa,1824,SUCCESS,observation_date=2023-07-25; selection_basis=AUTO_READY; content_type=application/octet-stream
PKRV,MUFAP,MUFAP current pricing API approved acquisition plan,https://www.mufap.com.pk/Upload/WebDoc/IndustryStatictics/PKRV26072023836.csv,2026-09-29T17:48:11+00:00,PKRV26072023836.csv,data/raw/mufap/pkrv/PKRV26072023836.csv,csv,4b1fbb66082d9f2e725d4fd898242247203550aa8ea9e5a2c04de7869a0b0fdd,1320,SUCCESS,observation_date=2023-07-26; selection_basis=AUTO_READY; content_type=application/octet-stream
PKRV,MUFAP,MUFAP current pricing API approved acquisition plan,https://www.mufap.com.pk/Upload/WebDoc/IndustryStatictics/PKRV27072023837.csv,2026-09-29T17:48:12+00:00,PKRV27072023837.csv,data/raw/mufap/pkrv/PKRV27072023837.csv,csv,f58464c59c3c8cc94f68136a43d4f7e077d8afeb3194405f09995b23fa921475,1817,SUCCESS,observation_date=2023-07-27; selection_basis=AUTO_READY; content_type=application/octet-stream
PKRV,MUFAP,MUFAP current pricing API approved acquisition plan,https://www.mufap.com.pk/Upload/WebDoc/IndustryStatictics/PKRV31072023839.csv,2026-09-29T17:48:12+00:00,PKRV31072023839.csv,data/raw/mufap/pkrv/PKRV31072023839.csv,csv,cb6760d7587660fb6d1c5024f3dde348e6fdb347e586935836ed40d40451059f,1294,SUCCESS,observation_date=2023-07-31; selection_basis=AUTO_READY; content_type=application/octet-stream
PKRV,MUFAP,MUFAP current pricing API approved acquisition plan,https://www.mufap.com.pk/Upload/WebDoc/IndustryStatictics/PKRV01082023795.csv,2026-09-29T17:48:13+00:00,PKRV01082023795.csv,data/raw/mufap/pkrv/PKRV01082023795.csv,csv,1534b2cfcc01de87e4ab0e626296e88d306b316951b78b5c9e867166e44c31ee,1306,SUCCESS,observation_date=2023-08-01; selection_basis=AUTO_READY; content_type=application/octet-stream
PKRV,MUFAP,MUFAP current pricing API approved acquisition plan,https://www.mufap.com.pk/Upload/WebDoc/IndustryStatictics/PKRV02082023796.csv,2026-09-29T17:48:13+00:00,PKRV02082023796.csv,data/raw/mufap/pkrv/PKRV02082023796.csv,csv,c81fb97414a29284a83f7a56e3673000955dbe8cf70c385d6eca5a83971dc317,1284,SUCCESS,observation_date=2023-08-02; selection_basis=AUTO_READY; content_type=application/octet-stream
PKRV,MUFAP,MUFAP current pricing API approved acquisition plan,https://www.mufap.com.pk/Upload/WebDoc/IndustryStatictics/PKRV03082023797.csv,2026-09-29T17:48:14+00:00,PKRV03082023797.csv,data/raw/mufap/pkrv/PKRV03082023797.csv,csv,6e4618a1e2d91d7159130a86c1dff17bf1213c68ee68983d9ce7ccf2d27db67c,1275,SUCCESS,observation_date=2023-08-03; selection_basis=AUTO_READY; content_type=application/octet-stream
PKRV,MUFAP,MUFAP current pricing API approved acquisition plan,https://www.mufap.com.pk/Upload/WebDoc/IndustryStatictics/PKRV04082023798.csv,2026-09-29T17:48:15+00:00,PKRV04082023798.csv,data/raw/mufap/pkrv/PKRV04082023798.csv,csv,ddf2f25798698096ba1da0bbe6ece264caaecb556c59858922e6b0d7a7253b1d,1290,SUCCESS,observation_date=2023-08-04; selection_basis=AUTO_READY; content_type=application/octet-stream
PKRV,MUFAP,MUFAP current pricing API approved acquisition plan,https://www.mufap.com.pk/Upload/WebDoc/IndustryStatictics/PKRV07082023799.csv,2026-09-29T17:48:15+00:00,PKRV07082023799.csv,data/raw/mufap/pkrv/PKRV07082023799.csv,csv,f075dae163d7a563584c80f82ff26477b7b39b9cddd22b89dda40eb62ffc52aa,1852,SUCCESS,observation_date=2023-08-07; selection_basis=AUTO_READY; content_type=application/octet-stream
PKRV,MUFAP,MUFAP current pricing API approved acquisition plan,https://www.mufap.com.pk/Upload/WebDoc/IndustryStatictics/PKRV08082023800.csv,2026-09-29T17:48:16+00:00,PKRV08082023800.csv,data/raw/mufap/pkrv/PKRV08082023800.csv,csv,5c93bc50c7ffe71e5df48904c94941aff128fca7a7e50a6c67942acf31a10ee7,1710,SUCCESS,observation_date=2023-08-08; selection_basis=AUTO_READY; content_type=application/octet-stream
PKRV,MUFAP,MUFAP current pricing API approved acquisition plan,https://www.mufap.com.pk/Upload/WebDoc/IndustryStatictics/PKRV09082023801.csv,2026-09-29T17:48:17+00:00,PKRV09082023801.csv,data/raw/mufap/pkrv/PKRV09082023801.csv,csv,1a8d115b252b3cafe806efcafc42a6f8d47229516ff880461fecf9cedf2900ca,1352,SUCCESS,observation_date=2023-08-09; selection_basis=AUTO_READY; content_type=application/octet-stream
PKRV,MUFAP,MUFAP current pricing API approved acquisition plan,https://www.mufap.com.pk/Upload/WebDoc/IndustryStatictics/PKRV10082023802.csv,2026-09-29T17:48:17+00:00,PKRV10082023802.csv,data/raw/mufap/pkrv/PKRV10082023802.csv,csv,9cf309a5721bb319e88e3615c63986fd011e1e0db7b780ef3fc6f91f92c894af,1552,SUCCESS,observation_date=2023-08-10; selection_basis=AUTO_READY; content_type=application/octet-stream
PKRV,MUFAP,MUFAP current pricing API approved acquisition plan,https://www.mufap.com.pk/Upload/WebDoc/IndustryStatictics/PKRV11082023803.csv,2026-09-29T17:48:18+00:00,PKRV11082023803.csv,data/raw/mufap/pkrv/PKRV11082023803.csv,csv,2834646f43e1bc025b2d9e872d396db3a7e684f239180abacab85eaed9ddc0e7,1245,SUCCESS,observation_date=2023-08-11; selection_basis=AUTO_READY; content_type=application/octet-stream
PKRV,MUFAP,MUFAP current pricing API approved acquisition plan,https://www.mufap.com.pk/Upload/WebDoc/IndustryStatictics/PKRV15082023804.csv,2026-09-29T17:48:19+00:00,PKRV15082023804.csv,data/raw/mufap/pkrv/PKRV15082023804.csv,csv,2d4130d87043e9ccc9a752fee58bb253a21311d122922434a6ce0049b63c696b,214,SUCCESS,observation_date=2023-08-15; selection_basis=AUTO_READY; content_type=application/octet-stream
PKRV,MUFAP,MUFAP current pricing API approved acquisition plan,https://www.mufap.com.pk/Upload/WebDoc/IndustryStatictics/PKRV16082023805.csv,2026-09-29T17:48:20+00:00,PKRV16082023805.csv,data/raw/mufap/pkrv/PKRV16082023805.csv,csv,af59252fd0e18a33fbb108d5470c5e288aa339184b7e02849c9398a5ea5b90eb,323,SUCCESS,observation_date=2023-08-16; selection_basis=AUTO_READY; content_type=application/octet-stream
PKRV,MUFAP,MUFAP current pricing API approved acquisition plan,https://www.mufap.com.pk/Upload/WebDoc/IndustryStatictics/PKRV17082023806.csv,2026-09-29T17:48:20+00:00,PKRV17082023806.csv,data/raw/mufap/pkrv/PKRV17082023806.csv,csv,44e27dd995a641141bc9d5972a31e53e85f69bdbb2e6200a0de6536d7b380bfe,330,SUCCESS,observation_date=2023-08-17; selection_basis=AUTO_READY; content_type=application/octet-stream
PKRV,MUFAP,MUFAP current pricing API approved acquisition plan,https://www.mufap.com.pk/Upload/WebDoc/IndustryStatictics/PKRV18082023807.csv,2026-09-29T17:48:21+00:00,PKRV18082023807.csv,data/raw/mufap/pkrv/PKRV18082023807.csv,csv,c99cf42044a6e4635ddd8f303d39a7bcb2ee2d95852c080f833dd1d4a908e6e2,1757,SUCCESS,observation_date=2023-08-18; selection_basis=AUTO_READY; content_type=application/octet-stream
PKRV,MUFAP,MUFAP current pricing API approved acquisition plan,https://www.mufap.com.pk/Upload/WebDoc/IndustryStatictics/PKRV21082023808.csv,2026-09-29T17:48:22+00:00,PKRV21082023808.csv,data/raw/mufap/pkrv/PKRV21082023808.csv,csv,9afda5ca324ae5d54436ecf9358b4ec4bdc938bb92166d30ab189852b960ea0c,335,SUCCESS,observation_date=2023-08-21; selection_basis=AUTO_READY; content_type=application/octet-stream
PKRV,MUFAP,MUFAP current pricing API approved acquisition plan,https://www.mufap.com.pk/Upload/WebDoc/IndustryStatictics/PKRV22082023809.csv,2026-09-29T17:48:22+00:00,PKRV22082023809.csv,data/raw/mufap/pkrv/PKRV22082023809.csv,csv,c6dcfdd474f7ee0d7cf72dd4bf7a0256e3b7cbda054c7b23814bf3bf0bb5ef76,1427,SUCCESS,observation_date=2023-08-22; selection_basis=AUTO_READY; content_type=application/octet-stream
PKRV,MUFAP,MUFAP current pricing API approved acquisition plan,https://www.mufap.com.pk/Upload/WebDoc/IndustryStatictics/PKRV23082023810.csv,2026-09-29T17:48:23+00:00,PKRV23082023810.csv,data/raw/mufap/pkrv/PKRV23082023810.csv,csv,98beea099a8ae8325c8b9ed52b13b8d6964698d06e25ae63e27de9072db6b173,1446,SUCCESS,observation_date=2023-08-23; selection_basis=AUTO_READY; content_type=application/octet-stream
PKRV,MUFAP,MUFAP current pricing API approved acquisition plan,https://www.mufap.com.pk/Upload/WebDoc/IndustryStatictics/PKRV24082023811.csv,2026-09-29T17:48:23+00:00,PKRV24082023811.csv,data/raw/mufap/pkrv/PKRV24082023811.csv,csv,be51ab22f6f9dac1e906fb0829649efd226c9a805a64fdba05ce47d349b530f7,1373,SUCCESS,observation_date=2023-08-24; selection_basis=AUTO_READY; content_type=application/octet-stream
PKRV,MUFAP,MUFAP current pricing API approved acquisition plan,https://www.mufap.com.pk/Upload/WebDoc/IndustryStatictics/PKRV25082023812.csv,2026-09-29T17:48:24+00:00,PKRV25082023812.csv,data/raw/mufap/pkrv/PKRV25082023812.csv,csv,98e2d7a4804826d804ae21f0ecd3c47900ed07ae02388f77cfac17261ac06222,1463,SUCCESS,observation_date=2023-08-25; selection_basis=AUTO_READY; content_type=application/octet-stream
PKRV,MUFAP,MUFAP current pricing API approved acquisition plan,https://www.mufap.com.pk/Upload/WebDoc/IndustryStatictics/PKRV28082023813.csv,2026-09-29T17:48:24+00:00,PKRV28082023813.csv,data/raw/mufap/pkrv/PKRV28082023813.csv,csv,637326808a4d5adac17e37025d33e2d12f9cb69ae816e4bac44f6869f0006ae2,1458,SUCCESS,observation_date=2023-08-28; selection_basis=AUTO_READY; content_type=application/octet-stream
PKRV,MUFAP,MUFAP current pricing API approved acquisition plan,https://www.mufap.com.pk/Upload/WebDoc/IndustryStatictics/PKRV29082023814.csv,2026-09-29T17:48:25+00:00,PKRV29082023814.csv,data/raw/mufap/pkrv/PKRV29082023814.csv,csv,2af5b7deed3de82528a190413dfaf497f2090062029a50b8a529a0b900439712,1444,SUCCESS,observation_date=2023-08-29; selection_basis=AUTO_READY; content_type=application/octet-stream
PKRV,MUFAP,MUFAP current pricing API approved acquisition plan,https://www.mufap.com.pk/Upload/WebDoc/IndustryStatictics/PKRV30082023815.csv,2026-09-29T17:48:26+00:00,PKRV30082023815.csv,data/raw/mufap/pkrv/PKRV30082023815.csv,csv,0a621304e4a669a0eaa2a5f50d9d2000391d2491ba3e298f24fe2e32db64ab89,1424,SUCCESS,observation_date=2023-08-30; selection_basis=AUTO_READY; content_type=application/octet-stream
PKRV,MUFAP,MUFAP current pricing API approved acquisition plan,https://www.mufap.com.pk/Upload/WebDoc/IndustryStatictics/PKRV31082023816.csv,2026-09-29T17:48:27+00:00,PKRV31082023816.csv,data/raw/mufap/pkrv/PKRV31082023816.csv,csv,c8da00ced4ae0e27dfeadd90a29e0615d8fe5e99ef9ab6a5ff51456a1d6b1958,1419,SUCCESS,observation_date=2023-08-31; selection_basis=AUTO_READY; content_type=application/octet-stream
PKRV,MUFAP,MUFAP current pricing API approved acquisition plan,https://www.mufap.com.pk/Upload/WebDoc/IndustryStatictics/PKRV01092023772.csv,2026-09-29T17:48:27+00:00,PKRV01092023772.csv,data/raw/mufap/pkrv/PKRV01092023772.csv,csv,64948d48a5a7bca346e37ad0e5f85892cfc562546a82efd929fadf5c546d1282,1442,SUCCESS,observation_date=2023-09-01; selection_basis=AUTO_READY; content_type=application/octet-stream
PKRV,MUFAP,MUFAP current pricing API approved acquisition plan,https://www.mufap.com.pk/Upload/WebDoc/IndustryStatictics/PKRV04092023773.csv,2026-09-29T17:48:28+00:00,PKRV04092023773.csv,data/raw/mufap/pkrv/PKRV04092023773.csv,csv,7aa522f4de408faffe8522db28cbf0c684a273faf44d741e44b915b0662f352f,1440,SUCCESS,observation_date=2023-09-04; selection_basis=AUTO_READY; content_type=application/octet-stream
PKRV,MUFAP,MUFAP current pricing API approved acquisition plan,https://www.mufap.com.pk/Upload/WebDoc/IndustryStatictics/PKRV05092023774.csv,2026-09-29T17:48:28+00:00,PKRV05092023774.csv,data/raw/mufap/pkrv/PKRV05092023774.csv,csv,c2ae740d11fd1e92c178cd728f0f6ed3269121eece4cd949613262409570d704,1749,SUCCESS,observation_date=2023-09-05; selection_basis=AUTO_READY; content_type=application/octet-stream
PKRV,MUFAP,MUFAP current pricing API approved acquisition plan,https://www.mufap.com.pk/Upload/WebDoc/IndustryStatictics/PKRV06092023775.csv,2026-09-29T17:48:29+00:00,PKRV06092023775.csv,data/raw/mufap/pkrv/PKRV06092023775.csv,csv,a6c865bae959e288181b7a8c008f7259a85b2c5e6103c651e4b315e8d213e794,1429,SUCCESS,observation_date=2023-09-06; selection_basis=AUTO_READY; content_type=application/octet-stream
PKRV,MUFAP,MUFAP current pricing API approved acquisition plan,https://www.mufap.com.pk/Upload/WebDoc/IndustryStatictics/PKRV07092023776.csv,2026-09-29T17:48:30+00:00,PKRV07092023776.csv,data/raw/mufap/pkrv/PKRV07092023776.csv,csv,362594d096943ce5a8be8af653e7c522cde8371ee1dabe8fd6871d1a233ae980,1402,SUCCESS,observation_date=2023-09-07; selection_basis=AUTO_READY; content_type=application/octet-stream
PKRV,MUFAP,MUFAP current pricing API approved acquisition plan,https://www.mufap.com.pk/Upload/WebDoc/IndustryStatictics/PKRV08092023777.csv,2026-09-29T17:48:30+00:00,PKRV08092023777.csv,data/raw/mufap/pkrv/PKRV08092023777.csv,csv,0e0cabc2a6e9788bcb27af1c058cfb6e95a74a94fe27298ba456d87e9e9b27a6,1407,SUCCESS,observation_date=2023-09-08; selection_basis=AUTO_READY; content_type=application/octet-stream
PKRV,MUFAP,MUFAP current pricing API approved acquisition plan,https://www.mufap.com.pk/Upload/WebDoc/IndustryStatictics/PKRV11092023778.csv,2026-09-29T17:48:31+00:00,PKRV11092023778.csv,data/raw/mufap/pkrv/PKRV11092023778.csv,csv,d742816985d6c8a0318913cbcd86776ac664c7bb52c9f3aa0e5c18bf528c81fd,1418,SUCCESS,observation_date=2023-09-11; selection_basis=AUTO_READY; content_type=application/octet-stream
PKRV,MUFAP,MUFAP current pricing API approved acquisition plan,https://www.mufap.com.pk/Upload/WebDoc/IndustryStatictics/PKRV12092023779.csv,2026-09-29T17:48:32+00:00,PKRV12092023779.csv,data/raw/mufap/pkrv/PKRV12092023779.csv,csv,da1fbe374084c231048a0159799f0816acf80a07e45a4bd0c443b1b552a672f9,1429,SUCCESS,observation_date=2023-09-12; selection_basis=AUTO_READY; content_type=application/octet-stream
PKRV,MUFAP,MUFAP current pricing API approved acquisition plan,https://www.mufap.com.pk/Upload/WebDoc/IndustryStatictics/PKRV14092023782.csv,2026-09-29T18:44:40+00:00,PKRV14092023782.csv,data/raw/mufap/pkrv/PKRV14092023782.csv,csv,a8cdd27623cb95cac1cb18d8667ee938f8372f9e908baa64c5220746f5c95ff4,1418,SUCCESS,observation_date=2023-09-14; selection_basis=AUTO_READY; content_type=application/octet-stream
PKRV,MUFAP,MUFAP current pricing API approved acquisition plan,https://www.mufap.com.pk/Upload/WebDoc/IndustryStatictics/PKRV15092023783.csv,2026-09-29T18:44:40+00:00,PKRV15092023783.csv,data/raw/mufap/pkrv/PKRV15092023783.csv,csv,b0d1b09ad9e5d96fbf9b240f19ad85c682b2c1e5820478a23b2819204bb25eff,1702,SUCCESS,observation_date=2023-09-15; selection_basis=AUTO_READY; content_type=application/octet-stream
PKRV,MUFAP,MUFAP current pricing API approved acquisition plan,https://www.mufap.com.pk/Upload/WebDoc/IndustryStatictics/PKRV18092023784.csv,2026-09-29T18:44:40+00:00,PKRV18092023784.csv,data/raw/mufap/pkrv/PKRV18092023784.csv,csv,b1e061b8908638e2b0056a984c77e959e8ebc3b5cf8e0991fd79ddd6d995d6c4,1432,SUCCESS,observation_date=2023-09-18; selection_basis=AUTO_READY; content_type=application/octet-stream
PKRV,MUFAP,MUFAP current pricing API approved acquisition plan,https://www.mufap.com.pk/Upload/WebDoc/IndustryStatictics/PKRV19092023787.csv,2026-09-29T18:45:48+00:00,PKRV19092023787.csv,data/raw/mufap/pkrv/PKRV19092023787.csv,csv,2cbcf21327187dd817c39b9d530ee205d7537b0f8e0838119a35e99660696b5c,1432,SUCCESS,observation_date=2023-09-19; selection_basis=AUTO_READY; content_type=application/octet-stream
PKRV,MUFAP,MUFAP current pricing API approved acquisition plan,https://www.mufap.com.pk/Upload/WebDoc/IndustryStatictics/PKRV20092023788.csv,2026-09-29T18:45:48+00:00,PKRV20092023788.csv,data/raw/mufap/pkrv/PKRV20092023788.csv,csv,9ed4eba40645b75a1b4fb37999619a91668f3857de59f440a6d2df455b80e3d8,1367,SUCCESS,observation_date=2023-09-20; selection_basis=AUTO_READY; content_type=application/octet-stream
PKRV,MUFAP,MUFAP current pricing API approved acquisition plan,https://www.mufap.com.pk/Upload/WebDoc/IndustryStatictics/PKRV21092023789.csv,2026-09-29T18:45:48+00:00,PKRV21092023789.csv,data/raw/mufap/pkrv/PKRV21092023789.csv,csv,bd085278f1273dfd981bf91839cba170262432e3d94a8d6949337f64d4b82cce,1384,SUCCESS,observation_date=2023-09-21; selection_basis=AUTO_READY; content_type=application/octet-stream
PKRV,MUFAP,MUFAP current pricing API approved acquisition plan,https://www.mufap.com.pk/Upload/WebDoc/IndustryStatictics/PKRV22092023790.csv,2026-09-29T18:45:48+00:00,PKRV22092023790.csv,data/raw/mufap/pkrv/PKRV22092023790.csv,csv,f1b809cf6db6ad03c15962577efdfc0225199c82d27c959096576e60a93a49fd,1445,SUCCESS,observation_date=2023-09-22; selection_basis=AUTO_READY; content_type=application/octet-stream
PKRV,MUFAP,MUFAP current pricing API approved acquisition plan,https://www.mufap.com.pk/Upload/WebDoc/IndustryStatictics/PKRV25092023791.csv,2026-09-29T18:45:48+00:00,PKRV25092023791.csv,data/raw/mufap/pkrv/PKRV25092023791.csv,csv,db09490a1ad2c866da866f09bc3420f7102ac1d4b51a3970abc7f8556eab1031,1313,SUCCESS,observation_date=2023-09-25; selection_basis=AUTO_READY; content_type=application/octet-stream
PKRV,MUFAP,MUFAP current pricing API approved acquisition plan,https://www.mufap.com.pk/Upload/WebDoc/IndustryStatictics/PKRV26092023792.csv,2026-09-29T18:45:48+00:00,PKRV26092023792.csv,data/raw/mufap/pkrv/PKRV26092023792.csv,csv,7f5a18998c62e92216085055c21a89e59705a8930f255d90d89de4ebf9033850,1433,SUCCESS,observation_date=2023-09-26; selection_basis=AUTO_READY; content_type=application/octet-stream
PKRV,MUFAP,MUFAP current pricing API approved acquisition plan,https://www.mufap.com.pk/Upload/WebDoc/IndustryStatictics/PKRV27092023793.csv,2026-09-29T18:45:48+00:00,PKRV27092023793.csv,data/raw/mufap/pkrv/PKRV27092023793.csv,csv,bca43e25a789ec7df99eceec5c3baf71030fb7e2dc71aaa3736a60f1bb8cf5ca,1423,SUCCESS,observation_date=2023-09-27; selection_basis=AUTO_READY; content_type=application/octet-stream
PKRV,MUFAP,MUFAP current pricing API approved acquisition plan,https://www.mufap.com.pk/Upload/WebDoc/IndustryStatictics/PKRV28092023794.csv,2026-09-29T18:45:49+00:00,PKRV28092023794.csv,data/raw/mufap/pkrv/PKRV28092023794.csv,csv,4f4384683278fe7978ad352481144f225f8ccfe29eec437cf3ef90ce62482e1c,1424,SUCCESS,observation_date=2023-09-28; selection_basis=AUTO_READY; content_type=application/octet-stream
PKRV,MUFAP,MUFAP current pricing API approved acquisition plan,https://www.mufap.com.pk/Upload/WebDoc/IndustryStatictics/PKRV02102023750.csv,2026-09-29T18:45:49+00:00,PKRV02102023750.csv,data/raw/mufap/pkrv/PKRV02102023750.csv,csv,643767f58e9bd144b15cde492d9dd9bb25ad31c05f4595f994dd93e493871b8c,1302,SUCCESS,observation_date=2023-10-02; selection_basis=AUTO_READY; content_type=application/octet-stream
PKRV,MUFAP,MUFAP current pricing API approved acquisition plan,https://www.mufap.com.pk/Upload/WebDoc/IndustryStatictics/PKRV03102023751.csv,2026-09-29T18:45:49+00:00,PKRV03102023751.csv,data/raw/mufap/pkrv/PKRV03102023751.csv,csv,d584c36b5d5b8a99022f6106aa44f62d35ff57808981e3265a6968e47fab4db2,1434,SUCCESS,observation_date=2023-10-03; selection_basis=AUTO_READY; content_type=application/octet-stream
PKRV,MUFAP,MUFAP current pricing API approved acquisition plan,https://www.mufap.com.pk/Upload/WebDoc/IndustryStatictics/PKRV04102023752.csv,2026-09-29T18:45:49+00:00,PKRV04102023752.csv,data/raw/mufap/pkrv/PKRV04102023752.csv,csv,2d16553d0bcb9fa3472317dd1c0fe54f058945610903a7ea08e820ddd22b1f0a,1422,SUCCESS,observation_date=2023-10-04; selection_basis=AUTO_READY; content_type=application/octet-stream
PKRV,MUFAP,MUFAP current pricing API approved acquisition plan,https://www.mufap.com.pk/Upload/WebDoc/IndustryStatictics/PKRV05102023753.csv,2026-09-29T18:45:49+00:00,PKRV05102023753.csv,data/raw/mufap/pkrv/PKRV05102023753.csv,csv,06cfd9cf91da73b903b9b95a7207ea85247ea710b274d1444606e78526891245,1296,SUCCESS,observation_date=2023-10-05; selection_basis=AUTO_READY; content_type=application/octet-stream
PKRV,MUFAP,MUFAP current pricing API approved acquisition plan,https://www.mufap.com.pk/Upload/WebDoc/IndustryStatictics/PKRV06102023754.csv,2026-09-29T18:45:49+00:00,PKRV06102023754.csv,data/raw/mufap/pkrv/PKRV06102023754.csv,csv,0fa9fbf74d8fa04c85c83b0ea7476cdc9ed47beeec8da5f8b951fa018ec9ec97,1420,SUCCESS,observation_date=2023-10-06; selection_basis=AUTO_READY; content_type=application/octet-stream
PKRV,MUFAP,MUFAP current pricing API approved acquisition plan,https://www.mufap.com.pk/Upload/WebDoc/IndustryStatictics/PKRV09102023755.csv,2026-09-29T18:45:49+00:00,PKRV09102023755.csv,data/raw/mufap/pkrv/PKRV09102023755.csv,csv,0e23303df8cc52e0a6bf6cc7bfa9e4d2977804f2bb112fa12d5033f78c83a633,1415,SUCCESS,observation_date=2023-10-09; selection_basis=AUTO_READY; content_type=application/octet-stream
PKRV,MUFAP,MUFAP current pricing API approved acquisition plan,https://www.mufap.com.pk/Upload/WebDoc/IndustryStatictics/PKRV10102023756.csv,2026-09-29T18:45:50+00:00,PKRV10102023756.csv,data/raw/mufap/pkrv/PKRV10102023756.csv,csv,6beadc92b4a3a2135d84d6fbf58ca7c279a0bfdbb61ce65d4d1c428c9698e4a4,1430,SUCCESS,observation_date=2023-10-10; selection_basis=AUTO_READY; content_type=application/octet-stream
PKRV,MUFAP,MUFAP current pricing API approved acquisition plan,https://www.mufap.com.pk/Upload/WebDoc/IndustryStatictics/PKRV11102023757.csv,2026-09-29T18:45:50+00:00,PKRV11102023757.csv,data/raw/mufap/pkrv/PKRV11102023757.csv,csv,f42d49c3f229189debfb66c222a6c030b22e08f658db9c8ecf740ecf7853c3ac,1626,SUCCESS,observation_date=2023-10-11; selection_basis=AUTO_READY; content_type=application/octet-stream
PKRV,MUFAP,MUFAP current pricing API approved acquisition plan,https://www.mufap.com.pk/Upload/WebDoc/IndustryStatictics/PKRV12102023758.csv,2026-09-29T18:45:50+00:00,PKRV12102023758.csv,data/raw/mufap/pkrv/PKRV12102023758.csv,csv,c24d46bb3312305e2b948317151ac715d2b6628dac22a6c0cf44cca37739309a,1436,SUCCESS,observation_date=2023-10-12; selection_basis=AUTO_READY; content_type=application/octet-stream
PKRV,MUFAP,MUFAP current pricing API approved acquisition plan,https://www.mufap.com.pk/Upload/WebDoc/IndustryStatictics/PKRV13102023759.csv,2026-09-29T18:45:50+00:00,PKRV13102023759.csv,data/raw/mufap/pkrv/PKRV13102023759.csv,csv,a37aae28af100c0cdad9182e6a70cd20ba966cfb799679664b86aa55800350c7,1432,SUCCESS,observation_date=2023-10-13; selection_basis=AUTO_READY; content_type=application/octet-stream
PKRV,MUFAP,MUFAP current pricing API approved acquisition plan,https://www.mufap.com.pk/Upload/WebDoc/IndustryStatictics/PKRV16102023760.csv,2026-09-29T18:45:50+00:00,PKRV16102023760.csv,data/raw/mufap/pkrv/PKRV16102023760.csv,csv,45f504b92d84d44a92bbe9e45bc0286d875a34f8a3e46ceb2a978c1b9556afc6,1431,SUCCESS,observation_date=2023-10-16; selection_basis=AUTO_READY; content_type=application/octet-stream
PKRV,MUFAP,MUFAP current pricing API approved acquisition plan,https://www.mufap.com.pk/Upload/WebDoc/IndustryStatictics/PKRV17102023761.csv,2026-09-29T18:45:50+00:00,PKRV17102023761.csv,data/raw/mufap/pkrv/PKRV17102023761.csv,csv,e6f6cdf8d0027a5a5924c590d2c90ec0ea600f4f724460226525cc38367959af,1425,SUCCESS,observation_date=2023-10-17; selection_basis=AUTO_READY; content_type=application/octet-stream
PKRV,MUFAP,MUFAP current pricing API approved acquisition plan,https://www.mufap.com.pk/Upload/WebDoc/IndustryStatictics/PKRV18102023762.csv,2026-09-29T18:45:50+00:00,PKRV18102023762.csv,data/raw/mufap/pkrv/PKRV18102023762.csv,csv,9531b925bbb4bd641ea39a41994301e66ff2201f8cb3bdf7f52ee2f405ecb125,1406,SUCCESS,observation_date=2023-10-18; selection_basis=AUTO_READY; content_type=application/octet-stream
PKRV,MUFAP,MUFAP current pricing API approved acquisition plan,https://www.mufap.com.pk/Upload/WebDoc/IndustryStatictics/PKRV19102023763.csv,2026-09-29T18:45:51+00:00,PKRV19102023763.csv,data/raw/mufap/pkrv/PKRV19102023763.csv,csv,32d7d8ba9159bbfcefa445ac3b5c0acd5c6873cb447126f9df93431f69b01509,1354,SUCCESS,observation_date=2023-10-19; selection_basis=AUTO_READY; content_type=application/octet-stream
PKRV,MUFAP,MUFAP current pricing API approved acquisition plan,https://www.mufap.com.pk/Upload/WebDoc/IndustryStatictics/PKRV20102023764.csv,2026-09-29T18:45:51+00:00,PKRV20102023764.csv,data/raw/mufap/pkrv/PKRV20102023764.csv,csv,e1b3462583a0e9e9eb86ad19304f1c23e3a6d1770eec94e0e21af37e6a57a03a,1444,SUCCESS,observation_date=2023-10-20; selection_basis=AUTO_READY; content_type=application/octet-stream
PKRV,MUFAP,MUFAP current pricing API approved acquisition plan,https://www.mufap.com.pk/Upload/WebDoc/IndustryStatictics/PKRV23102023765.csv,2026-09-29T18:45:51+00:00,PKRV23102023765.csv,data/raw/mufap/pkrv/PKRV23102023765.csv,csv,f64814ee0f08eaf52869806889c19f0d5fa25ed8a6487d260728b384024247fe,1369,SUCCESS,observation_date=2023-10-23; selection_basis=AUTO_READY; content_type=application/octet-stream
PKRV,MUFAP,MUFAP current pricing API approved acquisition plan,https://www.mufap.com.pk/Upload/WebDoc/IndustryStatictics/PKRV24102023766.csv,2026-09-29T18:45:51+00:00,PKRV24102023766.csv,data/raw/mufap/pkrv/PKRV24102023766.csv,csv,3e74a7bda42a91e913d93a1936d85f103cb8dd03c8f9f6b5ed51ace972554f05,1366,SUCCESS,observation_date=2023-10-24; selection_basis=AUTO_READY; content_type=application/octet-stream
PKRV,MUFAP,MUFAP current pricing API approved acquisition plan,https://www.mufap.com.pk/Upload/WebDoc/IndustryStatictics/PKRV25102023767.csv,2026-09-29T18:45:51+00:00,PKRV25102023767.csv,data/raw/mufap/pkrv/PKRV25102023767.csv,csv,8009acf039986726cb9b202757cda25460e281f2e49bc11eaec2a16b8a664499,1384,SUCCESS,observation_date=2023-10-25; selection_basis=AUTO_READY; content_type=application/octet-stream
PKRV,MUFAP,MUFAP current pricing API approved acquisition plan,https://www.mufap.com.pk/Upload/WebDoc/IndustryStatictics/PKRV26102023768.csv,2026-09-29T18:45:51+00:00,PKRV26102023768.csv,data/raw/mufap/pkrv/PKRV26102023768.csv,csv,5e0a3761da17aa4513a66e2c243ea542bf7ddcee70bf7a0bd2699bd43071a49a,1758,SUCCESS,observation_date=2023-10-26; selection_basis=AUTO_READY; content_type=application/octet-stream
PKRV,MUFAP,MUFAP current pricing API approved acquisition plan,https://www.mufap.com.pk/Upload/WebDoc/IndustryStatictics/PKRV27102023769.csv,2026-09-29T18:45:51+00:00,PKRV27102023769.csv,data/raw/mufap/pkrv/PKRV27102023769.csv,csv,73153bc42b76c76553ebd91a04271224736a99475eb93ad1319c87e0171bfbe1,1688,SUCCESS,observation_date=2023-10-27; selection_basis=AUTO_READY; content_type=application/octet-stream
PKRV,MUFAP,MUFAP current pricing API approved acquisition plan,https://www.mufap.com.pk/Upload/WebDoc/IndustryStatictics/PKRV30102023770.csv,2026-09-29T18:45:52+00:00,PKRV30102023770.csv,data/raw/mufap/pkrv/PKRV30102023770.csv,csv,6484534d252ba551a7b7f8a10ddaf1a75eab9d8666a580d3705464f3c1a2ff6d,337,SUCCESS,observation_date=2023-10-30; selection_basis=AUTO_READY; content_type=application/octet-stream
PKRV,MUFAP,MUFAP current pricing API approved acquisition plan,https://www.mufap.com.pk/Upload/WebDoc/IndustryStatictics/PKRV31102023771.csv,2026-09-29T18:45:52+00:00,PKRV31102023771.csv,data/raw/mufap/pkrv/PKRV31102023771.csv,csv,1cda5f6a98d1c420ffbe9711ee4a88a3ad3cc4e6317d0f2427fb84c821ca807a,1563,SUCCESS,observation_date=2023-10-31; selection_basis=AUTO_READY; content_type=application/octet-stream
PKRV,MUFAP,MUFAP current pricing API approved acquisition plan,https://www.mufap.com.pk/Upload/WebDoc/IndustryStatictics/PKRV01112023729.csv,2026-09-29T18:45:52+00:00,PKRV01112023729.csv,data/raw/mufap/pkrv/PKRV01112023729.csv,csv,84b2d5fedfefbaaee63c786707ff5c3478de8cca16416861daf58b2844513844,1408,SUCCESS,observation_date=2023-11-01; selection_basis=AUTO_READY; content_type=application/octet-stream
PKRV,MUFAP,MUFAP current pricing API approved acquisition plan,https://www.mufap.com.pk/Upload/WebDoc/IndustryStatictics/PKRV02112023730.csv,2026-09-29T18:45:52+00:00,PKRV02112023730.csv,data/raw/mufap/pkrv/PKRV02112023730.csv,csv,99fd3547db7299c21417bf5a1fa98499415f838f2b017d6a430b5bbd37175050,1417,SUCCESS,observation_date=2023-11-02; selection_basis=AUTO_READY; content_type=application/octet-stream
PKRV,MUFAP,MUFAP current pricing API approved acquisition plan,https://www.mufap.com.pk/Upload/WebDoc/IndustryStatictics/PKRV03112023731.csv,2026-09-29T18:45:52+00:00,PKRV03112023731.csv,data/raw/mufap/pkrv/PKRV03112023731.csv,csv,1254c84a1027696395e2a73b30efcff9dcbfa13d9a5039cbb47dffb2b6c04b92,1466,SUCCESS,observation_date=2023-11-03; selection_basis=AUTO_READY; content_type=application/octet-stream
PKRV,MUFAP,MUFAP current pricing API approved acquisition plan,https://www.mufap.com.pk/Upload/WebDoc/IndustryStatictics/PKRV06112023732.csv,2026-09-29T18:45:52+00:00,PKRV06112023732.csv,data/raw/mufap/pkrv/PKRV06112023732.csv,csv,8e261ccab254004a7440de68190469bc0377b2b35d39a8ba5ff2467840d2c5fb,1465,SUCCESS,observation_date=2023-11-06; selection_basis=AUTO_READY; content_type=application/octet-stream
PKRV,MUFAP,MUFAP current pricing API approved acquisition plan,https://www.mufap.com.pk/Upload/WebDoc/IndustryStatictics/PKRV07112023733.csv,2026-09-29T18:45:52+00:00,PKRV07112023733.csv,data/raw/mufap/pkrv/PKRV07112023733.csv,csv,2375089ffae81048f5fa1db63557e78893fab47e8582dd23d57574702550220e,1352,SUCCESS,observation_date=2023-11-07; selection_basis=AUTO_READY; content_type=application/octet-stream
PKRV,MUFAP,MUFAP current pricing API approved acquisition plan,https://www.mufap.com.pk/Upload/WebDoc/IndustryStatictics/PKRV08112023734.csv,2026-09-29T18:45:53+00:00,PKRV08112023734.csv,data/raw/mufap/pkrv/PKRV08112023734.csv,csv,d2e9872083e2ca51fc4aa954b3d6819afa6516af27c2ae9bc59f2966bc8cc30c,1411,SUCCESS,observation_date=2023-11-08; selection_basis=AUTO_READY; content_type=application/octet-stream
PKRV,MUFAP,MUFAP current pricing API approved acquisition plan,https://www.mufap.com.pk/Upload/WebDoc/IndustryStatictics/PKRV10112023735.csv,2026-09-29T18:45:53+00:00,PKRV10112023735.csv,data/raw/mufap/pkrv/PKRV10112023735.csv,csv,6b148d2d5b0bb5d03f513583f99fbef7301535003376e4fd6e73a22af17bd2a6,1453,SUCCESS,observation_date=2023-11-10; selection_basis=AUTO_READY; content_type=application/octet-stream
PKRV,MUFAP,MUFAP current pricing API approved acquisition plan,https://www.mufap.com.pk/Upload/WebDoc/IndustryStatictics/PKRV13112023736.csv,2026-09-29T18:45:53+00:00,PKRV13112023736.csv,data/raw/mufap/pkrv/PKRV13112023736.csv,csv,65f9fada9b9d26bdf30e3e9da01f3947d0399079668b07f39479e43bf5dbbe86,1469,SUCCESS,observation_date=2023-11-13; selection_basis=AUTO_READY; content_type=application/octet-stream
PKRV,MUFAP,MUFAP current pricing API approved acquisition plan,https://www.mufap.com.pk/Upload/WebDoc/IndustryStatictics/PKRV14112023737.csv,2026-09-29T18:45:53+00:00,PKRV14112023737.csv,data/raw/mufap/pkrv/PKRV14112023737.csv,csv,4eabd0ed41ab0b20a078074e6183d0d083ccaa2bde222be8f3855ced9f260b31,1398,SUCCESS,observation_date=2023-11-14; selection_basis=AUTO_READY; content_type=application/octet-stream
PKRV,MUFAP,MUFAP current pricing API approved acquisition plan,https://www.mufap.com.pk/Upload/WebDoc/IndustryStatictics/PKRV15112023738.csv,2026-09-29T18:45:53+00:00,PKRV15112023738.csv,data/raw/mufap/pkrv/PKRV15112023738.csv,csv,85ff7aab8570c448a0c36c5eccc64ab104effb7afdf832a96779bdc5df027714,1472,SUCCESS,observation_date=2023-11-15; selection_basis=AUTO_READY; content_type=application/octet-stream
PKRV,MUFAP,MUFAP current pricing API approved acquisition plan,https://www.mufap.com.pk/Upload/WebDoc/IndustryStatictics/PKRV16112023739.csv,2026-09-29T18:45:53+00:00,PKRV16112023739.csv,data/raw/mufap/pkrv/PKRV16112023739.csv,csv,8f9afc74cb190ddcbea9ce039656dbde16b7b4e09581a6c3415e00d51f8dabfa,1211,SUCCESS,observation_date=2023-11-16; selection_basis=AUTO_READY; content_type=application/octet-stream
PKRV,MUFAP,MUFAP current pricing API approved acquisition plan,https://www.mufap.com.pk/Upload/WebDoc/IndustryStatictics/PKRV17112023740.csv,2026-09-29T18:45:54+00:00,PKRV17112023740.csv,data/raw/mufap/pkrv/PKRV17112023740.csv,csv,9c8d89469628d72bcab523f3d319f2e1f49b8d66cac2ffa523e7b18a9a1297ec,5216,SUCCESS,observation_date=2023-11-17; selection_basis=AUTO_READY; content_type=application/octet-stream
PKRV,MUFAP,MUFAP current pricing API approved acquisition plan,https://www.mufap.com.pk/Upload/WebDoc/IndustryStatictics/PKRV20112023741.csv,2026-09-29T18:45:54+00:00,PKRV20112023741.csv,data/raw/mufap/pkrv/PKRV20112023741.csv,csv,bf1e5ccbd3de33c89480c7436e9c27d7f0e060ac8d5ffad1ddab78cd9e3ff035,1460,SUCCESS,observation_date=2023-11-20; selection_basis=AUTO_READY; content_type=application/octet-stream
PKRV,MUFAP,MUFAP current pricing API approved acquisition plan,https://www.mufap.com.pk/Upload/WebDoc/IndustryStatictics/PKRV21112023742.csv,2026-09-29T18:45:54+00:00,PKRV21112023742.csv,data/raw/mufap/pkrv/PKRV21112023742.csv,csv,b54197e2cda5f7e5f8f46e8aab0ead4c4d0811c54725f00faac91133a788b722,1432,SUCCESS,observation_date=2023-11-21; selection_basis=AUTO_READY; content_type=application/octet-stream
PKRV,MUFAP,MUFAP current pricing API approved acquisition plan,https://www.mufap.com.pk/Upload/WebDoc/IndustryStatictics/PKRV22112023743.csv,2026-09-29T18:45:54+00:00,PKRV22112023743.csv,data/raw/mufap/pkrv/PKRV22112023743.csv,csv,8e22f84eb8634621ee7dcc422d909093718a6cc208e2d0ed67b80718e6c12620,1450,SUCCESS,observation_date=2023-11-22; selection_basis=AUTO_READY; content_type=application/octet-stream
PKRV,MUFAP,MUFAP current pricing API approved acquisition plan,https://www.mufap.com.pk/Upload/WebDoc/IndustryStatictics/PKRV23112023744.csv,2026-09-29T18:45:54+00:00,PKRV23112023744.csv,data/raw/mufap/pkrv/PKRV23112023744.csv,csv,191faa17a097f63e189c09ae7ecb7c20783ab91291be9ce9ade8a04a4d3d3963,5416,SUCCESS,observation_date=2023-11-23; selection_basis=AUTO_READY; content_type=application/octet-stream
PKRV,MUFAP,MUFAP current pricing API approved acquisition plan,https://www.mufap.com.pk/Upload/WebDoc/IndustryStatictics/PKRV24112023745.csv,2026-09-29T18:45:54+00:00,PKRV24112023745.csv,data/raw/mufap/pkrv/PKRV24112023745.csv,csv,acd56cc1230b3ac8b835e603918f3bad0e96cb0c24d830c430d185e34410af70,1394,SUCCESS,observation_date=2023-11-24; selection_basis=AUTO_READY; content_type=application/octet-stream
PKRV,MUFAP,MUFAP current pricing API approved acquisition plan,https://www.mufap.com.pk/Upload/WebDoc/IndustryStatictics/PKRV27112023746.csv,2026-09-29T18:45:54+00:00,PKRV27112023746.csv,data/raw/mufap/pkrv/PKRV27112023746.csv,csv,0b8c75294477b52aee284153dc57eec04fe8694afe6ca44967de22e294f8fcbc,1512,SUCCESS,observation_date=2023-11-27; selection_basis=AUTO_READY; content_type=application/octet-stream
PKRV,MUFAP,MUFAP current pricing API approved acquisition plan,https://www.mufap.com.pk/Upload/WebDoc/IndustryStatictics/PKRV28112023747.csv,2026-09-29T18:45:55+00:00,PKRV28112023747.csv,data/raw/mufap/pkrv/PKRV28112023747.csv,csv,cd805fd663ab7af32b7eb93781495af43f5596858265df24137a4971630ea74f,1626,SUCCESS,observation_date=2023-11-28; selection_basis=AUTO_READY; content_type=application/octet-stream
PKRV,MUFAP,MUFAP current pricing API approved acquisition plan,https://www.mufap.com.pk/Upload/WebDoc/IndustryStatictics/PKRV29112023748.csv,2026-09-29T18:45:55+00:00,PKRV29112023748.csv,data/raw/mufap/pkrv/PKRV29112023748.csv,csv,da084dc9c3fcc10be11ed34977ab9f07c92d382d7b7858fce1ea90bafb872a72,1395,SUCCESS,observation_date=2023-11-29; selection_basis=AUTO_READY; content_type=application/octet-stream
PKRV,MUFAP,MUFAP current pricing API approved acquisition plan,https://www.mufap.com.pk/Upload/WebDoc/IndustryStatictics/PKRV30112023749.csv,2026-09-29T18:45:55+00:00,PKRV30112023749.csv,data/raw/mufap/pkrv/PKRV30112023749.csv,csv,6f4bd57a6489e5cca3947d76552db51eaec9bb49a4875f7505414fafa39e849d,1399,SUCCESS,observation_date=2023-11-30; selection_basis=AUTO_READY; content_type=application/octet-stream
PKRV,MUFAP,MUFAP current pricing API approved acquisition plan,https://www.mufap.com.pk/Upload/WebDoc/IndustryStatictics/PKRV01122023708.csv,2026-09-29T18:45:55+00:00,PKRV01122023708.csv,data/raw/mufap/pkrv/PKRV01122023708.csv,csv,73de5ea2c0a7a45ccee707ca973cd37f61bde8663c4d9316c189ef6ea25be05d,335,SUCCESS,observation_date=2023-12-01; selection_basis=AUTO_READY; content_type=application/octet-stream
PKRV,MUFAP,MUFAP current pricing API approved acquisition plan,https://www.mufap.com.pk/Upload/WebDoc/IndustryStatictics/PKRV04122023710.csv,2026-09-29T18:45:55+00:00,PKRV04122023710.csv,data/raw/mufap/pkrv/PKRV04122023710.csv,csv,2253ef1a4adc973154e943c47224072783797493527687885f9dad60a9304eac,328,SUCCESS,observation_date=2023-12-04; selection_basis=AUTO_READY; content_type=application/octet-stream
PKRV,MUFAP,MUFAP current pricing API approved acquisition plan,https://www.mufap.com.pk/Upload/WebDoc/IndustryStatictics/PKRV05122023711.csv,2026-09-29T18:45:55+00:00,PKRV05122023711.csv,data/raw/mufap/pkrv/PKRV05122023711.csv,csv,d03caa4aac4f9c3854acead004e4a2b673b9f246d22edc669efbe0210aaa1ad8,330,SUCCESS,observation_date=2023-12-05; selection_basis=AUTO_READY; content_type=application/octet-stream
PKRV,MUFAP,MUFAP current pricing API approved acquisition plan,https://www.mufap.com.pk/Upload/WebDoc/IndustryStatictics/PKRV06122023712.csv,2026-09-29T18:45:55+00:00,PKRV06122023712.csv,data/raw/mufap/pkrv/PKRV06122023712.csv,csv,1eb10dfc746c92233e7503ac747f68f41d2c7a533e62961e77d4b4e7101bfc60,329,SUCCESS,observation_date=2023-12-06; selection_basis=AUTO_READY; content_type=application/octet-stream
PKRV,MUFAP,MUFAP current pricing API approved acquisition plan,https://www.mufap.com.pk/Upload/WebDoc/IndustryStatictics/PKRV07122023713.csv,2026-09-29T18:45:56+00:00,PKRV07122023713.csv,data/raw/mufap/pkrv/PKRV07122023713.csv,csv,292f2f68e9a561f22fb531a2c69e755fff8c8b8c6467340d0b2f736271f248e8,338,SUCCESS,observation_date=2023-12-07; selection_basis=AUTO_READY; content_type=application/octet-stream
PKRV,MUFAP,MUFAP current pricing API approved acquisition plan,https://www.mufap.com.pk/Upload/WebDoc/IndustryStatictics/PKRV08122023714.csv,2026-09-29T18:45:56+00:00,PKRV08122023714.csv,data/raw/mufap/pkrv/PKRV08122023714.csv,csv,85d5d178db582b6d7de4e4b9851fde760449e1330feaa29c9e869ffe2714d47f,338,SUCCESS,observation_date=2023-12-08; selection_basis=AUTO_READY; content_type=application/octet-stream
PKRV,MUFAP,MUFAP current pricing API approved acquisition plan,https://www.mufap.com.pk/Upload/WebDoc/IndustryStatictics/PKRV11122023715.csv,2026-09-29T18:45:56+00:00,PKRV11122023715.csv,data/raw/mufap/pkrv/PKRV11122023715.csv,csv,d0dfd4485d085ccb3e01bac1847cf66126ce07454da5a98fca6a55eb622ce769,340,SUCCESS,observation_date=2023-12-11; selection_basis=AUTO_READY; content_type=application/octet-stream
PKRV,MUFAP,MUFAP current pricing API approved acquisition plan,https://www.mufap.com.pk/Upload/WebDoc/IndustryStatictics/PKRV12122023716.csv,2026-09-29T18:45:56+00:00,PKRV12122023716.csv,data/raw/mufap/pkrv/PKRV12122023716.csv,csv,0332e60a67772ab65cb7f1fd71b6a7daf32be923811f4d16576b33a1d4341701,333,SUCCESS,observation_date=2023-12-12; selection_basis=AUTO_READY; content_type=application/octet-stream
PKRV,MUFAP,MUFAP current pricing API approved acquisition plan,https://www.mufap.com.pk/Upload/WebDoc/IndustryStatictics/PKRV13122023717.csv,2026-09-29T18:45:56+00:00,PKRV13122023717.csv,data/raw/mufap/pkrv/PKRV13122023717.csv,csv,152a20941d3d8be01e827aa5a0cfcd1eb9cb3d72ad4f004198a36aa5005cf81e,337,SUCCESS,observation_date=2023-12-13; selection_basis=AUTO_READY; content_type=application/octet-stream
PKRV,MUFAP,MUFAP current pricing API approved acquisition plan,https://www.mufap.com.pk/Upload/WebDoc/IndustryStatictics/PKRV14122023718.csv,2026-09-29T18:45:56+00:00,PKRV14122023718.csv,data/raw/mufap/pkrv/PKRV14122023718.csv,csv,f6b9c18841153beeb750eba424f8de08dda5378329f55a5acba27f255f0ab5c5,339,SUCCESS,observation_date=2023-12-14; selection_basis=AUTO_READY; content_type=application/octet-stream
PKRV,MUFAP,MUFAP current pricing API approved acquisition plan,https://www.mufap.com.pk/Upload/WebDoc/IndustryStatictics/PKRV15122023719.csv,2026-09-29T18:45:56+00:00,PKRV15122023719.csv,data/raw/mufap/pkrv/PKRV15122023719.csv,csv,a2821ff0da07abcb49fe6b598e7b454ac1ea7a5604d96514b9830e8358e849c5,339,SUCCESS,observation_date=2023-12-15; selection_basis=AUTO_READY; content_type=application/octet-stream
PKRV,MUFAP,MUFAP current pricing API approved acquisition plan,https://www.mufap.com.pk/Upload/WebDoc/IndustryStatictics/PKRV18122023720.csv,2026-09-29T18:45:57+00:00,PKRV18122023720.csv,data/raw/mufap/pkrv/PKRV18122023720.csv,csv,a91989156996fe2d489b6dd0302b508909429607706bf1a08394e8775c5bad0b,339,SUCCESS,observation_date=2023-12-18; selection_basis=AUTO_READY; content_type=application/octet-stream
PKRV,MUFAP,MUFAP current pricing API approved acquisition plan,https://www.mufap.com.pk/Upload/WebDoc/IndustryStatictics/PKRV19122023721.csv,2026-09-29T18:45:57+00:00,PKRV19122023721.csv,data/raw/mufap/pkrv/PKRV19122023721.csv,csv,22962cbeb23a125a6d662b4a4a7bd0ba48e64ba314f6d560fbf0cfb73f539247,334,SUCCESS,observation_date=2023-12-19; selection_basis=AUTO_READY; content_type=application/octet-stream
PKRV,MUFAP,MUFAP current pricing API approved acquisition plan,https://www.mufap.com.pk/Upload/WebDoc/IndustryStatictics/PKRV20122023722.csv,2026-09-29T18:45:57+00:00,PKRV20122023722.csv,data/raw/mufap/pkrv/PKRV20122023722.csv,csv,4e81a2d78274493107fa4f6b16b601280607604d52e9af6b5f8d6efd44f24cfe,333,SUCCESS,observation_date=2023-12-20; selection_basis=AUTO_READY; content_type=application/octet-stream
PKRV,MUFAP,MUFAP current pricing API approved acquisition plan,https://www.mufap.com.pk/Upload/WebDoc/IndustryStatictics/PKRV21122023723.csv,2026-09-29T18:45:57+00:00,PKRV21122023723.csv,data/raw/mufap/pkrv/PKRV21122023723.csv,csv,d40abb87f697c90ffba59d21eb71b269332454684e633c8a3905a5b925f1724c,332,SUCCESS,observation_date=2023-12-21; selection_basis=AUTO_READY; content_type=application/octet-stream
PKRV,MUFAP,MUFAP current pricing API approved acquisition plan,https://www.mufap.com.pk/Upload/WebDoc/IndustryStatictics/PKRV22122023724.csv,2026-09-29T18:45:57+00:00,PKRV22122023724.csv,data/raw/mufap/pkrv/PKRV22122023724.csv,csv,17e3aeea9740cfc1eaca70916cc663b5ee14304a5af8c920c6c1b705834b200e,338,SUCCESS,observation_date=2023-12-22; selection_basis=AUTO_READY; content_type=application/octet-stream
PKRV,MUFAP,MUFAP current pricing API approved acquisition plan,https://www.mufap.com.pk/Upload/WebDoc/IndustryStatictics/PKRV26122023725.csv,2026-09-29T18:45:57+00:00,PKRV26122023725.csv,data/raw/mufap/pkrv/PKRV26122023725.csv,csv,99ebdbeb2b9b3d44c89ad30ccb57fe963394d4a983203c6742549b0f75de8cf1,331,SUCCESS,observation_date=2023-12-26; selection_basis=AUTO_READY; content_type=application/octet-stream
PKRV,MUFAP,MUFAP current pricing API approved acquisition plan,https://www.mufap.com.pk/Upload/WebDoc/IndustryStatictics/PKRV27122023726.csv,2026-09-29T18:45:57+00:00,PKRV27122023726.csv,data/raw/mufap/pkrv/PKRV27122023726.csv,csv,b430c631a15b4bf3b20599e61b3b5517154cce1dc2802461beb17871ba75ae67,326,SUCCESS,observation_date=2023-12-27; selection_basis=AUTO_READY; content_type=application/octet-stream
PKRV,MUFAP,MUFAP current pricing API approved acquisition plan,https://www.mufap.com.pk/Upload/WebDoc/IndustryStatictics/PKRV28122023727.csv,2026-09-29T18:45:58+00:00,PKRV28122023727.csv,data/raw/mufap/pkrv/PKRV28122023727.csv,csv,30ebc1460dc8f05767c3c63af6b5ed441fae58306a51e0bbe90f205d4fd284b2,325,SUCCESS,observation_date=2023-12-28; selection_basis=AUTO_READY; content_type=application/octet-stream
PKRV,MUFAP,MUFAP current pricing API approved acquisition plan,https://www.mufap.com.pk/Upload/WebDoc/IndustryStatictics/PKRV29122023728.csv,2026-09-29T18:45:58+00:00,PKRV29122023728.csv,data/raw/mufap/pkrv/PKRV29122023728.csv,csv,bdb727c517910573fefb79810c01d18f926cd263d55c380e6d5b48a755cd6f5f,1575,SUCCESS,observation_date=2023-12-29; selection_basis=AUTO_READY; content_type=application/octet-stream
PKRV,MUFAP,MUFAP current pricing API approved acquisition plan,https://www.mufap.com.pk/Upload/WebDoc/IndustryStatictics/PKRV02012024535.csv,2026-09-29T18:45:58+00:00,PKRV02012024535.csv,data/raw/mufap/pkrv/PKRV02012024535.csv,csv,144fd3abc23cf3011da96d5957245d7d916dc01fdbb68cb40f4ba66657407e64,340,SUCCESS,observation_date=2024-01-02; selection_basis=AUTO_READY; content_type=application/octet-stream
PKRV,MUFAP,MUFAP current pricing API approved acquisition plan,https://www.mufap.com.pk/Upload/WebDoc/IndustryStatictics/PKRV03012024534.csv,2026-09-29T18:45:58+00:00,PKRV03012024534.csv,data/raw/mufap/pkrv/PKRV03012024534.csv,csv,324b52fe708f971b2399f7ac6bd657bdb6c712a514cd7ad0fa41dd282f45ba59,1714,SUCCESS,observation_date=2024-01-03; selection_basis=AUTO_READY; content_type=application/octet-stream
PKRV,MUFAP,MUFAP current pricing API approved acquisition plan,https://www.mufap.com.pk/Upload/WebDoc/IndustryStatictics/PKRV04012024533.csv,2026-09-29T18:45:58+00:00,PKRV04012024533.csv,data/raw/mufap/pkrv/PKRV04012024533.csv,csv,8674a159bca00e0ef78225e217b179857df6d2dbf436dea0f5fff8b95740e587,1423,SUCCESS,observation_date=2024-01-04; selection_basis=AUTO_READY; content_type=application/octet-stream
PKRV,MUFAP,MUFAP current pricing API approved acquisition plan,https://www.mufap.com.pk/Upload/WebDoc/IndustryStatictics/PKRV05012024532.csv,2026-09-29T18:45:58+00:00,PKRV05012024532.csv,data/raw/mufap/pkrv/PKRV05012024532.csv,csv,3ca7db79a9ebf25dc6091d86714a09c1502b7c12f3c3a8f782fa399824fe11da,1488,SUCCESS,observation_date=2024-01-05; selection_basis=AUTO_READY; content_type=application/octet-stream
PKRV,MUFAP,MUFAP current pricing API approved acquisition plan,https://www.mufap.com.pk/Upload/WebDoc/IndustryStatictics/PKRV08012024531.csv,2026-09-29T18:45:58+00:00,PKRV08012024531.csv,data/raw/mufap/pkrv/PKRV08012024531.csv,csv,22870a19f15e2ae099f8265347e240f673ff730afe66afd992c16ed3299fa0f3,1523,SUCCESS,observation_date=2024-01-08; selection_basis=AUTO_READY; content_type=application/octet-stream
PKRV,MUFAP,MUFAP current pricing API approved acquisition plan,https://www.mufap.com.pk/Upload/WebDoc/IndustryStatictics/PKRV09012024530.csv,2026-09-29T18:45:59+00:00,PKRV09012024530.csv,data/raw/mufap/pkrv/PKRV09012024530.csv,csv,1b331410025aec67012856582910ab7ec84d0ecd3e33fdd8ed082672221adca8,338,SUCCESS,observation_date=2024-01-09; selection_basis=AUTO_READY; content_type=application/octet-stream
PKRV,MUFAP,MUFAP current pricing API approved acquisition plan,https://www.mufap.com.pk/Upload/WebDoc/IndustryStatictics/PKRV10012024529.csv,2026-09-29T18:45:59+00:00,PKRV10012024529.csv,data/raw/mufap/pkrv/PKRV10012024529.csv,csv,3d58d640b08e3b771158d5ff12f68e0be64dd8bebfdebae34d4384642be9741a,1404,SUCCESS,observation_date=2024-01-10; selection_basis=AUTO_READY; content_type=application/octet-stream
PKRV,MUFAP,MUFAP current pricing API approved acquisition plan,https://www.mufap.com.pk/Upload/WebDoc/IndustryStatictics/PKRV11012024528.csv,2026-09-29T18:45:59+00:00,PKRV11012024528.csv,data/raw/mufap/pkrv/PKRV11012024528.csv,csv,41fdd0c3f9301371c9526f0d9e859c5c6853ccd9f41d9a2f71ba6531533d4a2e,1404,SUCCESS,observation_date=2024-01-11; selection_basis=AUTO_READY; content_type=application/octet-stream
PKRV,MUFAP,MUFAP current pricing API approved acquisition plan,https://www.mufap.com.pk/Upload/WebDoc/IndustryStatictics/PKRV12012024527.csv,2026-09-29T18:45:59+00:00,PKRV12012024527.csv,data/raw/mufap/pkrv/PKRV12012024527.csv,csv,8f37f7ba174e3614b81c5d9aed0f18ea710d0496b3dea389a10e86c8c172a8d8,1476,SUCCESS,observation_date=2024-01-12; selection_basis=AUTO_READY; content_type=application/octet-stream
PKRV,MUFAP,MUFAP current pricing API approved acquisition plan,https://www.mufap.com.pk/Upload/WebDoc/IndustryStatictics/PKRV15012024526.csv,2026-09-29T18:45:59+00:00,PKRV15012024526.csv,data/raw/mufap/pkrv/PKRV15012024526.csv,csv,50bf0e3ddcbd19a6b41b273310f08f1bd7ce440e777b6b54a72f14300d27e9a5,1481,SUCCESS,observation_date=2024-01-15; selection_basis=AUTO_READY; content_type=application/octet-stream
PKRV,MUFAP,MUFAP current pricing API approved acquisition plan,https://www.mufap.com.pk/Upload/WebDoc/IndustryStatictics/PKRV16012024524.csv,2026-09-29T18:45:59+00:00,PKRV16012024524.csv,data/raw/mufap/pkrv/PKRV16012024524.csv,csv,70773561e0142c534445733df7789977276b1dba0c038ef78ebf52195b4565c2,1539,SUCCESS,observation_date=2024-01-16; selection_basis=AUTO_READY; content_type=application/octet-stream
PKRV,MUFAP,MUFAP current pricing API approved acquisition plan,https://www.mufap.com.pk/Upload/WebDoc/IndustryStatictics/PKRV17012024523.csv,2026-09-29T18:45:59+00:00,PKRV17012024523.csv,data/raw/mufap/pkrv/PKRV17012024523.csv,csv,4451f8f0a2c51d23f0337cda934849acf7b7aaeeb6056dbf19738d46b6ac4546,1516,SUCCESS,observation_date=2024-01-17; selection_basis=AUTO_READY; content_type=application/octet-stream
PKRV,MUFAP,MUFAP current pricing API approved acquisition plan,https://www.mufap.com.pk/Upload/WebDoc/IndustryStatictics/PKRV18012024522.csv,2026-09-29T18:46:00+00:00,PKRV18012024522.csv,data/raw/mufap/pkrv/PKRV18012024522.csv,csv,a032c244a88276881ec82167d1402557fce1116433070453ce112b450cdc3938,1466,SUCCESS,observation_date=2024-01-18; selection_basis=AUTO_READY; content_type=application/octet-stream
PKRV,MUFAP,MUFAP current pricing API approved acquisition plan,https://www.mufap.com.pk/Upload/WebDoc/IndustryStatictics/PKRV19012024519.csv,2026-09-29T18:46:00+00:00,PKRV19012024519.csv,data/raw/mufap/pkrv/PKRV19012024519.csv,csv,c75f97b50af549530f61b2f58a5a0ff31331a4f3f60a1009f17948b0599e67fa,1452,SUCCESS,observation_date=2024-01-19; selection_basis=AUTO_READY; content_type=application/octet-stream
PKRV,MUFAP,MUFAP current pricing API approved acquisition plan,https://www.mufap.com.pk/Upload/WebDoc/IndustryStatictics/PKRV22012024518.csv,2026-09-29T18:46:00+00:00,PKRV22012024518.csv,data/raw/mufap/pkrv/PKRV22012024518.csv,csv,15e74e42600fe25e7c87ffb89d686382ef8d36555f633fd7884323924ef3e72a,1459,SUCCESS,observation_date=2024-01-22; selection_basis=AUTO_READY; content_type=application/octet-stream
PKRV,MUFAP,MUFAP current pricing API approved acquisition plan,https://www.mufap.com.pk/Upload/WebDoc/IndustryStatictics/PKRV23012024517.csv,2026-09-29T18:46:00+00:00,PKRV23012024517.csv,data/raw/mufap/pkrv/PKRV23012024517.csv,csv,79eb1c194e20bcdc323c3c676aaed98d0fac2720d22c730f9ebdc7c953ced4ae,1504,SUCCESS,observation_date=2024-01-23; selection_basis=AUTO_READY; content_type=application/octet-stream
PKRV,MUFAP,MUFAP current pricing API approved acquisition plan,https://www.mufap.com.pk/Upload/WebDoc/IndustryStatictics/PKRV24012024516.csv,2026-09-29T18:46:00+00:00,PKRV24012024516.csv,data/raw/mufap/pkrv/PKRV24012024516.csv,csv,bb7b65cc642d2d376a287034e8bcf445c61c6fce198be3be2b5dcb64045e2f7e,1498,SUCCESS,observation_date=2024-01-24; selection_basis=AUTO_READY; content_type=application/octet-stream
PKRV,MUFAP,MUFAP current pricing API approved acquisition plan,https://www.mufap.com.pk/Upload/WebDoc/IndustryStatictics/PKRV25012024515.csv,2026-09-29T18:46:00+00:00,PKRV25012024515.csv,data/raw/mufap/pkrv/PKRV25012024515.csv,csv,53f768fd66df7d32535a5a4689173a407e1e3fb08961b4830708371dc310ad71,335,SUCCESS,observation_date=2024-01-25; selection_basis=AUTO_READY; content_type=application/octet-stream
PKRV,MUFAP,MUFAP current pricing API approved acquisition plan,https://www.mufap.com.pk/Upload/WebDoc/IndustryStatictics/PKRV26012024514.csv,2026-09-29T18:46:00+00:00,PKRV26012024514.csv,data/raw/mufap/pkrv/PKRV26012024514.csv,csv,a00dc2f4e1a51f046dc98a7cc8c396f00fba0eb3f893814b078585389f3b4af0,1498,SUCCESS,observation_date=2024-01-26; selection_basis=AUTO_READY; content_type=application/octet-stream
PKRV,MUFAP,MUFAP current pricing API approved acquisition plan,https://www.mufap.com.pk/Upload/WebDoc/IndustryStatictics/PKRV29012024513.csv,2026-09-29T18:46:01+00:00,PKRV29012024513.csv,data/raw/mufap/pkrv/PKRV29012024513.csv,csv,2559da658b0e9ffb74dfd2f832f0edaf9ed24279dc62f862fc2de09feb5c6b4a,329,SUCCESS,observation_date=2024-01-29; selection_basis=AUTO_READY; content_type=application/octet-stream
PKRV,MUFAP,MUFAP current pricing API approved acquisition plan,https://www.mufap.com.pk/Upload/WebDoc/IndustryStatictics/PKRV30012024512.csv,2026-09-29T18:46:01+00:00,PKRV30012024512.csv,data/raw/mufap/pkrv/PKRV30012024512.csv,csv,25d7bdb64674480bad4da0c6715ffb327482fa3866621680af6d3e200480ae58,1421,SUCCESS,observation_date=2024-01-30; selection_basis=AUTO_READY; content_type=application/octet-stream
PKRV,MUFAP,MUFAP current pricing API approved acquisition plan,https://www.mufap.com.pk/Upload/WebDoc/IndustryStatictics/PKRV31012024511.csv,2026-09-29T18:46:01+00:00,PKRV31012024511.csv,data/raw/mufap/pkrv/PKRV31012024511.csv,csv,036fc87d23d9cabb3205fe00194baf503ae578c26a87013837fdda7293dc53b5,1409,SUCCESS,observation_date=2024-01-31; selection_basis=AUTO_READY; content_type=application/octet-stream
PKRV,MUFAP,MUFAP current pricing API approved acquisition plan,https://www.mufap.com.pk/Upload/WebDoc/IndustryStatictics/PKRV01022024510.csv,2026-09-29T18:46:01+00:00,PKRV01022024510.csv,data/raw/mufap/pkrv/PKRV01022024510.csv,csv,9e4fd8a2db17c96114f503570a6d05e8c4fbc71f22380895dd2839dcca99f560,331,SUCCESS,observation_date=2024-02-01; selection_basis=AUTO_READY; content_type=application/octet-stream
PKRV,MUFAP,MUFAP current pricing API approved acquisition plan,https://www.mufap.com.pk/Upload/WebDoc/IndustryStatictics/PKRV02022024509.csv,2026-09-29T18:46:01+00:00,PKRV02022024509.csv,data/raw/mufap/pkrv/PKRV02022024509.csv,csv,b8079eb48d536af4e8eabf695c2a0c8d1832ac8ea297e94fc7b07fc663e0e0c9,1452,SUCCESS,observation_date=2024-02-02; selection_basis=AUTO_READY; content_type=application/octet-stream
PKRV,MUFAP,MUFAP current pricing API approved acquisition plan,https://www.mufap.com.pk/Upload/WebDoc/IndustryStatictics/PKRV06022024508.csv,2026-09-29T18:46:01+00:00,PKRV06022024508.csv,data/raw/mufap/pkrv/PKRV06022024508.csv,csv,684e327900acf109bed7f0098c9ee01ea291852db7baf81b47de9c0e323b65bc,337,SUCCESS,observation_date=2024-02-06; selection_basis=AUTO_READY; content_type=application/octet-stream
PKRV,MUFAP,MUFAP current pricing API approved acquisition plan,https://www.mufap.com.pk/Upload/WebDoc/IndustryStatictics/PKRV07022024507.csv,2026-09-29T18:46:01+00:00,PKRV07022024507.csv,data/raw/mufap/pkrv/PKRV07022024507.csv,csv,cc1bbe31cd67fc55a8dcc8ae0a0605fba6e25ebcf411481921f6b4a4f1c697ad,340,SUCCESS,observation_date=2024-02-07; selection_basis=AUTO_READY; content_type=application/octet-stream
PKRV,MUFAP,MUFAP current pricing API approved acquisition plan,https://www.mufap.com.pk/Upload/WebDoc/IndustryStatictics/PKRV09022024506.csv,2026-09-29T18:46:02+00:00,PKRV09022024506.csv,data/raw/mufap/pkrv/PKRV09022024506.csv,csv,d4420954f35cf03d48e72d4d67d6fc2ceeef71205813a5921d8007ea26f1e82e,336,SUCCESS,observation_date=2024-02-09; selection_basis=AUTO_READY; content_type=application/octet-stream
PKRV,MUFAP,MUFAP current pricing API approved acquisition plan,https://www.mufap.com.pk/Upload/WebDoc/IndustryStatictics/PKRV12022024505.csv,2026-09-29T18:46:02+00:00,PKRV12022024505.csv,data/raw/mufap/pkrv/PKRV12022024505.csv,csv,792770a01f84492c896517b75c3f4e49c3fdd119d675a17aeb629e11f6a7c716,328,SUCCESS,observation_date=2024-02-12; selection_basis=AUTO_READY; content_type=application/octet-stream
PKRV,MUFAP,MUFAP current pricing API approved acquisition plan,https://www.mufap.com.pk/Upload/WebDoc/IndustryStatictics/PKRV13022024504.csv,2026-09-29T18:46:02+00:00,PKRV13022024504.csv,data/raw/mufap/pkrv/PKRV13022024504.csv,csv,aba94b7fe25248b4c0745af44dc6d39ecfb21407a30115c5ccee4ba6105227f5,330,SUCCESS,observation_date=2024-02-13; selection_basis=AUTO_READY; content_type=application/octet-stream
PKRV,MUFAP,MUFAP current pricing API approved acquisition plan,https://www.mufap.com.pk/Upload/WebDoc/IndustryStatictics/PKRV14022024503.csv,2026-09-29T18:46:02+00:00,PKRV14022024503.csv,data/raw/mufap/pkrv/PKRV14022024503.csv,csv,eb39cefba89302794cb8f879a296780c5a960171a9fd3c9cf52f1aa0b0e36888,331,SUCCESS,observation_date=2024-02-14; selection_basis=AUTO_READY; content_type=application/octet-stream
PKRV,MUFAP,MUFAP current pricing API approved acquisition plan,https://www.mufap.com.pk/Upload/WebDoc/IndustryStatictics/PKRV15022024502.csv,2026-09-29T18:46:02+00:00,PKRV15022024502.csv,data/raw/mufap/pkrv/PKRV15022024502.csv,csv,73e88b22d176a7ed2dc90825f9f7a0e2c820578b8693d7301dbf79c783bf4eb5,328,SUCCESS,observation_date=2024-02-15; selection_basis=AUTO_READY; content_type=application/octet-stream
PKRV,MUFAP,MUFAP current pricing API approved acquisition plan,https://www.mufap.com.pk/Upload/WebDoc/IndustryStatictics/PKRV16022024501.csv,2026-09-29T18:46:02+00:00,PKRV16022024501.csv,data/raw/mufap/pkrv/PKRV16022024501.csv,csv,a6fa0ab78963dafaa64bff483a8767b1e26a8c5e0bec4c29dceaabee37560134,328,SUCCESS,observation_date=2024-02-16; selection_basis=AUTO_READY; content_type=application/octet-stream
PKRV,MUFAP,MUFAP current pricing API approved acquisition plan,https://www.mufap.com.pk/Upload/WebDoc/IndustryStatictics/PKRV19022024500.csv,2026-09-29T18:46:02+00:00,PKRV19022024500.csv,data/raw/mufap/pkrv/PKRV19022024500.csv,csv,aa9a69785792f7fc688e6b5169d0fe2b8e9a78055c934b09dcfea5e8e83bbf2b,327,SUCCESS,observation_date=2024-02-19; selection_basis=AUTO_READY; content_type=application/octet-stream
PKRV,MUFAP,MUFAP current pricing API approved acquisition plan,https://www.mufap.com.pk/Upload/WebDoc/IndustryStatictics/PKRV20022024499.csv,2026-09-29T18:46:03+00:00,PKRV20022024499.csv,data/raw/mufap/pkrv/PKRV20022024499.csv,csv,8dfa3a6a156aab502ef5594de79cbd0c21e44ca1b20dbff8e8ab220d03f13d4b,327,SUCCESS,observation_date=2024-02-20; selection_basis=AUTO_READY; content_type=application/octet-stream
PKRV,MUFAP,MUFAP current pricing API approved acquisition plan,https://www.mufap.com.pk/Upload/WebDoc/IndustryStatictics/PKRV21022024498.csv,2026-09-29T18:46:03+00:00,PKRV21022024498.csv,data/raw/mufap/pkrv/PKRV21022024498.csv,csv,9f7549d79bcdceb0cc7681ea1b0474ba689e8166b7f9f68cfdf2a2666907781a,335,SUCCESS,observation_date=2024-02-21; selection_basis=AUTO_READY; content_type=application/octet-stream
PKRV,MUFAP,MUFAP current pricing API approved acquisition plan,https://www.mufap.com.pk/Upload/WebDoc/IndustryStatictics/PKRV22022024497.csv,2026-09-29T18:46:03+00:00,PKRV22022024497.csv,data/raw/mufap/pkrv/PKRV22022024497.csv,csv,f347c925b89d766e60df8481a7e5ee774c148f0407d881c599c8edbdb346ecdf,338,SUCCESS,observation_date=2024-02-22; selection_basis=AUTO_READY; content_type=application/octet-stream
PKRV,MUFAP,MUFAP current pricing API approved acquisition plan,https://www.mufap.com.pk/Upload/WebDoc/IndustryStatictics/PKRV23022024496.csv,2026-09-29T18:46:03+00:00,PKRV23022024496.csv,data/raw/mufap/pkrv/PKRV23022024496.csv,csv,67e53d335673839ece7b2309077763cab734b7a4bb624631e3ebe04ee5ea0b31,331,SUCCESS,observation_date=2024-02-23; selection_basis=AUTO_READY; content_type=application/octet-stream
PKRV,MUFAP,MUFAP current pricing API approved acquisition plan,https://www.mufap.com.pk/Upload/WebDoc/IndustryStatictics/PKRV26022024495.csv,2026-09-29T18:46:03+00:00,PKRV26022024495.csv,data/raw/mufap/pkrv/PKRV26022024495.csv,csv,d29635d1b365ed5bd88e426e9f47f0faa0fb58cf0a48e76775435a7eb2411ee3,337,SUCCESS,observation_date=2024-02-26; selection_basis=AUTO_READY; content_type=application/octet-stream
PKRV,MUFAP,MUFAP current pricing API approved acquisition plan,https://www.mufap.com.pk/Upload/WebDoc/IndustryStatictics/PKRV27022024494.csv,2026-09-29T18:46:03+00:00,PKRV27022024494.csv,data/raw/mufap/pkrv/PKRV27022024494.csv,csv,622fc88330bf54e149edc7b6ec142b7293345bcab74ba1eb121d9121f016aa4d,1805,SUCCESS,observation_date=2024-02-27; selection_basis=AUTO_READY; content_type=application/octet-stream
PKRV,MUFAP,MUFAP current pricing API approved acquisition plan,https://www.mufap.com.pk/Upload/WebDoc/IndustryStatictics/PKRV28022024493.csv,2026-09-29T18:46:03+00:00,PKRV28022024493.csv,data/raw/mufap/pkrv/PKRV28022024493.csv,csv,690e5a825639ff49ad79dfc6a2c3ed62f6da10c321dd72994a57edc2338bd33d,331,SUCCESS,observation_date=2024-02-28; selection_basis=AUTO_READY; content_type=application/octet-stream
PKRV,MUFAP,MUFAP current pricing API approved acquisition plan,https://www.mufap.com.pk/Upload/WebDoc/IndustryStatictics/PKRV29022024492.csv,2026-09-29T18:46:04+00:00,PKRV29022024492.csv,data/raw/mufap/pkrv/PKRV29022024492.csv,csv,2ec8252306960c859842dd2a6a8dbaf0db7f3f0ad8268834ab1603ca5436be4c,1791,SUCCESS,observation_date=2024-02-29; selection_basis=AUTO_READY; content_type=application/octet-stream
PKRV,MUFAP,MUFAP current pricing API approved acquisition plan,https://www.mufap.com.pk/Upload/WebDoc/IndustryStatictics/PKRV01032024491.csv,2026-09-29T18:46:04+00:00,PKRV01032024491.csv,data/raw/mufap/pkrv/PKRV01032024491.csv,csv,9e07a85ebfe1ab8abd9913da1b12981ac9e0aa51224a31410aaf218d59d817bd,1831,SUCCESS,observation_date=2024-03-01; selection_basis=AUTO_READY; content_type=application/octet-stream
PKRV,MUFAP,MUFAP current pricing API approved acquisition plan,https://www.mufap.com.pk/Upload/WebDoc/IndustryStatictics/PKRV04032024490.csv,2026-09-29T18:46:04+00:00,PKRV04032024490.csv,data/raw/mufap/pkrv/PKRV04032024490.csv,csv,7f5565ced89bdb6fe2f238f75bff3c750207987528b605a83dc2db5eba19fb4f,345,SUCCESS,observation_date=2024-03-04; selection_basis=AUTO_READY; content_type=application/octet-stream
PKRV,MUFAP,MUFAP current pricing API approved acquisition plan,https://www.mufap.com.pk/Upload/WebDoc/IndustryStatictics/PKRV05032024489.csv,2026-09-29T18:46:04+00:00,PKRV05032024489.csv,data/raw/mufap/pkrv/PKRV05032024489.csv,csv,d35e14bf3c88b6c13c6b7d2bf60cb5454b00ff671db6643d1affae0c1fbb5bd0,339,SUCCESS,observation_date=2024-03-05; selection_basis=AUTO_READY; content_type=application/octet-stream
PKRV,MUFAP,MUFAP current pricing API approved acquisition plan,https://www.mufap.com.pk/Upload/WebDoc/IndustryStatictics/PKRV06032024488.csv,2026-09-29T18:46:04+00:00,PKRV06032024488.csv,data/raw/mufap/pkrv/PKRV06032024488.csv,csv,0bd1280ae8b008b825b0d932323465ff9e0a85a10a9433faa006887266328bb8,328,SUCCESS,observation_date=2024-03-06; selection_basis=AUTO_READY; content_type=application/octet-stream
PKRV,MUFAP,MUFAP current pricing API approved acquisition plan,https://www.mufap.com.pk/Upload/WebDoc/IndustryStatictics/PKRV07032024487.csv,2026-09-29T18:46:04+00:00,PKRV07032024487.csv,data/raw/mufap/pkrv/PKRV07032024487.csv,csv,9377f51981e26118c914d6fdc6b166d5367f4d53427dd5eb90e292855ea2be2f,332,SUCCESS,observation_date=2024-03-07; selection_basis=AUTO_READY; content_type=application/octet-stream
PKRV,MUFAP,MUFAP current pricing API approved acquisition plan,https://www.mufap.com.pk/Upload/WebDoc/IndustryStatictics/PKRV08032024486.csv,2026-09-29T18:46:05+00:00,PKRV08032024486.csv,data/raw/mufap/pkrv/PKRV08032024486.csv,csv,5b9333d554b7ed19ec2dcc321b5d7be745ea809f713757bb73373729da001a9e,339,SUCCESS,observation_date=2024-03-08; selection_basis=AUTO_READY; content_type=application/octet-stream
PKRV,MUFAP,MUFAP current pricing API approved acquisition plan,https://www.mufap.com.pk/Upload/WebDoc/IndustryStatictics/PKRV11032024485.csv,2026-09-29T18:46:05+00:00,PKRV11032024485.csv,data/raw/mufap/pkrv/PKRV11032024485.csv,csv,822cc0573569781982e16c1bf6d52917caa669d2a7554ab52c8a46c5f24226d5,339,SUCCESS,observation_date=2024-03-11; selection_basis=AUTO_READY; content_type=application/octet-stream
PKRV,MUFAP,MUFAP current pricing API approved acquisition plan,https://www.mufap.com.pk/Upload/WebDoc/IndustryStatictics/PKRV13032024484.csv,2026-09-29T18:46:05+00:00,PKRV13032024484.csv,data/raw/mufap/pkrv/PKRV13032024484.csv,csv,263a396a8d17a86f49f9304ae31db1dc19633793b12294a1ef3b88baaed7571a,332,SUCCESS,observation_date=2024-03-13; selection_basis=AUTO_READY; content_type=application/octet-stream
PKRV,MUFAP,MUFAP current pricing API approved acquisition plan,https://www.mufap.com.pk/Upload/WebDoc/IndustryStatictics/PKRV14032024483.csv,2026-09-29T18:46:05+00:00,PKRV14032024483.csv,data/raw/mufap/pkrv/PKRV14032024483.csv,csv,30c26d8d92b4275d6a026736e23b585dc5368028de5343179d5e887ea91a7e0c,337,SUCCESS,observation_date=2024-03-14; selection_basis=AUTO_READY; content_type=application/octet-stream
PKRV,MUFAP,MUFAP current pricing API approved acquisition plan,https://www.mufap.com.pk/Upload/WebDoc/IndustryStatictics/PKRV15032024482.csv,2026-09-29T18:46:05+00:00,PKRV15032024482.csv,data/raw/mufap/pkrv/PKRV15032024482.csv,csv,19572cb965ae33e7249568251e46c3797a509d1d6df1826ef469d5b87e82d6f4,1497,SUCCESS,observation_date=2024-03-15; selection_basis=AUTO_READY; content_type=application/octet-stream
PKRV,MUFAP,MUFAP current pricing API approved acquisition plan,https://www.mufap.com.pk/Upload/WebDoc/IndustryStatictics/PKRV18032024481.csv,2026-09-29T18:46:05+00:00,PKRV18032024481.csv,data/raw/mufap/pkrv/PKRV18032024481.csv,csv,80ab27c081b881605375de49672d800d87192dfa51b4a4db8450d795018d06fc,327,SUCCESS,observation_date=2024-03-18; selection_basis=AUTO_READY; content_type=application/octet-stream
PKRV,MUFAP,MUFAP current pricing API approved acquisition plan,https://www.mufap.com.pk/Upload/WebDoc/IndustryStatictics/PKRV19032024480.csv,2026-09-29T18:46:05+00:00,PKRV19032024480.csv,data/raw/mufap/pkrv/PKRV19032024480.csv,csv,9330dc1d72ec4e1c135bc058610c22b94dfca6ee0a7ded2905a0031da87db5c8,328,SUCCESS,observation_date=2024-03-19; selection_basis=AUTO_READY; content_type=application/octet-stream
PKRV,MUFAP,MUFAP current pricing API approved acquisition plan,https://www.mufap.com.pk/Upload/WebDoc/IndustryStatictics/PKRV20032024479.csv,2026-09-29T18:46:06+00:00,PKRV20032024479.csv,data/raw/mufap/pkrv/PKRV20032024479.csv,csv,16248351f4bbc2cf745ed5763f62efc71e1bc6ba4fe1a6bc65c74606b3f69e73,333,SUCCESS,observation_date=2024-03-20; selection_basis=AUTO_READY; content_type=application/octet-stream
PKRV,MUFAP,MUFAP current pricing API approved acquisition plan,https://www.mufap.com.pk/Upload/WebDoc/IndustryStatictics/PKRV21032024478.csv,2026-09-29T18:46:06+00:00,PKRV21032024478.csv,data/raw/mufap/pkrv/PKRV21032024478.csv,csv,e89c3adc89ea8cae9cef662fb85f136787bd1b2443ae33bac8c6acd01167dbe9,332,SUCCESS,observation_date=2024-03-21; selection_basis=AUTO_READY; content_type=application/octet-stream
PKRV,MUFAP,MUFAP current pricing API approved acquisition plan,https://www.mufap.com.pk/Upload/WebDoc/IndustryStatictics/PKRV22032024477.csv,2026-09-29T18:46:06+00:00,PKRV22032024477.csv,data/raw/mufap/pkrv/PKRV22032024477.csv,csv,7eeba376f437f9865b6b9cc0a88a58df7422be20041b532ebabda9d4cf77790a,1877,SUCCESS,observation_date=2024-03-22; selection_basis=AUTO_READY; content_type=application/octet-stream
PKRV,MUFAP,MUFAP current pricing API approved acquisition plan,https://www.mufap.com.pk/Upload/WebDoc/IndustryStatictics/PKRV25032024476.csv,2026-09-29T18:46:06+00:00,PKRV25032024476.csv,data/raw/mufap/pkrv/PKRV25032024476.csv,csv,6811ada97a7777a887697b50f096df127e430e07d6b3e7fc02f823e8183ab11c,329,SUCCESS,observation_date=2024-03-25; selection_basis=AUTO_READY; content_type=application/octet-stream
PKRV,MUFAP,MUFAP current pricing API approved acquisition plan,https://www.mufap.com.pk/Upload/WebDoc/IndustryStatictics/PKRV26032024475.csv,2026-09-29T18:46:06+00:00,PKRV26032024475.csv,data/raw/mufap/pkrv/PKRV26032024475.csv,csv,3987683b8ec91a682787a9508fb5b8540dc5eb96fd8f25e1a6f8449a84fbaeff,332,SUCCESS,observation_date=2024-03-26; selection_basis=AUTO_READY; content_type=application/octet-stream
PKRV,MUFAP,MUFAP current pricing API approved acquisition plan,https://www.mufap.com.pk/Upload/WebDoc/IndustryStatictics/PKRV27032024474.csv,2026-09-29T18:46:06+00:00,PKRV27032024474.csv,data/raw/mufap/pkrv/PKRV27032024474.csv,csv,d66c4cfbb2ef0461852549e9dc62b56576edd3d1e6c1a9b73d59387e72bafb84,1847,SUCCESS,observation_date=2024-03-27; selection_basis=AUTO_READY; content_type=application/octet-stream
PKRV,MUFAP,MUFAP current pricing API approved acquisition plan,https://www.mufap.com.pk/Upload/WebDoc/IndustryStatictics/PKRV28032024473.csv,2026-09-29T18:46:06+00:00,PKRV28032024473.csv,data/raw/mufap/pkrv/PKRV28032024473.csv,csv,b7c09a43f20d4965a5a19eeebbdc61c909818b3e62e8b8275f507c338f89fcd4,334,SUCCESS,observation_date=2024-03-28; selection_basis=AUTO_READY; content_type=application/octet-stream
PKRV,MUFAP,MUFAP current pricing API approved acquisition plan,https://www.mufap.com.pk/Upload/WebDoc/IndustryStatictics/PKRV29032024472.csv,2026-09-29T18:46:07+00:00,PKRV29032024472.csv,data/raw/mufap/pkrv/PKRV29032024472.csv,csv,9ea0d9fa450e4ff0ab0b088b7f394739aac167b790479c14368df73eb105b9d7,1848,SUCCESS,observation_date=2024-03-29; selection_basis=AUTO_READY; content_type=application/octet-stream
PKRV,MUFAP,MUFAP current pricing API approved acquisition plan,https://www.mufap.com.pk/Upload/WebDoc/IndustryStatictics/PKRV01042024471.csv,2026-09-29T18:46:07+00:00,PKRV01042024471.csv,data/raw/mufap/pkrv/PKRV01042024471.csv,csv,78618d07677f371821b109ecbe7ebcb170331b3cae53867df11677ed61af07e7,337,SUCCESS,observation_date=2024-04-01; selection_basis=AUTO_READY; content_type=application/octet-stream
PKRV,MUFAP,MUFAP current pricing API approved acquisition plan,https://www.mufap.com.pk/Upload/WebDoc/IndustryStatictics/PKRV02042024470.csv,2026-09-29T18:46:07+00:00,PKRV02042024470.csv,data/raw/mufap/pkrv/PKRV02042024470.csv,csv,de8bd6a1a528f9ac528f991795be4d2fcea2854355659ca5a866727e91fb057b,340,SUCCESS,observation_date=2024-04-02; selection_basis=AUTO_READY; content_type=application/octet-stream
PKRV,MUFAP,MUFAP current pricing API approved acquisition plan,https://www.mufap.com.pk/Upload/WebDoc/IndustryStatictics/PKRV03042024465.csv,2026-09-29T18:46:07+00:00,PKRV03042024465.csv,data/raw/mufap/pkrv/PKRV03042024465.csv,csv,b2bd672f4978690ab23c79ddfb0c1c8eb570be0c63a7ba1a52a645216114aa47,334,SUCCESS,observation_date=2024-04-03; selection_basis=AUTO_READY; content_type=application/octet-stream
PKRV,MUFAP,MUFAP current pricing API approved acquisition plan,https://www.mufap.com.pk/Upload/WebDoc/IndustryStatictics/PKRV04042024464.csv,2026-09-29T18:46:07+00:00,PKRV04042024464.csv,data/raw/mufap/pkrv/PKRV04042024464.csv,csv,436359bb39c4af7c9271eaddf52e3ee0f433261a078b4a0978f3569e53ff54a5,1633,SUCCESS,observation_date=2024-04-04; selection_basis=AUTO_READY; content_type=application/octet-stream
PKRV,MUFAP,MUFAP current pricing API approved acquisition plan,https://www.mufap.com.pk/Upload/WebDoc/IndustryStatictics/PKRV05042024463.csv,2026-09-29T18:46:07+00:00,PKRV05042024463.csv,data/raw/mufap/pkrv/PKRV05042024463.csv,csv,31549aaf352ef7bf998dc11ef74dec2d78422d2ec921c22d2108f4f6bd81ee99,332,SUCCESS,observation_date=2024-04-05; selection_basis=AUTO_READY; content_type=application/octet-stream
PKRV,MUFAP,MUFAP current pricing API approved acquisition plan,https://www.mufap.com.pk/Upload/WebDoc/IndustryStatictics/PKRV08042024462.csv,2026-09-29T18:46:07+00:00,PKRV08042024462.csv,data/raw/mufap/pkrv/PKRV08042024462.csv,csv,dc62e87a209eef21296288b3ada68467ed6d90a153fe48b28f1cb1e1a589bf7d,337,SUCCESS,observation_date=2024-04-08; selection_basis=AUTO_READY; content_type=application/octet-stream
PKRV,MUFAP,MUFAP current pricing API approved acquisition plan,https://www.mufap.com.pk/Upload/WebDoc/IndustryStatictics/PKRV09042024461.csv,2026-09-29T18:46:08+00:00,PKRV09042024461.csv,data/raw/mufap/pkrv/PKRV09042024461.csv,csv,46ec8e937c31805ae71c408aa1d75fcdbcb3a84d04fd82d13e1f83e1ad49c5a9,334,SUCCESS,observation_date=2024-04-09; selection_basis=AUTO_READY; content_type=application/octet-stream
PKRV,MUFAP,MUFAP current pricing API approved acquisition plan,https://www.mufap.com.pk/Upload/WebDoc/IndustryStatictics/PKRV15042024460.csv,2026-09-29T18:46:08+00:00,PKRV15042024460.csv,data/raw/mufap/pkrv/PKRV15042024460.csv,csv,0d91b111cc3f83882e397e26869be647811f195eb11897002e3d126e8ab955cb,333,SUCCESS,observation_date=2024-04-15; selection_basis=AUTO_READY; content_type=application/octet-stream
PKRV,MUFAP,MUFAP current pricing API approved acquisition plan,https://www.mufap.com.pk/Upload/WebDoc/IndustryStatictics/PKRV16042024459.csv,2026-09-29T18:46:08+00:00,PKRV16042024459.csv,data/raw/mufap/pkrv/PKRV16042024459.csv,csv,e15fdb22e1951df40aafbc3b8c720fc261d6130eda3329d3b797b48a2a942824,333,SUCCESS,observation_date=2024-04-16; selection_basis=AUTO_READY; content_type=application/octet-stream
PKRV,MUFAP,MUFAP current pricing API approved acquisition plan,https://www.mufap.com.pk/Upload/WebDoc/IndustryStatictics/PKRV17042024458.csv,2026-09-29T18:46:08+00:00,PKRV17042024458.csv,data/raw/mufap/pkrv/PKRV17042024458.csv,csv,8af4d1f4fd1e124a4d2b12a9deb060cd8eba5457d8624ff8a0a6fe878022872a,332,SUCCESS,observation_date=2024-04-17; selection_basis=AUTO_READY; content_type=application/octet-stream
PKRV,MUFAP,MUFAP current pricing API approved acquisition plan,https://www.mufap.com.pk/Upload/WebDoc/IndustryStatictics/PKRV18042024457.csv,2026-09-29T18:46:08+00:00,PKRV18042024457.csv,data/raw/mufap/pkrv/PKRV18042024457.csv,csv,876cc1d5120c031fd1fd607a0eaa70e9126edb221db23d2f49da0921b7c22768,334,SUCCESS,observation_date=2024-04-18; selection_basis=AUTO_READY; content_type=application/octet-stream
PKRV,MUFAP,MUFAP current pricing API approved acquisition plan,https://www.mufap.com.pk/Upload/WebDoc/IndustryStatictics/PKRV19042024456.csv,2026-09-29T18:46:08+00:00,PKRV19042024456.csv,data/raw/mufap/pkrv/PKRV19042024456.csv,csv,7b80799c4954b9b2c7917231029adf440cb8fb6df6442f1429f8d62aad577bca,330,SUCCESS,observation_date=2024-04-19; selection_basis=AUTO_READY; content_type=application/octet-stream
PKRV,MUFAP,MUFAP current pricing API approved acquisition plan,https://www.mufap.com.pk/Upload/WebDoc/IndustryStatictics/PKRV22042024455.csv,2026-09-29T18:46:08+00:00,PKRV22042024455.csv,data/raw/mufap/pkrv/PKRV22042024455.csv,csv,6a5b9221663371160f5d2efe59b0e019507a60f84c532f3a4fefafaa9e95ebaa,327,SUCCESS,observation_date=2024-04-22; selection_basis=AUTO_READY; content_type=application/octet-stream
PKRV,MUFAP,MUFAP current pricing API approved acquisition plan,https://www.mufap.com.pk/Upload/WebDoc/IndustryStatictics/PKRV23042024454.csv,2026-09-29T18:46:09+00:00,PKRV23042024454.csv,data/raw/mufap/pkrv/PKRV23042024454.csv,csv,c48228fb5c42b4c92a564a419b6ecbae622be17c00babb98abc546e4352f2b23,345,SUCCESS,observation_date=2024-04-23; selection_basis=AUTO_READY; content_type=application/octet-stream
PKRV,MUFAP,MUFAP current pricing API approved acquisition plan,https://www.mufap.com.pk/Upload/WebDoc/IndustryStatictics/PKRV24042024453.csv,2026-09-29T18:46:09+00:00,PKRV24042024453.csv,data/raw/mufap/pkrv/PKRV24042024453.csv,csv,d13ddca324983a1015a07b00d2a2166de4f93757806b6b250907827e0a66cf91,344,SUCCESS,observation_date=2024-04-24; selection_basis=AUTO_READY; content_type=application/octet-stream
PKRV,MUFAP,MUFAP current pricing API approved acquisition plan,https://www.mufap.com.pk/Upload/WebDoc/IndustryStatictics/PKRV25042024452.csv,2026-09-29T18:46:09+00:00,PKRV25042024452.csv,data/raw/mufap/pkrv/PKRV25042024452.csv,csv,396bac1c65bbb39d233c91c7a2a49916ef15d145b6d8b91e0a5e0116e23db509,335,SUCCESS,observation_date=2024-04-25; selection_basis=AUTO_READY; content_type=application/octet-stream
PKRV,MUFAP,MUFAP current pricing API approved acquisition plan,https://www.mufap.com.pk/Upload/WebDoc/IndustryStatictics/PKRV26042024451.csv,2026-09-29T18:46:09+00:00,PKRV26042024451.csv,data/raw/mufap/pkrv/PKRV26042024451.csv,csv,8a102d8a13abf5ed7b737fc3d0b7daeada3632fe29a0b0f392d0055e919d807a,332,SUCCESS,observation_date=2024-04-26; selection_basis=AUTO_READY; content_type=application/octet-stream
PKRV,MUFAP,MUFAP current pricing API approved acquisition plan,https://www.mufap.com.pk/Upload/WebDoc/IndustryStatictics/PKRV29042024450.csv,2026-09-29T18:46:09+00:00,PKRV29042024450.csv,data/raw/mufap/pkrv/PKRV29042024450.csv,csv,777ac0d79111b4e9fc53d3631f274a8d21f87927c5c4d8eecbcd102d4ea28fd4,335,SUCCESS,observation_date=2024-04-29; selection_basis=AUTO_READY; content_type=application/octet-stream
PKRV,MUFAP,MUFAP current pricing API approved acquisition plan,https://www.mufap.com.pk/Upload/WebDoc/IndustryStatictics/PKRV30042024449.csv,2026-09-29T18:46:09+00:00,PKRV30042024449.csv,data/raw/mufap/pkrv/PKRV30042024449.csv,csv,1ddfc7ff526ffd30c55377acaf8978fe70f292215300cc6821ed5d2edcec78f6,328,SUCCESS,observation_date=2024-04-30; selection_basis=AUTO_READY; content_type=application/octet-stream
PKRV,MUFAP,MUFAP current pricing API approved acquisition plan,https://www.mufap.com.pk/Upload/WebDoc/IndustryStatictics/PKRV02052024448.csv,2026-09-29T18:46:10+00:00,PKRV02052024448.csv,data/raw/mufap/pkrv/PKRV02052024448.csv,csv,6e6ece2c6d8c596afdef3dee2ef0def28a18194b43a22b146fab5c72a990490b,329,SUCCESS,observation_date=2024-05-02; selection_basis=AUTO_READY; content_type=application/octet-stream
PKRV,MUFAP,MUFAP current pricing API approved acquisition plan,https://www.mufap.com.pk/Upload/WebDoc/IndustryStatictics/PKRV03052024447.csv,2026-09-29T18:46:10+00:00,PKRV03052024447.csv,data/raw/mufap/pkrv/PKRV03052024447.csv,csv,0b0813a3473f1de759c63d315eb38da1b9332843b13335371e5d7311ebea0aac,332,SUCCESS,observation_date=2024-05-03; selection_basis=AUTO_READY; content_type=application/octet-stream
PKRV,MUFAP,MUFAP current pricing API approved acquisition plan,https://www.mufap.com.pk/Upload/WebDoc/IndustryStatictics/PKRV06052024446.csv,2026-09-29T18:46:10+00:00,PKRV06052024446.csv,data/raw/mufap/pkrv/PKRV06052024446.csv,csv,197f3679ba28e51d79439f59e24b786f65c8f13f604bd2e954a4441db3e275af,337,SUCCESS,observation_date=2024-05-06; selection_basis=AUTO_READY; content_type=application/octet-stream
PKRV,MUFAP,MUFAP current pricing API approved acquisition plan,https://www.mufap.com.pk/Upload/WebDoc/IndustryStatictics/PKRV07052024445.csv,2026-09-29T18:46:10+00:00,PKRV07052024445.csv,data/raw/mufap/pkrv/PKRV07052024445.csv,csv,c579e39d9f292f33dd13637321a2cdcd1d80583d6dcaf4afdc6e904a0f30c348,328,SUCCESS,observation_date=2024-05-07; selection_basis=AUTO_READY; content_type=application/octet-stream
PKRV,MUFAP,MUFAP current pricing API approved acquisition plan,https://www.mufap.com.pk/Upload/WebDoc/IndustryStatictics/PKRV08052024444.csv,2026-09-29T18:46:10+00:00,PKRV08052024444.csv,data/raw/mufap/pkrv/PKRV08052024444.csv,csv,439bf2db8d36083a7f5f0c07b166ff7e39ec299cd9f25e3bf619951b31c906e4,330,SUCCESS,observation_date=2024-05-08; selection_basis=AUTO_READY; content_type=application/octet-stream
PKRV,MUFAP,MUFAP current pricing API approved acquisition plan,https://www.mufap.com.pk/Upload/WebDoc/IndustryStatictics/PKRV10052024443.csv,2026-09-29T18:46:10+00:00,PKRV10052024443.csv,data/raw/mufap/pkrv/PKRV10052024443.csv,csv,8088c0ef7cd7177e0074125cc2ea98d1866757ddceb3ed24cecb6bf05212245f,335,SUCCESS,observation_date=2024-05-10; selection_basis=AUTO_READY; content_type=application/octet-stream
PKRV,MUFAP,MUFAP current pricing API approved acquisition plan,https://www.mufap.com.pk/Upload/WebDoc/IndustryStatictics/PKRV13052024442.csv,2026-09-29T18:46:10+00:00,PKRV13052024442.csv,data/raw/mufap/pkrv/PKRV13052024442.csv,csv,1b7d7cbf349da80cded4a37dd8fc78c0c3ef44abe4f289387eda98d7687d7d83,328,SUCCESS,observation_date=2024-05-13; selection_basis=AUTO_READY; content_type=application/octet-stream
PKRV,MUFAP,MUFAP current pricing API approved acquisition plan,https://www.mufap.com.pk/Upload/WebDoc/IndustryStatictics/PKRV14052024441.csv,2026-09-29T18:46:11+00:00,PKRV14052024441.csv,data/raw/mufap/pkrv/PKRV14052024441.csv,csv,387ec57c5ce8d2ea840c01d6c7c0632ed5b71d621b2b893de37e659cdcb7a483,332,SUCCESS,observation_date=2024-05-14; selection_basis=AUTO_READY; content_type=application/octet-stream
PKRV,MUFAP,MUFAP current pricing API approved acquisition plan,https://www.mufap.com.pk/Upload/WebDoc/IndustryStatictics/PKRV15052024440.csv,2026-09-29T18:46:11+00:00,PKRV15052024440.csv,data/raw/mufap/pkrv/PKRV15052024440.csv,csv,4f053751fb65221d126abaa59df8c92a59e6a05f719e2e8babc08643d93bccff,331,SUCCESS,observation_date=2024-05-15; selection_basis=AUTO_READY; content_type=application/octet-stream
PKRV,MUFAP,MUFAP current pricing API approved acquisition plan,https://www.mufap.com.pk/Upload/WebDoc/IndustryStatictics/PKRV16052024439.csv,2026-09-29T18:46:11+00:00,PKRV16052024439.csv,data/raw/mufap/pkrv/PKRV16052024439.csv,csv,4cea348a332d36a31fddcedfe8bbb17f6dac9d8b507a09fcffcd558f37f3dbec,346,SUCCESS,observation_date=2024-05-16; selection_basis=AUTO_READY; content_type=application/octet-stream
PKRV,MUFAP,MUFAP current pricing API approved acquisition plan,https://www.mufap.com.pk/Upload/WebDoc/IndustryStatictics/PKRV17052024438.csv,2026-09-29T18:46:11+00:00,PKRV17052024438.csv,data/raw/mufap/pkrv/PKRV17052024438.csv,csv,a2067c34368a3d60b93a14dd692209e5482a64cd8bef42da4767819af8ea1cce,332,SUCCESS,observation_date=2024-05-17; selection_basis=AUTO_READY; content_type=application/octet-stream
PKRV,MUFAP,MUFAP current pricing API approved acquisition plan,https://www.mufap.com.pk/Upload/WebDoc/IndustryStatictics/PKRV20052024437.csv,2026-09-29T18:46:11+00:00,PKRV20052024437.csv,data/raw/mufap/pkrv/PKRV20052024437.csv,csv,03d3a9884bee95f6b13af179af57c027fc24f15fae21bf9538ae8518033467ab,333,SUCCESS,observation_date=2024-05-20; selection_basis=AUTO_READY; content_type=application/octet-stream
PKRV,MUFAP,MUFAP current pricing API approved acquisition plan,https://www.mufap.com.pk/Upload/WebDoc/IndustryStatictics/PKRV21052024436.csv,2026-09-29T18:46:11+00:00,PKRV21052024436.csv,data/raw/mufap/pkrv/PKRV21052024436.csv,csv,43e515ccdf998a04ebf1603209808a975f294ea7062be41d50a5ba0a427b9e7d,337,SUCCESS,observation_date=2024-05-21; selection_basis=AUTO_READY; content_type=application/octet-stream
PKRV,MUFAP,MUFAP current pricing API approved acquisition plan,https://www.mufap.com.pk/Upload/WebDoc/IndustryStatictics/PKRV22052024435.csv,2026-09-29T18:46:11+00:00,PKRV22052024435.csv,data/raw/mufap/pkrv/PKRV22052024435.csv,csv,a6859e66dc48874dc393ddccda908f0af118b4fdd996ad704d7e7ee04f8795f3,333,SUCCESS,observation_date=2024-05-22; selection_basis=AUTO_READY; content_type=application/octet-stream
PKRV,MUFAP,MUFAP current pricing API approved acquisition plan,https://www.mufap.com.pk/Upload/WebDoc/IndustryStatictics/PKRV23052024434.csv,2026-09-29T18:46:12+00:00,PKRV23052024434.csv,data/raw/mufap/pkrv/PKRV23052024434.csv,csv,932b13bb27f7be37d485a367ad9dcac74be2ddbe71bc0a0500d030d73afe7fc3,329,SUCCESS,observation_date=2024-05-23; selection_basis=AUTO_READY; content_type=application/octet-stream
PKRV,MUFAP,MUFAP current pricing API approved acquisition plan,https://www.mufap.com.pk/Upload/WebDoc/IndustryStatictics/PKRV24052024433.csv,2026-09-29T18:46:12+00:00,PKRV24052024433.csv,data/raw/mufap/pkrv/PKRV24052024433.csv,csv,d2a8ada5097954a59a5e09612cba009466621f8a9b540dc7abb371830b9b8593,333,SUCCESS,observation_date=2024-05-24; selection_basis=AUTO_READY; content_type=application/octet-stream
PKRV,MUFAP,MUFAP current pricing API approved acquisition plan,https://www.mufap.com.pk/Upload/WebDoc/IndustryStatictics/PKRV27052024432.csv,2026-09-29T18:46:12+00:00,PKRV27052024432.csv,data/raw/mufap/pkrv/PKRV27052024432.csv,csv,63b37cbce80efe65f6708ce8de367ae87fcdad98ce17cc3f66a2ef68865ddf1c,335,SUCCESS,observation_date=2024-05-27; selection_basis=AUTO_READY; content_type=application/octet-stream
PKRV,MUFAP,MUFAP current pricing API approved acquisition plan,https://www.mufap.com.pk/Upload/WebDoc/IndustryStatictics/PKRV29052024431.csv,2026-09-29T18:46:12+00:00,PKRV29052024431.csv,data/raw/mufap/pkrv/PKRV29052024431.csv,csv,e6e77e443addc5e21d0e5ec086fd4610ab4c4bbd8c137de3d404f72c8135cc52,335,SUCCESS,observation_date=2024-05-29; selection_basis=AUTO_READY; content_type=application/octet-stream
PKRV,MUFAP,MUFAP current pricing API approved acquisition plan,https://www.mufap.com.pk/Upload/WebDoc/IndustryStatictics/PKRV30052024430.csv,2026-09-29T18:46:12+00:00,PKRV30052024430.csv,data/raw/mufap/pkrv/PKRV30052024430.csv,csv,09f228aefd44a0a6324339d158411b337d5fd6257e0857ed361b8e3277a3dd64,341,SUCCESS,observation_date=2024-05-30; selection_basis=AUTO_READY; content_type=application/octet-stream
PKRV,MUFAP,MUFAP current pricing API approved acquisition plan,https://www.mufap.com.pk/Upload/WebDoc/IndustryStatictics/PKRV31052024429.csv,2026-09-29T18:46:12+00:00,PKRV31052024429.csv,data/raw/mufap/pkrv/PKRV31052024429.csv,csv,82ce97206a79196805706314a35cbc69fdf42b10d6299405bae226c1c13c4196,327,SUCCESS,observation_date=2024-05-31; selection_basis=AUTO_READY; content_type=application/octet-stream
PKRV,MUFAP,MUFAP current pricing API approved acquisition plan,https://www.mufap.com.pk/Upload/WebDoc/IndustryStatictics/PKFRV03062024209.csv,2026-09-29T18:46:12+00:00,PKFRV03062024209.csv,data/raw/mufap/pkrv/PKFRV03062024209.csv,csv,b873f727e23a25ee367f9c7e6a52dff501689fdef38a46415945e2e978dcae6e,3613,SUCCESS,observation_date=2024-06-03; selection_basis=AUTO_READY; content_type=application/octet-stream
PKRV,MUFAP,MUFAP current pricing API approved acquisition plan,https://www.mufap.com.pk/Upload/WebDoc/IndustryStatictics/PKRV04062024238.csv,2026-09-29T18:46:13+00:00,PKRV04062024238.csv,data/raw/mufap/pkrv/PKRV04062024238.csv,csv,2eed331a6806521e42224da8abfb460c57cadc146df8ea80c1f40cbd0fa6ad47,342,SUCCESS,observation_date=2024-06-04; selection_basis=AUTO_READY; content_type=application/octet-stream
PKRV,MUFAP,MUFAP current pricing API approved acquisition plan,https://www.mufap.com.pk/Upload/WebDoc/IndustryStatictics/PKRV05062024235.csv,2026-09-29T18:46:13+00:00,PKRV05062024235.csv,data/raw/mufap/pkrv/PKRV05062024235.csv,csv,58b628a1d84ffb317e481de826d9abcfd5910582a793357fe245ad085bd6b202,338,SUCCESS,observation_date=2024-06-05; selection_basis=AUTO_READY; content_type=application/octet-stream
PKRV,MUFAP,MUFAP current pricing API approved acquisition plan,https://www.mufap.com.pk/Upload/WebDoc/IndustryStatictics/PKRV06062024232.csv,2026-09-29T18:46:13+00:00,PKRV06062024232.csv,data/raw/mufap/pkrv/PKRV06062024232.csv,csv,4256f79fb8577eb4f75924273ea02eab5a6364b837fafdad35c1966258633136,334,SUCCESS,observation_date=2024-06-06; selection_basis=AUTO_READY; content_type=application/octet-stream
PKRV,MUFAP,MUFAP current pricing API approved acquisition plan,https://www.mufap.com.pk/Upload/WebDoc/IndustryStatictics/PKRV07062024229.csv,2026-09-29T18:46:13+00:00,PKRV07062024229.csv,data/raw/mufap/pkrv/PKRV07062024229.csv,csv,157400d8cdb90e18ea8d3258fc39ada13e36ccd347d6ee781ceddd0d5e426254,332,SUCCESS,observation_date=2024-06-07; selection_basis=AUTO_READY; content_type=application/octet-stream
PKRV,MUFAP,MUFAP current pricing API approved acquisition plan,https://www.mufap.com.pk/Upload/WebDoc/IndustryStatictics/PKRV11062024172.csv,2026-09-29T18:46:13+00:00,PKRV11062024172.csv,data/raw/mufap/pkrv/PKRV11062024172.csv,csv,224ed1076b789d97e968ad30ca62aafffdba7cacf685299b5c8bc62d5aab40f7,346,SUCCESS,observation_date=2024-06-11; selection_basis=AUTO_READY; content_type=application/octet-stream
PKRV,MUFAP,MUFAP current pricing API approved acquisition plan,https://www.mufap.com.pk/Upload/WebDoc/IndustryStatictics/PKRV12062024180.csv,2026-09-29T18:46:13+00:00,PKRV12062024180.csv,data/raw/mufap/pkrv/PKRV12062024180.csv,csv,122b6e2017cfaf80666c33f592ff9c317e88af6ca3611dba327fc1a290e3dcd8,331,SUCCESS,observation_date=2024-06-12; selection_basis=AUTO_READY; content_type=application/octet-stream
PKRV,MUFAP,MUFAP current pricing API approved acquisition plan,https://www.mufap.com.pk/Upload/WebDoc/IndustryStatictics/PKRV13062024186.csv,2026-09-29T18:46:13+00:00,PKRV13062024186.csv,data/raw/mufap/pkrv/PKRV13062024186.csv,csv,05b2061d4ee3455f4622f38d17ed16eb1bc42ae8293a29a35f0df8ad31ab2a9c,340,SUCCESS,observation_date=2024-06-13; selection_basis=AUTO_READY; content_type=application/octet-stream
PKRV,MUFAP,MUFAP current pricing API approved acquisition plan,https://www.mufap.com.pk/Upload/WebDoc/IndustryStatictics/PKRV14062024199.csv,2026-09-29T18:46:14+00:00,PKRV14062024199.csv,data/raw/mufap/pkrv/PKRV14062024199.csv,csv,3c6e1f17ff56ab38119a3a5bcb9f003359e56aa4a7df872c0a62677b0f2e040e,330,SUCCESS,observation_date=2024-06-14; selection_basis=AUTO_READY; content_type=application/octet-stream
PKRV,MUFAP,MUFAP current pricing API approved acquisition plan,https://www.mufap.com.pk/Upload/WebDoc/IndustryStatictics/PKRV20062024203.csv,2026-09-29T18:46:14+00:00,PKRV20062024203.csv,data/raw/mufap/pkrv/PKRV20062024203.csv,csv,885a3229f08e79dffac9004b0aa1f3d87eb618bfadce5616a35506bbe7985636,326,SUCCESS,observation_date=2024-06-20; selection_basis=AUTO_READY; content_type=application/octet-stream
PKRV,MUFAP,MUFAP current pricing API approved acquisition plan,https://www.mufap.com.pk/Upload/WebDoc/IndustryStatictics/PKRV21062024208.csv,2026-09-29T18:46:14+00:00,PKRV21062024208.csv,data/raw/mufap/pkrv/PKRV21062024208.csv,csv,064aa27ddda770ff2bab7fb258a6c54dbc48e758824b00d5f21168163576f0b4,327,SUCCESS,observation_date=2024-06-21; selection_basis=AUTO_READY; content_type=application/octet-stream
PKRV,MUFAP,MUFAP current pricing API approved acquisition plan,https://www.mufap.com.pk/Upload/WebDoc/IndustryStatictics/PKRV24062024222.csv,2026-09-29T18:46:14+00:00,PKRV24062024222.csv,data/raw/mufap/pkrv/PKRV24062024222.csv,csv,ab82649a539e0bdf410bab61abaa096af71ba8ed098f181c64edaa8fa13bedf2,332,SUCCESS,observation_date=2024-06-24; selection_basis=AUTO_READY; content_type=application/octet-stream
PKRV,MUFAP,MUFAP current pricing API approved acquisition plan,https://www.mufap.com.pk/Upload/WebDoc/IndustryStatictics/PKRV25062024227.csv,2026-09-29T18:46:14+00:00,PKRV25062024227.csv,data/raw/mufap/pkrv/PKRV25062024227.csv,csv,3c53bb7f97378d512e99f3cc96221792bf3af325f20c0f3e526983b0fe3db02b,336,SUCCESS,observation_date=2024-06-25; selection_basis=AUTO_READY; content_type=application/octet-stream
PKRV,MUFAP,MUFAP current pricing API approved acquisition plan,https://www.mufap.com.pk/Upload/WebDoc/IndustryStatictics/PKRV26062024427.csv,2026-09-29T18:46:14+00:00,PKRV26062024427.csv,data/raw/mufap/pkrv/PKRV26062024427.csv,csv,eb5a762b876bda246a736b0e463605a31babe08a9e080cd15dc87256e8af2056,332,SUCCESS,observation_date=2024-06-26; selection_basis=AUTO_READY; content_type=application/octet-stream
PKRV,MUFAP,MUFAP current pricing API approved acquisition plan,https://www.mufap.com.pk/Upload/WebDoc/IndustryStatictics/PKRV27062024538.csv,2026-09-29T18:46:15+00:00,PKRV27062024538.csv,data/raw/mufap/pkrv/PKRV27062024538.csv,csv,8efb9a001c6ec87e3d15bfd4bdaf9217b2e58a63d5782e3c937007432ac42594,337,SUCCESS,observation_date=2024-06-27; selection_basis=AUTO_READY; content_type=application/octet-stream
PKRV,MUFAP,MUFAP current pricing API approved acquisition plan,https://www.mufap.com.pk/Upload/WebDoc/IndustryStatictics/PKRV28062024596.csv,2026-09-29T18:46:15+00:00,PKRV28062024596.csv,data/raw/mufap/pkrv/PKRV28062024596.csv,csv,6e412deaa7ad5e1f4b6c44be66c937bd2dbfb5e77ae55834d99d2158a45d8d40,336,SUCCESS,observation_date=2024-06-28; selection_basis=AUTO_READY; content_type=application/octet-stream
PKRV,MUFAP,MUFAP current pricing API approved acquisition plan,https://www.mufap.com.pk/Upload/WebDoc/IndustryStatictics/PKRV02072024611.csv,2026-09-29T18:46:15+00:00,PKRV02072024611.csv,data/raw/mufap/pkrv/PKRV02072024611.csv,csv,1c6b265496d819486798c4e6cd70773af755ba26548d323afe1fe4450ce773f6,333,SUCCESS,observation_date=2024-07-02; selection_basis=AUTO_READY; content_type=application/octet-stream
PKRV,MUFAP,MUFAP current pricing API approved acquisition plan,https://www.mufap.com.pk/Upload/WebDoc/IndustryStatictics/PKRV03072024616.csv,2026-09-29T18:46:15+00:00,PKRV03072024616.csv,data/raw/mufap/pkrv/PKRV03072024616.csv,csv,be0cce3f13306c61be4159342eecf748efb92942d8362855a33968368775a92a,334,SUCCESS,observation_date=2024-07-03; selection_basis=AUTO_READY; content_type=application/octet-stream
PKRV,MUFAP,MUFAP current pricing API approved acquisition plan,https://www.mufap.com.pk/Upload/WebDoc/IndustryStatictics/PKRV04072024620.csv,2026-09-29T18:46:15+00:00,PKRV04072024620.csv,data/raw/mufap/pkrv/PKRV04072024620.csv,csv,08bb3d663ecd92fdedd101825edf159e5f98187477e37e747060c4f4348e1c93,339,SUCCESS,observation_date=2024-07-04; selection_basis=AUTO_READY; content_type=application/octet-stream
PKRV,MUFAP,MUFAP current pricing API approved acquisition plan,https://www.mufap.com.pk/Upload/WebDoc/IndustryStatictics/PKRV05072024626.csv,2026-09-29T18:46:15+00:00,PKRV05072024626.csv,data/raw/mufap/pkrv/PKRV05072024626.csv,csv,a89a1412ab6329d596b725b3c809332f72ea873df9eaed98923d088cb5aeeb33,330,SUCCESS,observation_date=2024-07-05; selection_basis=AUTO_READY; content_type=application/octet-stream
PKRV,MUFAP,MUFAP current pricing API approved acquisition plan,https://www.mufap.com.pk/Upload/WebDoc/IndustryStatictics/PKRV08072024629.csv,2026-09-29T18:46:15+00:00,PKRV08072024629.csv,data/raw/mufap/pkrv/PKRV08072024629.csv,csv,1cd86796efaf5a917a0cc2e2329727e07dab54fd91500c8fafa63ff7e2830d80,334,SUCCESS,observation_date=2024-07-08; selection_basis=AUTO_READY; content_type=application/octet-stream
PKRV,MUFAP,MUFAP current pricing API approved acquisition plan,https://www.mufap.com.pk/Upload/WebDoc/IndustryStatictics/PKRV09072024635.csv,2026-09-29T18:46:16+00:00,PKRV09072024635.csv,data/raw/mufap/pkrv/PKRV09072024635.csv,csv,8725ca1f7251df0d9a6c2f8c734b93b783b836d9b8d8cf623e3379087bd0db30,401,SUCCESS,observation_date=2024-07-09; selection_basis=AUTO_READY; content_type=application/octet-stream
PKRV,MUFAP,MUFAP current pricing API approved acquisition plan,https://www.mufap.com.pk/Upload/WebDoc/IndustryStatictics/PKRV10072024639.csv,2026-09-29T18:46:16+00:00,PKRV10072024639.csv,data/raw/mufap/pkrv/PKRV10072024639.csv,csv,b2bc0281956cd7ed987d7e28f7c8e405e63b92c8f71e024c4b071d204d87b494,334,SUCCESS,observation_date=2024-07-10; selection_basis=AUTO_READY; content_type=application/octet-stream
PKRV,MUFAP,MUFAP current pricing API approved acquisition plan,https://www.mufap.com.pk/Upload/WebDoc/IndustryStatictics/PKRV11072024645.csv,2026-09-29T18:46:16+00:00,PKRV11072024645.csv,data/raw/mufap/pkrv/PKRV11072024645.csv,csv,ed81548c7fce961caacbe0de7e6af59ce7e5d36830986e2e71d21eddb782a9d4,334,SUCCESS,observation_date=2024-07-11; selection_basis=AUTO_READY; content_type=application/octet-stream
PKRV,MUFAP,MUFAP current pricing API approved acquisition plan,https://www.mufap.com.pk/Upload/WebDoc/IndustryStatictics/PKRV12072024650.csv,2026-09-29T18:46:16+00:00,PKRV12072024650.csv,data/raw/mufap/pkrv/PKRV12072024650.csv,csv,93cc162cc41dea7e6ceb13b86882771c8da2ed6643d13c4df4d7c6ed92ade89c,331,SUCCESS,observation_date=2024-07-12; selection_basis=AUTO_READY; content_type=application/octet-stream
PKRV,MUFAP,MUFAP current pricing API approved acquisition plan,https://www.mufap.com.pk/Upload/WebDoc/IndustryStatictics/PKRV15072024655.csv,2026-09-29T18:46:16+00:00,PKRV15072024655.csv,data/raw/mufap/pkrv/PKRV15072024655.csv,csv,8c491ecc6e55b12c9f276531c1685b74709e4528a6d86988e48320da0cc5d9cb,331,SUCCESS,observation_date=2024-07-15; selection_basis=AUTO_READY; content_type=application/octet-stream
PKRV,MUFAP,MUFAP current pricing API approved acquisition plan,https://www.mufap.com.pk/Upload/WebDoc/IndustryStatictics/PKRV18072024659.csv,2026-09-29T18:46:16+00:00,PKRV18072024659.csv,data/raw/mufap/pkrv/PKRV18072024659.csv,csv,43001d5dec86a63edafcd5b72dce770f9508a89286c06c934df9d3d7db10dcbe,330,SUCCESS,observation_date=2024-07-18; selection_basis=AUTO_READY; content_type=application/octet-stream
PKRV,MUFAP,MUFAP current pricing API approved acquisition plan,https://www.mufap.com.pk/Upload/WebDoc/IndustryStatictics/PKRV19072024663.csv,2026-09-29T18:46:16+00:00,PKRV19072024663.csv,data/raw/mufap/pkrv/PKRV19072024663.csv,csv,6cf3811b3dd2688d00111d091285bb93b991ea563ce197f1cad640124de88529,331,SUCCESS,observation_date=2024-07-19; selection_basis=AUTO_READY; content_type=application/octet-stream
PKRV,MUFAP,MUFAP current pricing API approved acquisition plan,https://www.mufap.com.pk/Upload/WebDoc/IndustryStatictics/PKRV22072024669.csv,2026-09-29T18:46:17+00:00,PKRV22072024669.csv,data/raw/mufap/pkrv/PKRV22072024669.csv,csv,562639b6f20c6e11645f8857ca95cd1082b6525e82ceba867a72a4236626cccf,331,SUCCESS,observation_date=2024-07-22; selection_basis=AUTO_READY; content_type=application/octet-stream
PKRV,MUFAP,MUFAP current pricing API approved acquisition plan,https://www.mufap.com.pk/Upload/WebDoc/IndustryStatictics/PKRV23072024674.csv,2026-09-29T18:46:17+00:00,PKRV23072024674.csv,data/raw/mufap/pkrv/PKRV23072024674.csv,csv,577057f3621e7524fd352179365e83306c645469039dc4e640c3ba26c6fb78a0,341,SUCCESS,observation_date=2024-07-23; selection_basis=AUTO_READY; content_type=application/octet-stream
PKRV,MUFAP,MUFAP current pricing API approved acquisition plan,https://www.mufap.com.pk/Upload/WebDoc/IndustryStatictics/PKRV24072024679.csv,2026-09-29T18:46:17+00:00,PKRV24072024679.csv,data/raw/mufap/pkrv/PKRV24072024679.csv,csv,d714e3e8b824b2d66990e7fdee5e72d09836769ed63a8ca16689b09c0154caae,345,SUCCESS,observation_date=2024-07-24; selection_basis=ANOMALY_RESOLUTION; content_type=application/octet-stream
PKRV,MUFAP,MUFAP current pricing API approved acquisition plan,https://www.mufap.com.pk/Upload/WebDoc/IndustryStatictics/PKRV25072024684.csv,2026-09-29T18:46:17+00:00,PKRV25072024684.csv,data/raw/mufap/pkrv/PKRV25072024684.csv,csv,8b1ec2ec0fc088fcdafa633ae19be7b7baa6a5a9a1a417bd15eaeecaf557b9b4,341,SUCCESS,observation_date=2024-07-25; selection_basis=AUTO_READY; content_type=application/octet-stream
PKRV,MUFAP,MUFAP current pricing API approved acquisition plan,https://www.mufap.com.pk/Upload/WebDoc/IndustryStatictics/PKRV26072024701.csv,2026-09-29T18:46:17+00:00,PKRV26072024701.csv,data/raw/mufap/pkrv/PKRV26072024701.csv,csv,3aa4eb68348707c791e283da9ee8d0096bfdcbd625fb3227fb1f8129d94ee5d9,339,SUCCESS,observation_date=2024-07-26; selection_basis=AUTO_READY; content_type=application/octet-stream
PKRV,MUFAP,MUFAP current pricing API approved acquisition plan,https://www.mufap.com.pk/Upload/WebDoc/IndustryStatictics/PKRV29072024827.csv,2026-09-29T18:46:17+00:00,PKRV29072024827.csv,data/raw/mufap/pkrv/PKRV29072024827.csv,csv,d715dec2df8446f16c75df549dd86057e5bbcabe93a96098d2566896ff174a21,341,SUCCESS,observation_date=2024-07-29; selection_basis=AUTO_READY; content_type=application/octet-stream
PKRV,MUFAP,MUFAP current pricing API approved acquisition plan,https://www.mufap.com.pk/Upload/WebDoc/IndustryStatictics/PKRV30072024967.csv,2026-09-29T18:46:17+00:00,PKRV30072024967.csv,data/raw/mufap/pkrv/PKRV30072024967.csv,csv,cb9fc12f02e3a4e7d78535bcab059a95e582ebd8bbd2c07398d4f5eea9d913fe,332,SUCCESS,observation_date=2024-07-30; selection_basis=AUTO_READY; content_type=application/octet-stream
PKRV,MUFAP,MUFAP current pricing API approved acquisition plan,https://www.mufap.com.pk/Upload/WebDoc/IndustryStatictics/PKRV31072024993.csv,2026-09-29T18:46:18+00:00,PKRV31072024993.csv,data/raw/mufap/pkrv/PKRV31072024993.csv,csv,784681a1d59e3f2ddca45a39f85118a2c807956ab67059e73e71659aee49d6aa,329,SUCCESS,observation_date=2024-07-31; selection_basis=AUTO_READY; content_type=application/octet-stream
PKRV,MUFAP,MUFAP current pricing API approved acquisition plan,https://www.mufap.com.pk/Upload/WebDoc/IndustryStatictics/PKRV010820241022.csv,2026-09-29T18:46:18+00:00,PKRV010820241022.csv,data/raw/mufap/pkrv/PKRV010820241022.csv,csv,0b3e75088753955a8c4b1dddc8d295269e6130a8415a3dd7f42d0c513293af2c,339,SUCCESS,observation_date=2024-08-01; selection_basis=AUTO_READY; content_type=application/octet-stream
PKRV,MUFAP,MUFAP current pricing API approved acquisition plan,https://www.mufap.com.pk/Upload/WebDoc/IndustryStatictics/PKRV0208020241026.csv,2026-09-29T18:46:18+00:00,PKRV0208020241026.csv,data/raw/mufap/pkrv/PKRV0208020241026.csv,csv,053e052b62fee03be0f346962f2b16ad99751d18087c69f36f0a9e5ca1a9d9c9,330,SUCCESS,observation_date=2024-08-02; selection_basis=ANOMALY_RESOLUTION; content_type=application/octet-stream
PKRV,MUFAP,MUFAP current pricing API approved acquisition plan,https://www.mufap.com.pk/Upload/WebDoc/IndustryStatictics/PKRV050820241030.csv,2026-09-29T18:46:18+00:00,PKRV050820241030.csv,data/raw/mufap/pkrv/PKRV050820241030.csv,csv,20a592a6d29cb7e16b5215b71b2a0e4331467256c52b0e2da8baf3cdf20c34cf,338,SUCCESS,observation_date=2024-08-05; selection_basis=AUTO_READY; content_type=application/octet-stream
PKRV,MUFAP,MUFAP current pricing API approved acquisition plan,https://www.mufap.com.pk/Upload/WebDoc/IndustryStatictics/PKRV060820241035.csv,2026-09-29T18:46:18+00:00,PKRV060820241035.csv,data/raw/mufap/pkrv/PKRV060820241035.csv,csv,2ee95c3f6c1a639a1d2dafbdd86d65dc30211892672c19297130e1a8d4d30b76,339,SUCCESS,observation_date=2024-08-06; selection_basis=AUTO_READY; content_type=application/octet-stream
PKRV,MUFAP,MUFAP current pricing API approved acquisition plan,https://www.mufap.com.pk/Upload/WebDoc/IndustryStatictics/PKRV070820241048.csv,2026-09-29T18:46:18+00:00,PKRV070820241048.csv,data/raw/mufap/pkrv/PKRV070820241048.csv,csv,75312c6e33f7b8b33e038b40fae4a3989c3c73471290b7079c5670dec0b3546b,343,SUCCESS,observation_date=2024-08-07; selection_basis=AUTO_READY; content_type=application/octet-stream
PKRV,MUFAP,MUFAP current pricing API approved acquisition plan,https://www.mufap.com.pk/Upload/WebDoc/IndustryStatictics/PKRV080820241095.csv,2026-09-29T18:46:18+00:00,PKRV080820241095.csv,data/raw/mufap/pkrv/PKRV080820241095.csv,csv,b7875ff52bd4bd068a0c1c74a51aef97af762b9ca4935afb01b5fcde02e07791,345,SUCCESS,observation_date=2024-08-08; selection_basis=AUTO_READY; content_type=application/octet-stream
PKRV,MUFAP,MUFAP current pricing API approved acquisition plan,https://www.mufap.com.pk/Upload/WebDoc/IndustryStatictics/PKRV090820241100.csv,2026-09-29T18:46:19+00:00,PKRV090820241100.csv,data/raw/mufap/pkrv/PKRV090820241100.csv,csv,018e0a0ffb7a54567e8c9edc077aad677c5a26576c8cab432f7bca5558d26125,336,SUCCESS,observation_date=2024-08-09; selection_basis=AUTO_READY; content_type=application/octet-stream
PKRV,MUFAP,MUFAP current pricing API approved acquisition plan,https://www.mufap.com.pk/Upload/WebDoc/IndustryStatictics/PKRV120820241105.csv,2026-09-29T18:46:19+00:00,PKRV120820241105.csv,data/raw/mufap/pkrv/PKRV120820241105.csv,csv,aee460e4382794d9d1a230f0798a4f5ea8679ca6315076f9a0222e2ab8df474e,341,SUCCESS,observation_date=2024-08-12; selection_basis=AUTO_READY; content_type=application/octet-stream
PKRV,MUFAP,MUFAP current pricing API approved acquisition plan,https://www.mufap.com.pk/Upload/WebDoc/IndustryStatictics/PKRV130820241110.csv,2026-09-29T18:46:19+00:00,PKRV130820241110.csv,data/raw/mufap/pkrv/PKRV130820241110.csv,csv,d450ec609ed8b8f2463681644490d32d0f37dd28371b1645f3afca034ae5bffd,344,SUCCESS,observation_date=2024-08-13; selection_basis=AUTO_READY; content_type=application/octet-stream
PKRV,MUFAP,MUFAP current pricing API approved acquisition plan,https://www.mufap.com.pk/Upload/WebDoc/IndustryStatictics/PKRV150820241115.csv,2026-09-29T18:46:19+00:00,PKRV150820241115.csv,data/raw/mufap/pkrv/PKRV150820241115.csv,csv,5f98f1b1ef11dfd929d807e424bc1bdcafb0c586b5fdd7dd8277a2188de3a2d8,340,SUCCESS,observation_date=2024-08-15; selection_basis=AUTO_READY; content_type=application/octet-stream
PKRV,MUFAP,MUFAP current pricing API approved acquisition plan,https://www.mufap.com.pk/Upload/WebDoc/IndustryStatictics/PKRV160820241120.csv,2026-09-29T18:46:19+00:00,PKRV160820241120.csv,data/raw/mufap/pkrv/PKRV160820241120.csv,csv,7530ae5b9b39e47db220b03adbe91a09cec6c6c56cb790152cf00754bcf28cdb,343,SUCCESS,observation_date=2024-08-16; selection_basis=AUTO_READY; content_type=application/octet-stream
PKRV,MUFAP,MUFAP current pricing API approved acquisition plan,https://www.mufap.com.pk/Upload/WebDoc/IndustryStatictics/PKRV190820241125.csv,2026-09-29T18:46:19+00:00,PKRV190820241125.csv,data/raw/mufap/pkrv/PKRV190820241125.csv,csv,4fc8f656ba2642a32116c901b226652e0aef1d554b0d8f855b4337206f8a3660,344,SUCCESS,observation_date=2024-08-19; selection_basis=AUTO_READY; content_type=application/octet-stream
PKRV,MUFAP,MUFAP current pricing API approved acquisition plan,https://www.mufap.com.pk/Upload/WebDoc/IndustryStatictics/PKRV200820241130.csv,2026-09-29T18:46:19+00:00,PKRV200820241130.csv,data/raw/mufap/pkrv/PKRV200820241130.csv,csv,24647435e51ae07f3f1bdd063e4af2a0b717948c2984118a02e834896d57189e,339,SUCCESS,observation_date=2024-08-20; selection_basis=AUTO_READY; content_type=application/octet-stream
PKRV,MUFAP,MUFAP current pricing API approved acquisition plan,https://www.mufap.com.pk/Upload/WebDoc/IndustryStatictics/PKRV210820241135.csv,2026-09-29T18:46:20+00:00,PKRV210820241135.csv,data/raw/mufap/pkrv/PKRV210820241135.csv,csv,2ec5321d8274a18bc1e345353ba11d389bb05213c20f429bd4444d32cbf099f6,343,SUCCESS,observation_date=2024-08-21; selection_basis=AUTO_READY; content_type=application/octet-stream
PKRV,MUFAP,MUFAP current pricing API approved acquisition plan,https://www.mufap.com.pk/Upload/WebDoc/IndustryStatictics/PKRV220820241141.csv,2026-09-29T18:46:20+00:00,PKRV220820241141.csv,data/raw/mufap/pkrv/PKRV220820241141.csv,csv,4b4cd9431254e9ecb46e3913ea45a28d15f39ec7ee4d77ffe4ee3791e896f3f5,345,SUCCESS,observation_date=2024-08-22; selection_basis=AUTO_READY; content_type=application/octet-stream
PKRV,MUFAP,MUFAP current pricing API approved acquisition plan,https://www.mufap.com.pk/Upload/WebDoc/IndustryStatictics/PKRV230820241178.csv,2026-09-29T18:46:20+00:00,PKRV230820241178.csv,data/raw/mufap/pkrv/PKRV230820241178.csv,csv,b3405833d94cc54d2c672f15ed4a380a1da1a2d7625c07076bd8b4c6c3e0b647,343,SUCCESS,observation_date=2024-08-23; selection_basis=AUTO_READY; content_type=application/octet-stream
PKRV,MUFAP,MUFAP current pricing API approved acquisition plan,https://www.mufap.com.pk/Upload/WebDoc/IndustryStatictics/PKRV260820241189.csv,2026-09-29T18:46:20+00:00,PKRV260820241189.csv,data/raw/mufap/pkrv/PKRV260820241189.csv,csv,4cb314680ed3e07bd91035221b08e6bd13d970c4e516e18c3e85949a8abb730a,332,SUCCESS,observation_date=2024-08-26; selection_basis=AUTO_READY; content_type=application/octet-stream
PKRV,MUFAP,MUFAP current pricing API approved acquisition plan,https://www.mufap.com.pk/Upload/WebDoc/IndustryStatictics/PKRV270820241194.csv,2026-09-29T18:46:20+00:00,PKRV270820241194.csv,data/raw/mufap/pkrv/PKRV270820241194.csv,csv,9eb7f2343faab029dc881156c7137f09980e0219a12a0487adaeddf60e0a4cda,335,SUCCESS,observation_date=2024-08-27; selection_basis=AUTO_READY; content_type=application/octet-stream
PKRV,MUFAP,MUFAP current pricing API approved acquisition plan,https://www.mufap.com.pk/Upload/WebDoc/IndustryStatictics/PKRV280820241200.csv,2026-09-29T18:46:20+00:00,PKRV280820241200.csv,data/raw/mufap/pkrv/PKRV280820241200.csv,csv,40577260f1f24ce47469bc66b2dc9fb9bb1b238591f9ea3a10146ce7a4876550,326,SUCCESS,observation_date=2024-08-28; selection_basis=AUTO_READY; content_type=application/octet-stream
PKRV,MUFAP,MUFAP current pricing API approved acquisition plan,https://www.mufap.com.pk/Upload/WebDoc/IndustryStatictics/PKRV290820241205.csv,2026-09-29T18:46:20+00:00,PKRV290820241205.csv,data/raw/mufap/pkrv/PKRV290820241205.csv,csv,26c20353ebe3c3cd1d7deac45e148851f883116b079d909dc00b1141215bb4df,326,SUCCESS,observation_date=2024-08-29; selection_basis=AUTO_READY; content_type=application/octet-stream
PKRV,MUFAP,MUFAP current pricing API approved acquisition plan,https://www.mufap.com.pk/Upload/WebDoc/IndustryStatictics/PKRV300820241211.csv,2026-09-29T18:46:21+00:00,PKRV300820241211.csv,data/raw/mufap/pkrv/PKRV300820241211.csv,csv,a3805a7bfb3ad73b9b24f69e83927ee23dd6fffb17b6bb35ee1cbb908ed62663,338,SUCCESS,observation_date=2024-08-30; selection_basis=AUTO_READY; content_type=application/octet-stream
PKRV,MUFAP,MUFAP current pricing API approved acquisition plan,https://www.mufap.com.pk/Upload/WebDoc/IndustryStatictics/PKRV02092024(REVISED)1226.csv,2026-09-29T18:46:21+00:00,PKRV02092024(REVISED)1226.csv,data/raw/mufap/pkrv/PKRV02092024(REVISED)1226.csv,csv,2fff8a4d88dda1140544c73db061d11f82fb732a989c8f3819c0978fc5a61f46,1170,SUCCESS,observation_date=2024-09-02; selection_basis=AUTO_READY; content_type=application/octet-stream
PKRV,MUFAP,MUFAP current pricing API approved acquisition plan,https://www.mufap.com.pk/Upload/WebDoc/IndustryStatictics/PKRV030920241241.csv,2026-09-29T18:46:21+00:00,PKRV030920241241.csv,data/raw/mufap/pkrv/PKRV030920241241.csv,csv,9a0cdfd00494a3069e270573afa3c098437ddd8736e809f421b96c6bd629d725,333,SUCCESS,observation_date=2024-09-03; selection_basis=AUTO_READY; content_type=application/octet-stream
PKRV,MUFAP,MUFAP current pricing API approved acquisition plan,https://www.mufap.com.pk/Upload/WebDoc/IndustryStatictics/PKRV040920241246.csv,2026-09-29T18:46:21+00:00,PKRV040920241246.csv,data/raw/mufap/pkrv/PKRV040920241246.csv,csv,1713335e17874128ec44b6f2a4fc69eab4209cc2e90690dfa5071de3bc23c063,341,SUCCESS,observation_date=2024-09-04; selection_basis=AUTO_READY; content_type=application/octet-stream
PKRV,MUFAP,MUFAP current pricing API approved acquisition plan,https://www.mufap.com.pk/Upload/WebDoc/IndustryStatictics/PKRV050920241251.csv,2026-09-29T18:46:21+00:00,PKRV050920241251.csv,data/raw/mufap/pkrv/PKRV050920241251.csv,csv,d08426da27b233867cc2b2e07eae4b13d66f4414a7802cf64a3e5ab71e9f2bbb,335,SUCCESS,observation_date=2024-09-05; selection_basis=AUTO_READY; content_type=application/octet-stream
PKRV,MUFAP,MUFAP current pricing API approved acquisition plan,https://www.mufap.com.pk/Upload/WebDoc/IndustryStatictics/PKRV060920241258.csv,2026-09-29T18:46:21+00:00,PKRV060920241258.csv,data/raw/mufap/pkrv/PKRV060920241258.csv,csv,5a6d65b5176bb881efafe5ad718fd75f4b3e1ab31220c5e28d7b04820f652f31,344,SUCCESS,observation_date=2024-09-06; selection_basis=AUTO_READY; content_type=application/octet-stream
PKRV,MUFAP,MUFAP current pricing API approved acquisition plan,https://www.mufap.com.pk/Upload/WebDoc/IndustryStatictics/PKRV090920241264.csv,2026-09-29T18:46:21+00:00,PKRV090920241264.csv,data/raw/mufap/pkrv/PKRV090920241264.csv,csv,2522f1b391c5e376b588d59c02d08ccb5d080d1d8353aa864bacf62d0629d1a0,345,SUCCESS,observation_date=2024-09-09; selection_basis=AUTO_READY; content_type=application/octet-stream
PKRV,MUFAP,MUFAP current pricing API approved acquisition plan,https://www.mufap.com.pk/Upload/WebDoc/IndustryStatictics/PKRV100920241269.csv,2026-09-29T18:46:22+00:00,PKRV100920241269.csv,data/raw/mufap/pkrv/PKRV100920241269.csv,csv,f42ea7a6390c7638489804ccd6a2309ee635020feb1560fbecf721cb42721b33,344,SUCCESS,observation_date=2024-09-10; selection_basis=AUTO_READY; content_type=application/octet-stream
PKRV,MUFAP,MUFAP current pricing API approved acquisition plan,https://www.mufap.com.pk/Upload/WebDoc/IndustryStatictics/PKRV120920241298.csv,2026-09-29T18:46:22+00:00,PKRV120920241298.csv,data/raw/mufap/pkrv/PKRV120920241298.csv,csv,79c36ea79e5eaad711cae729eb7e60d7a473516d05e300dea6a842c5a9f4f546,345,SUCCESS,observation_date=2024-09-12; selection_basis=AUTO_READY; content_type=application/octet-stream
PKRV,MUFAP,MUFAP current pricing API approved acquisition plan,https://www.mufap.com.pk/Upload/WebDoc/IndustryStatictics/PKRV130920241303.csv,2026-09-29T18:46:22+00:00,PKRV130920241303.csv,data/raw/mufap/pkrv/PKRV130920241303.csv,csv,4215536faa53f8adf9787469397b539b6faeb159ff6e0a89ac1d350be6f9148f,346,SUCCESS,observation_date=2024-09-13; selection_basis=AUTO_READY; content_type=application/octet-stream
PKRV,MUFAP,MUFAP current pricing API approved acquisition plan,https://www.mufap.com.pk/Upload/WebDoc/IndustryStatictics/PKRV160920241307.csv,2026-09-29T18:46:22+00:00,PKRV160920241307.csv,data/raw/mufap/pkrv/PKRV160920241307.csv,csv,1b9531a6f09a94f5a84fe664e73fef796a8a335f427e5f9b453992a1846e47e8,328,SUCCESS,observation_date=2024-09-16; selection_basis=AUTO_READY; content_type=application/octet-stream
PKRV,MUFAP,MUFAP current pricing API approved acquisition plan,https://www.mufap.com.pk/Upload/WebDoc/IndustryStatictics/PKRV180920241312.csv,2026-09-29T18:46:22+00:00,PKRV180920241312.csv,data/raw/mufap/pkrv/PKRV180920241312.csv,csv,8d5ad51578a38578c1e05788b3e199d52a7a694a8410de5e231f57b0e45c0831,346,SUCCESS,observation_date=2024-09-18; selection_basis=AUTO_READY; content_type=application/octet-stream
PKRV,MUFAP,MUFAP current pricing API approved acquisition plan,https://www.mufap.com.pk/Upload/WebDoc/IndustryStatictics/PKRV190920241318.csv,2026-09-29T18:46:22+00:00,PKRV190920241318.csv,data/raw/mufap/pkrv/PKRV190920241318.csv,csv,9c17650057ff179a819664e28a8673db96c5e102f64528eedf1017e3361c60a3,345,SUCCESS,observation_date=2024-09-19; selection_basis=AUTO_READY; content_type=application/octet-stream
PKRV,MUFAP,MUFAP current pricing API approved acquisition plan,https://www.mufap.com.pk/Upload/WebDoc/IndustryStatictics/PKRV200920241322.csv,2026-09-29T18:46:22+00:00,PKRV200920241322.csv,data/raw/mufap/pkrv/PKRV200920241322.csv,csv,400de0b71cc82caaa0770f989a151f739811c16928afc50078cb5f1b3aa94ef6,343,SUCCESS,observation_date=2024-09-20; selection_basis=AUTO_READY; content_type=application/octet-stream
PKRV,MUFAP,MUFAP current pricing API approved acquisition plan,https://www.mufap.com.pk/Upload/WebDoc/IndustryStatictics/PKRV230920241328.csv,2026-09-29T18:46:23+00:00,PKRV230920241328.csv,data/raw/mufap/pkrv/PKRV230920241328.csv,csv,01fe94fdcc02e1e45efe0d5fd7244b6c651f5ded7fb41bc8461c300bc397e2fb,344,SUCCESS,observation_date=2024-09-23; selection_basis=ANOMALY_RESOLUTION; content_type=application/octet-stream
PKRV,MUFAP,MUFAP current pricing API approved acquisition plan,https://www.mufap.com.pk/Upload/WebDoc/IndustryStatictics/PKRV240920241332.csv,2026-09-29T18:46:23+00:00,PKRV240920241332.csv,data/raw/mufap/pkrv/PKRV240920241332.csv,csv,db63d8f97c3eb977998c02f55bd656a034395f0c722211bcb19468ffc9f0278e,343,SUCCESS,observation_date=2024-09-24; selection_basis=AUTO_READY; content_type=application/octet-stream
PKRV,MUFAP,MUFAP current pricing API approved acquisition plan,https://www.mufap.com.pk/Upload/WebDoc/IndustryStatictics/PKRV250920241337.csv,2026-09-29T18:46:23+00:00,PKRV250920241337.csv,data/raw/mufap/pkrv/PKRV250920241337.csv,csv,70e0aef45db79224be605c96993b0df26b32cfaf9b2f17de4be621ab27e24125,346,SUCCESS,observation_date=2024-09-25; selection_basis=AUTO_READY; content_type=application/octet-stream
PKRV,MUFAP,MUFAP current pricing API approved acquisition plan,https://www.mufap.com.pk/Upload/WebDoc/IndustryStatictics/PKRV260920241346.csv,2026-09-29T18:46:23+00:00,PKRV260920241346.csv,data/raw/mufap/pkrv/PKRV260920241346.csv,csv,75117d74f0662ba00755bc61eef9d5867ce14efc52db090640e34f8bdcb239c3,345,SUCCESS,observation_date=2024-09-26; selection_basis=AUTO_READY; content_type=application/octet-stream
PKRV,MUFAP,MUFAP current pricing API approved acquisition plan,https://www.mufap.com.pk/Upload/WebDoc/IndustryStatictics/PKRV270920241354.csv,2026-09-29T18:46:23+00:00,PKRV270920241354.csv,data/raw/mufap/pkrv/PKRV270920241354.csv,csv,38a84b2f0d0fac739bd9f561377da4d32bda42875b659e88b8e383877946d336,345,SUCCESS,observation_date=2024-09-27; selection_basis=AUTO_READY; content_type=application/octet-stream
PKRV,MUFAP,MUFAP current pricing API approved acquisition plan,https://www.mufap.com.pk/Upload/WebDoc/IndustryStatictics/PKRV300920241359.csv,2026-09-29T18:46:23+00:00,PKRV300920241359.csv,data/raw/mufap/pkrv/PKRV300920241359.csv,csv,b385b546a5a012f39a4fa193a4418a71bc64539362953e590f73b653ee5d572e,343,SUCCESS,observation_date=2024-09-30; selection_basis=AUTO_READY; content_type=application/octet-stream
PKRV,MUFAP,MUFAP current pricing API approved acquisition plan,https://www.mufap.com.pk/Upload/WebDoc/IndustryStatictics/PKRV011020241363.csv,2026-09-29T18:46:23+00:00,PKRV011020241363.csv,data/raw/mufap/pkrv/PKRV011020241363.csv,csv,eadc7f8105762ca8b54245aab1e8f2cb634c3e2ba2447990d53563377f661f10,343,SUCCESS,observation_date=2024-10-01; selection_basis=AUTO_READY; content_type=application/octet-stream
PKRV,MUFAP,MUFAP current pricing API approved acquisition plan,https://www.mufap.com.pk/Upload/WebDoc/IndustryStatictics/PKRV021020241368.csv,2026-09-29T18:46:24+00:00,PKRV021020241368.csv,data/raw/mufap/pkrv/PKRV021020241368.csv,csv,153cd425c6ccf72b11068f7b5afd5e7212bd5dd56c059b082bbb02c072420e02,329,SUCCESS,observation_date=2024-10-02; selection_basis=AUTO_READY; content_type=application/octet-stream
PKRV,MUFAP,MUFAP current pricing API approved acquisition plan,https://www.mufap.com.pk/Upload/WebDoc/IndustryStatictics/PKRV031020241372.csv,2026-09-29T18:46:24+00:00,PKRV031020241372.csv,data/raw/mufap/pkrv/PKRV031020241372.csv,csv,49438b8f2c1612ddd670d216faacf89dc857c6a40185491fcd10d4909b618b85,334,SUCCESS,observation_date=2024-10-03; selection_basis=AUTO_READY; content_type=application/octet-stream
PKRV,MUFAP,MUFAP current pricing API approved acquisition plan,https://www.mufap.com.pk/Upload/WebDoc/IndustryStatictics/PKRV041020241376.csv,2026-09-29T18:46:24+00:00,PKRV041020241376.csv,data/raw/mufap/pkrv/PKRV041020241376.csv,csv,acf4d40b4c914da211b27f48240df1006c69aa96d199e0c0edd6bfcd10fc6181,330,SUCCESS,observation_date=2024-10-04; selection_basis=AUTO_READY; content_type=application/octet-stream
PKRV,MUFAP,MUFAP current pricing API approved acquisition plan,https://www.mufap.com.pk/Upload/WebDoc/IndustryStatictics/PKRV071020241384.csv,2026-09-29T18:46:24+00:00,PKRV071020241384.csv,data/raw/mufap/pkrv/PKRV071020241384.csv,csv,2fa8de89860524e31812e7d035f7aaa180d9ff0e45455302a667f314d8df19a1,335,SUCCESS,observation_date=2024-10-07; selection_basis=AUTO_READY; content_type=application/octet-stream
PKRV,MUFAP,MUFAP current pricing API approved acquisition plan,https://www.mufap.com.pk/Upload/WebDoc/IndustryStatictics/PKRV081020241387.csv,2026-09-29T18:46:24+00:00,PKRV081020241387.csv,data/raw/mufap/pkrv/PKRV081020241387.csv,csv,d1edd2803ea5e37e783a75aaabc4c63e166063c899a1a0e93f717c4f8e55ae0e,332,SUCCESS,observation_date=2024-10-08; selection_basis=AUTO_READY; content_type=application/octet-stream
PKRV,MUFAP,MUFAP current pricing API approved acquisition plan,https://www.mufap.com.pk/Upload/WebDoc/IndustryStatictics/PKRV091020241393.csv,2026-09-29T18:46:24+00:00,PKRV091020241393.csv,data/raw/mufap/pkrv/PKRV091020241393.csv,csv,7d4afb61c0d8afaee5772c45b88149606e6b4da44dfb1f90abf5f0c5fc9bd48d,328,SUCCESS,observation_date=2024-10-09; selection_basis=AUTO_READY; content_type=application/octet-stream
PKRV,MUFAP,MUFAP current pricing API approved acquisition plan,https://www.mufap.com.pk/Upload/WebDoc/IndustryStatictics/PKRV101020241407.csv,2026-09-29T18:46:25+00:00,PKRV101020241407.csv,data/raw/mufap/pkrv/PKRV101020241407.csv,csv,b73fde35f70b9127a51cd51fd66dd0c92bf3deb6c75294a96088e0448a5fcf1c,335,SUCCESS,observation_date=2024-10-10; selection_basis=AUTO_READY; content_type=application/octet-stream
PKRV,MUFAP,MUFAP current pricing API approved acquisition plan,https://www.mufap.com.pk/Upload/WebDoc/IndustryStatictics/PKRV111020241479.csv,2026-09-29T18:46:25+00:00,PKRV111020241479.csv,data/raw/mufap/pkrv/PKRV111020241479.csv,csv,3f550f0ca4cfdd132b82fd5f464cc417a78e566804133003150c1e1b187f6c7c,332,SUCCESS,observation_date=2024-10-11; selection_basis=AUTO_READY; content_type=application/octet-stream
PKRV,MUFAP,MUFAP current pricing API approved acquisition plan,https://www.mufap.com.pk/Upload/WebDoc/IndustryStatictics/PKRV141020241609.csv,2026-09-29T18:46:25+00:00,PKRV141020241609.csv,data/raw/mufap/pkrv/PKRV141020241609.csv,csv,54228a4c8874ef5a97f841bf6f93843f748a19a00f0cf6a409382fb920b55288,333,SUCCESS,observation_date=2024-10-14; selection_basis=AUTO_READY; content_type=application/octet-stream
PKRV,MUFAP,MUFAP current pricing API approved acquisition plan,https://www.mufap.com.pk/Upload/WebDoc/IndustryStatictics/PKRV151020241679.csv,2026-09-29T18:46:25+00:00,PKRV151020241679.csv,data/raw/mufap/pkrv/PKRV151020241679.csv,csv,d0c03268fb8c8413fc7cb708b158c36817d52d17f1c36fc7c0872fd988876b3b,335,SUCCESS,observation_date=2024-10-15; selection_basis=AUTO_READY; content_type=application/octet-stream
PKRV,MUFAP,MUFAP current pricing API approved acquisition plan,https://www.mufap.com.pk/Upload/WebDoc/IndustryStatictics/PKRV161020241685.csv,2026-09-29T18:46:25+00:00,PKRV161020241685.csv,data/raw/mufap/pkrv/PKRV161020241685.csv,csv,0372d717e2c120aab217bb107e31683e0089122a71087393781c63a5177fc44b,335,SUCCESS,observation_date=2024-10-16; selection_basis=AUTO_READY; content_type=application/octet-stream
PKRV,MUFAP,MUFAP current pricing API approved acquisition plan,https://www.mufap.com.pk/Upload/WebDoc/IndustryStatictics/PKRV171020241788.csv,2026-09-29T18:46:25+00:00,PKRV171020241788.csv,data/raw/mufap/pkrv/PKRV171020241788.csv,csv,a55e57e77a054bec4819b44e83c4599a842eb7a361895c6f0abd7fec3edc4b25,334,SUCCESS,observation_date=2024-10-17; selection_basis=AUTO_READY; content_type=application/octet-stream
PKRV,MUFAP,MUFAP current pricing API approved acquisition plan,https://www.mufap.com.pk/Upload/WebDoc/IndustryStatictics/PKRV181020241797.csv,2026-09-29T18:46:25+00:00,PKRV181020241797.csv,data/raw/mufap/pkrv/PKRV181020241797.csv,csv,c8dd82eaa4140cc034edf5aa3c7790556219edbbdcbe1c89a035652d254caf76,339,SUCCESS,observation_date=2024-10-18; selection_basis=AUTO_READY; content_type=application/octet-stream
PKRV,MUFAP,MUFAP current pricing API approved acquisition plan,https://www.mufap.com.pk/Upload/WebDoc/IndustryStatictics/PKRV211020241841.csv,2026-09-29T18:46:26+00:00,PKRV211020241841.csv,data/raw/mufap/pkrv/PKRV211020241841.csv,csv,2d5a514911df7ef6420a51d45247e1289f278d82e2463d523a53965b6085dfd3,331,SUCCESS,observation_date=2024-10-21; selection_basis=AUTO_READY; content_type=application/octet-stream
PKRV,MUFAP,MUFAP current pricing API approved acquisition plan,https://www.mufap.com.pk/Upload/WebDoc/IndustryStatictics/PKRV221020241847.csv,2026-09-29T18:46:26+00:00,PKRV221020241847.csv,data/raw/mufap/pkrv/PKRV221020241847.csv,csv,d04cca840a4b8af30e2fdf00f48249960e22e47a9f08b6b7ff3fbac8ad6062ba,338,SUCCESS,observation_date=2024-10-22; selection_basis=AUTO_READY; content_type=application/octet-stream
PKRV,MUFAP,MUFAP current pricing API approved acquisition plan,https://www.mufap.com.pk/Upload/WebDoc/IndustryStatictics/PKRV231020241853.csv,2026-09-29T18:46:26+00:00,PKRV231020241853.csv,data/raw/mufap/pkrv/PKRV231020241853.csv,csv,b2b61a550d92500696b1bb8621e94e1fbcb83519e9cd88852432fd182e8de730,345,SUCCESS,observation_date=2024-10-23; selection_basis=AUTO_READY; content_type=application/octet-stream
PKRV,MUFAP,MUFAP current pricing API approved acquisition plan,https://www.mufap.com.pk/Upload/WebDoc/IndustryStatictics/PKRV241020241858.csv,2026-09-29T18:46:26+00:00,PKRV241020241858.csv,data/raw/mufap/pkrv/PKRV241020241858.csv,csv,b7e5707fffd0ec4a4c30e965a46a1804a1f9f15843cdc8b756bffd7a18314d63,345,SUCCESS,observation_date=2024-10-24; selection_basis=AUTO_READY; content_type=application/octet-stream
PKRV,MUFAP,MUFAP current pricing API approved acquisition plan,https://www.mufap.com.pk/Upload/WebDoc/IndustryStatictics/PKRV251020241863.csv,2026-09-29T18:46:26+00:00,PKRV251020241863.csv,data/raw/mufap/pkrv/PKRV251020241863.csv,csv,cda9df032aaecec725567275018f374501c0625cfc03c5a3b1349cacb0e15290,343,SUCCESS,observation_date=2024-10-25; selection_basis=AUTO_READY; content_type=application/octet-stream
PKRV,MUFAP,MUFAP current pricing API approved acquisition plan,https://www.mufap.com.pk/Upload/WebDoc/IndustryStatictics/PKRV281020241869.csv,2026-09-29T18:46:26+00:00,PKRV281020241869.csv,data/raw/mufap/pkrv/PKRV281020241869.csv,csv,7f35937018b72027a72469f2bcc31bdff2c076391985fbbeb4ceded4975a9e5b,345,SUCCESS,observation_date=2024-10-28; selection_basis=AUTO_READY; content_type=application/octet-stream
PKRV,MUFAP,MUFAP current pricing API approved acquisition plan,https://www.mufap.com.pk/Upload/WebDoc/IndustryStatictics/PKRV291020241876.csv,2026-09-29T18:46:26+00:00,PKRV291020241876.csv,data/raw/mufap/pkrv/PKRV291020241876.csv,csv,5fd7eff0e985284110daa4aec745ee8377ba30ded8bae5bb02f6c6fe7f197f0d,336,SUCCESS,observation_date=2024-10-29; selection_basis=AUTO_READY; content_type=application/octet-stream
PKRV,MUFAP,MUFAP current pricing API approved acquisition plan,https://www.mufap.com.pk/Upload/WebDoc/IndustryStatictics/PKRV301020241882.csv,2026-09-29T18:46:27+00:00,PKRV301020241882.csv,data/raw/mufap/pkrv/PKRV301020241882.csv,csv,549a321006d14d14e9d6721fb1f048b58e8341db12c5ae6b42fb7608618188af,338,SUCCESS,observation_date=2024-10-30; selection_basis=AUTO_READY; content_type=application/octet-stream
PKRV,MUFAP,MUFAP current pricing API approved acquisition plan,https://www.mufap.com.pk/Upload/WebDoc/IndustryStatictics/PKRV311020241886.csv,2026-09-29T18:46:27+00:00,PKRV311020241886.csv,data/raw/mufap/pkrv/PKRV311020241886.csv,csv,ee18a1caa63775f8c5ee2972dac41e0f2378c1c85d0f0a2ffcde2734f1613686,344,SUCCESS,observation_date=2024-10-31; selection_basis=AUTO_READY; content_type=application/octet-stream
PKRV,MUFAP,MUFAP current pricing API approved acquisition plan,https://www.mufap.com.pk/Upload/WebDoc/IndustryStatictics/PKRV011120241892.csv,2026-09-29T18:46:27+00:00,PKRV011120241892.csv,data/raw/mufap/pkrv/PKRV011120241892.csv,csv,a56dd9ef662cbe14803f7763469b38ff60c20882c9c483466acee7269f52a687,338,SUCCESS,observation_date=2024-11-01; selection_basis=AUTO_READY; content_type=application/octet-stream
PKRV,MUFAP,MUFAP current pricing API approved acquisition plan,https://www.mufap.com.pk/Upload/WebDoc/IndustryStatictics/PKRV041120241896.csv,2026-09-29T18:46:27+00:00,PKRV041120241896.csv,data/raw/mufap/pkrv/PKRV041120241896.csv,csv,f8e4e237791d5eb2232081d2659402a30b9276e5a98103e337cd3b43c9bbdd66,331,SUCCESS,observation_date=2024-11-04; selection_basis=AUTO_READY; content_type=application/octet-stream
PKRV,MUFAP,MUFAP current pricing API approved acquisition plan,https://www.mufap.com.pk/Upload/WebDoc/IndustryStatictics/PKRV051120242005.csv,2026-09-29T18:46:27+00:00,PKRV051120242005.csv,data/raw/mufap/pkrv/PKRV051120242005.csv,csv,2909baee9ff41797ad0ae154b853912c12d5ab1a5e84d1843cf55d35adeb62b6,333,SUCCESS,observation_date=2024-11-05; selection_basis=AUTO_READY; content_type=application/octet-stream
PKRV,MUFAP,MUFAP current pricing API approved acquisition plan,https://www.mufap.com.pk/Upload/WebDoc/IndustryStatictics/PKRV061120242031.csv,2026-09-29T18:46:27+00:00,PKRV061120242031.csv,data/raw/mufap/pkrv/PKRV061120242031.csv,csv,a4feefb0f98e19e4312a25cea9a167a6751ad792f8ad48397aa3e5b38cefebf7,328,SUCCESS,observation_date=2024-11-06; selection_basis=AUTO_READY; content_type=application/octet-stream
PKRV,MUFAP,MUFAP current pricing API approved acquisition plan,https://www.mufap.com.pk/Upload/WebDoc/IndustryStatictics/PKRV071120242036.csv,2026-09-29T18:46:27+00:00,PKRV071120242036.csv,data/raw/mufap/pkrv/PKRV071120242036.csv,csv,912f2c85c37232abbcf6012db4442dbcd4a7f7f08bbeab72b82bd6c2b71ea91d,328,SUCCESS,observation_date=2024-11-07; selection_basis=AUTO_READY; content_type=application/octet-stream
PKRV,MUFAP,MUFAP current pricing API approved acquisition plan,https://www.mufap.com.pk/Upload/WebDoc/IndustryStatictics/PKRV081120242163.csv,2026-09-29T18:46:28+00:00,PKRV081120242163.csv,data/raw/mufap/pkrv/PKRV081120242163.csv,csv,8f6dec44bee14ba95637d8f7bf2e533608a58a06eb39fc7fc80e10528f833d40,336,SUCCESS,observation_date=2024-11-08; selection_basis=AUTO_READY; content_type=application/octet-stream
PKRV,MUFAP,MUFAP current pricing API approved acquisition plan,https://www.mufap.com.pk/Upload/WebDoc/IndustryStatictics/PKRV111120242171.csv,2026-09-29T18:46:28+00:00,PKRV111120242171.csv,data/raw/mufap/pkrv/PKRV111120242171.csv,csv,1a9666037699d95d707bde5ddb9d7362ffc4172eeb53996ed05be4f40ae42b1a,336,SUCCESS,observation_date=2024-11-11; selection_basis=AUTO_READY; content_type=application/octet-stream
PKRV,MUFAP,MUFAP current pricing API approved acquisition plan,https://www.mufap.com.pk/Upload/WebDoc/IndustryStatictics/PKRV121120242175.csv,2026-09-29T18:46:28+00:00,PKRV121120242175.csv,data/raw/mufap/pkrv/PKRV121120242175.csv,csv,47f549db7ac85be9b3de0de076bb7bf39f032e8016b16d0e25edaf9bfde10810,329,SUCCESS,observation_date=2024-11-12; selection_basis=AUTO_READY; content_type=application/octet-stream
PKRV,MUFAP,MUFAP current pricing API approved acquisition plan,https://www.mufap.com.pk/Upload/WebDoc/IndustryStatictics/PKRV131120242180.csv,2026-09-29T18:46:28+00:00,PKRV131120242180.csv,data/raw/mufap/pkrv/PKRV131120242180.csv,csv,a819139d93e6a52a47b570b8bc9751d0180a4ac491bd1e0872395420c66ebb29,334,SUCCESS,observation_date=2024-11-13; selection_basis=AUTO_READY; content_type=application/octet-stream
PKRV,MUFAP,MUFAP current pricing API approved acquisition plan,https://www.mufap.com.pk/Upload/WebDoc/IndustryStatictics/PKRV141120242188.csv,2026-09-29T18:46:28+00:00,PKRV141120242188.csv,data/raw/mufap/pkrv/PKRV141120242188.csv,csv,9f06c1de30a7ef34525c26978fa819e67d5d29bc441001afc427daa518540436,328,SUCCESS,observation_date=2024-11-14; selection_basis=AUTO_READY; content_type=application/octet-stream
PKRV,MUFAP,MUFAP current pricing API approved acquisition plan,https://www.mufap.com.pk/Upload/WebDoc/IndustryStatictics/PKRV151120242193.csv,2026-09-29T18:46:28+00:00,PKRV151120242193.csv,data/raw/mufap/pkrv/PKRV151120242193.csv,csv,2df93be465282f71f1d71687329db4c833c5ec0817f929243aa33777989dac7a,328,SUCCESS,observation_date=2024-11-15; selection_basis=AUTO_READY; content_type=application/octet-stream
PKRV,MUFAP,MUFAP current pricing API approved acquisition plan,https://www.mufap.com.pk/Upload/WebDoc/IndustryStatictics/PKRV181120242199.csv,2026-09-29T18:46:29+00:00,PKRV181120242199.csv,data/raw/mufap/pkrv/PKRV181120242199.csv,csv,c707f37f0fc991f336722cd795a295fbabe2c9eff2842dac040b6f66d17fec0f,332,SUCCESS,observation_date=2024-11-18; selection_basis=AUTO_READY; content_type=application/octet-stream
PKRV,MUFAP,MUFAP current pricing API approved acquisition plan,https://www.mufap.com.pk/Upload/WebDoc/IndustryStatictics/PKRV191120242205.csv,2026-09-29T18:46:29+00:00,PKRV191120242205.csv,data/raw/mufap/pkrv/PKRV191120242205.csv,csv,a6650d99e19ca2c3871dfbf3a36eecccef1eda208aac38eef5d3aa3445a86524,329,SUCCESS,observation_date=2024-11-19; selection_basis=AUTO_READY; content_type=application/octet-stream
PKRV,MUFAP,MUFAP current pricing API approved acquisition plan,https://www.mufap.com.pk/Upload/WebDoc/IndustryStatictics/PKRV201120242211.csv,2026-09-29T18:46:29+00:00,PKRV201120242211.csv,data/raw/mufap/pkrv/PKRV201120242211.csv,csv,52886928372817b3c4031c21aa4a63110e7060f600d6d579e6af8e686fe5783b,333,SUCCESS,observation_date=2024-11-20; selection_basis=AUTO_READY; content_type=application/octet-stream
PKRV,MUFAP,MUFAP current pricing API approved acquisition plan,https://www.mufap.com.pk/Upload/WebDoc/IndustryStatictics/PKRV211120242235.csv,2026-09-29T18:46:29+00:00,PKRV211120242235.csv,data/raw/mufap/pkrv/PKRV211120242235.csv,csv,4dcb52992b7e71ebcef4b84e102c37333f6090546c38679db9f2d8c06776ea46,332,SUCCESS,observation_date=2024-11-21; selection_basis=AUTO_READY; content_type=application/octet-stream
PKRV,MUFAP,MUFAP current pricing API approved acquisition plan,https://www.mufap.com.pk/Upload/WebDoc/IndustryStatictics/PKRV221120242426.csv,2026-09-29T18:46:29+00:00,PKRV221120242426.csv,data/raw/mufap/pkrv/PKRV221120242426.csv,csv,a83a75809616a40e957c2df5f6b2d003d722b1b9eba279aff5ad5e0ac2f738af,344,SUCCESS,observation_date=2024-11-22; selection_basis=AUTO_READY; content_type=application/octet-stream
PKRV,MUFAP,MUFAP current pricing API approved acquisition plan,https://www.mufap.com.pk/Upload/WebDoc/IndustryStatictics/PKRV251120242535.csv,2026-09-29T18:46:29+00:00,PKRV251120242535.csv,data/raw/mufap/pkrv/PKRV251120242535.csv,csv,c6b3a77d32d5639050373908e57f3810d60522c850cfa392b28a647ef6656166,343,SUCCESS,observation_date=2024-11-25; selection_basis=AUTO_READY; content_type=application/octet-stream
PKRV,MUFAP,MUFAP current pricing API approved acquisition plan,https://www.mufap.com.pk/Upload/WebDoc/IndustryStatictics/PKRV261120242599.csv,2026-09-29T18:46:29+00:00,PKRV261120242599.csv,data/raw/mufap/pkrv/PKRV261120242599.csv,csv,e937980a8c3354fafd827abc5becd61e8af64165a29a18626338a6dbb93d816c,344,SUCCESS,observation_date=2024-11-26; selection_basis=AUTO_READY; content_type=application/octet-stream
PKRV,MUFAP,MUFAP current pricing API approved acquisition plan,https://www.mufap.com.pk/Upload/WebDoc/IndustryStatictics/PKRV271120242792.csv,2026-09-29T18:46:30+00:00,PKRV271120242792.csv,data/raw/mufap/pkrv/PKRV271120242792.csv,csv,7ea6330022318e7d903317220a907342e3bc6143f7413a959b3bedc4976d4db1,334,SUCCESS,observation_date=2024-11-27; selection_basis=AUTO_READY; content_type=application/octet-stream
PKRV,MUFAP,MUFAP current pricing API approved acquisition plan,https://www.mufap.com.pk/Upload/WebDoc/IndustryStatictics/PKRV281120242813.csv,2026-09-29T18:46:30+00:00,PKRV281120242813.csv,data/raw/mufap/pkrv/PKRV281120242813.csv,csv,df0edfa8a55977eeefeca403fdb921b25559546837d3bb91641c2336012e303b,346,SUCCESS,observation_date=2024-11-28; selection_basis=AUTO_READY; content_type=application/octet-stream
PKRV,MUFAP,MUFAP current pricing API approved acquisition plan,https://www.mufap.com.pk/Upload/WebDoc/IndustryStatictics/PKRV291120242907.csv,2026-09-29T18:46:30+00:00,PKRV291120242907.csv,data/raw/mufap/pkrv/PKRV291120242907.csv,csv,c040264ac9b24d2bfe8056ee42a9d45fa9e266ea3fb66b6b834caf70d255f63d,345,SUCCESS,observation_date=2024-11-29; selection_basis=AUTO_READY; content_type=application/octet-stream
PKRV,MUFAP,MUFAP current pricing API approved acquisition plan,https://www.mufap.com.pk/Upload/WebDoc/IndustryStatictics/PKRV021220242913.csv,2026-09-29T18:46:30+00:00,PKRV021220242913.csv,data/raw/mufap/pkrv/PKRV021220242913.csv,csv,10e5dc7d103965626429fe4554ffd9b45e88aaaafe1a206999c670116421e109,328,SUCCESS,observation_date=2024-12-02; selection_basis=AUTO_READY; content_type=application/octet-stream
PKRV,MUFAP,MUFAP current pricing API approved acquisition plan,https://www.mufap.com.pk/Upload/WebDoc/IndustryStatictics/PKRV031220242917.csv,2026-09-29T18:46:30+00:00,PKRV031220242917.csv,data/raw/mufap/pkrv/PKRV031220242917.csv,csv,bf8ecd2cdb9028b2adba245f63438c456de308c565deefcb810b80b7d77e58da,327,SUCCESS,observation_date=2024-12-03; selection_basis=AUTO_READY; content_type=application/octet-stream
PKRV,MUFAP,MUFAP current pricing API approved acquisition plan,https://www.mufap.com.pk/Upload/WebDoc/IndustryStatictics/PKRV041220242921.csv,2026-09-29T18:46:30+00:00,PKRV041220242921.csv,data/raw/mufap/pkrv/PKRV041220242921.csv,csv,4037362bd6206db92f457bc6233f22ecc4da15c0fd8f8ee9de0146b0789bea40,327,SUCCESS,observation_date=2024-12-04; selection_basis=AUTO_READY; content_type=application/octet-stream
PKRV,MUFAP,MUFAP current pricing API approved acquisition plan,https://www.mufap.com.pk/Upload/WebDoc/IndustryStatictics/PKRV051220242945.csv,2026-09-29T18:46:30+00:00,PKRV051220242945.csv,data/raw/mufap/pkrv/PKRV051220242945.csv,csv,44d2a4145327d99c7ddd54180c64ca1811fc9e3adb960dbd80015fdb739a12d9,331,SUCCESS,observation_date=2024-12-05; selection_basis=AUTO_READY; content_type=application/octet-stream
PKRV,MUFAP,MUFAP current pricing API approved acquisition plan,https://www.mufap.com.pk/Upload/WebDoc/IndustryStatictics/PKRV061220242950.csv,2026-09-29T18:46:31+00:00,PKRV061220242950.csv,data/raw/mufap/pkrv/PKRV061220242950.csv,csv,a9ab158e6d4a528ba7381f7aaf6d2f145b10d8ab00c23187b384f49919d7a4ae,341,SUCCESS,observation_date=2024-12-06; selection_basis=AUTO_READY; content_type=application/octet-stream
PKRV,MUFAP,MUFAP current pricing API approved acquisition plan,https://www.mufap.com.pk/Upload/WebDoc/IndustryStatictics/PKRV091220242966.csv,2026-09-29T18:46:31+00:00,PKRV091220242966.csv,data/raw/mufap/pkrv/PKRV091220242966.csv,csv,fbb03eaa0ddfd28c501e4a98afc8dbc79c745b2c30f72da5569d907b2f3c8943,340,SUCCESS,observation_date=2024-12-09; selection_basis=AUTO_READY; content_type=application/octet-stream
PKRV,MUFAP,MUFAP current pricing API approved acquisition plan,https://www.mufap.com.pk/Upload/WebDoc/IndustryStatictics/PKRV101220242972.csv,2026-09-29T18:46:31+00:00,PKRV101220242972.csv,data/raw/mufap/pkrv/PKRV101220242972.csv,csv,d7f4462bac883b126af298a10d849ed316f7052d53ab998ee0a14a2986563ed9,341,SUCCESS,observation_date=2024-12-10; selection_basis=AUTO_READY; content_type=application/octet-stream
PKRV,MUFAP,MUFAP current pricing API approved acquisition plan,https://www.mufap.com.pk/Upload/WebDoc/IndustryStatictics/PKRV111220242976.csv,2026-09-29T18:46:31+00:00,PKRV111220242976.csv,data/raw/mufap/pkrv/PKRV111220242976.csv,csv,5f3606a25ea4ce99071252ede36d1bafe502a0b4fd968d7982c3b7e487294cab,340,SUCCESS,observation_date=2024-12-11; selection_basis=AUTO_READY; content_type=application/octet-stream
PKRV,MUFAP,MUFAP current pricing API approved acquisition plan,https://www.mufap.com.pk/Upload/WebDoc/IndustryStatictics/PKRV121220242994.csv,2026-09-29T18:46:31+00:00,PKRV121220242994.csv,data/raw/mufap/pkrv/PKRV121220242994.csv,csv,dd0e4ada39a3da9393691a70a45e3e0f74bfe12ea449144a5a7f0b92714c461a,331,SUCCESS,observation_date=2024-12-12; selection_basis=AUTO_READY; content_type=application/octet-stream
PKRV,MUFAP,MUFAP current pricing API approved acquisition plan,https://www.mufap.com.pk/Upload/WebDoc/IndustryStatictics/PKRV131220243012.csv,2026-09-29T18:46:31+00:00,PKRV131220243012.csv,data/raw/mufap/pkrv/PKRV131220243012.csv,csv,f6889b4ac46da1b162c1690f4d0521562ebfb17b54c357d80145512a47bf8b6d,339,SUCCESS,observation_date=2024-12-13; selection_basis=AUTO_READY; content_type=application/octet-stream
PKRV,MUFAP,MUFAP current pricing API approved acquisition plan,https://www.mufap.com.pk/Upload/WebDoc/IndustryStatictics/PKRV161220243017.csv,2026-09-29T18:46:31+00:00,PKRV161220243017.csv,data/raw/mufap/pkrv/PKRV161220243017.csv,csv,8e98bd2ab5e6527b3f6fc46ac8a99ba24881310abacf8a2f27c4f8118f4cc827,341,SUCCESS,observation_date=2024-12-16; selection_basis=AUTO_READY; content_type=application/octet-stream
PKRV,MUFAP,MUFAP current pricing API approved acquisition plan,https://www.mufap.com.pk/Upload/WebDoc/IndustryStatictics/PKRV171220243024.csv,2026-09-29T18:46:32+00:00,PKRV171220243024.csv,data/raw/mufap/pkrv/PKRV171220243024.csv,csv,8c7180ccc13609eea8a4d18f61450918610537aeb3b070ba7d5c3a0d7240df7a,328,SUCCESS,observation_date=2024-12-17; selection_basis=AUTO_READY; content_type=application/octet-stream
PKRV,MUFAP,MUFAP current pricing API approved acquisition plan,https://www.mufap.com.pk/Upload/WebDoc/IndustryStatictics/PKRV181220243030.csv,2026-09-29T18:46:32+00:00,PKRV181220243030.csv,data/raw/mufap/pkrv/PKRV181220243030.csv,csv,165975695b727274f2967ee3c066c75cfbacc504110d1c6d44f49f1e86e0cd08,335,SUCCESS,observation_date=2024-12-18; selection_basis=AUTO_READY; content_type=application/octet-stream
PKRV,MUFAP,MUFAP current pricing API approved acquisition plan,https://www.mufap.com.pk/Upload/WebDoc/IndustryStatictics/PKRV191220243035.csv,2026-09-29T18:46:32+00:00,PKRV191220243035.csv,data/raw/mufap/pkrv/PKRV191220243035.csv,csv,29080be9435d92b3206a5680c98f1b64479d396fcff3f2a0d9da4b771e87c685,329,SUCCESS,observation_date=2024-12-19; selection_basis=AUTO_READY; content_type=application/octet-stream
PKRV,MUFAP,MUFAP current pricing API approved acquisition plan,https://www.mufap.com.pk/Upload/WebDoc/IndustryStatictics/PKRV201220243040.csv,2026-09-29T18:46:32+00:00,PKRV201220243040.csv,data/raw/mufap/pkrv/PKRV201220243040.csv,csv,281d4cfffce535f6817d4f0a7b210302dce650029e9d331973e82a9eecb1d479,330,SUCCESS,observation_date=2024-12-20; selection_basis=AUTO_READY; content_type=application/octet-stream
PKRV,MUFAP,MUFAP current pricing API approved acquisition plan,https://www.mufap.com.pk/Upload/WebDoc/IndustryStatictics/PKRV231220243045.csv,2026-09-29T18:46:32+00:00,PKRV231220243045.csv,data/raw/mufap/pkrv/PKRV231220243045.csv,csv,341b9e57158fd032fd0a00e3cef2257e35ff8948bb4c9af1a0808bf44d1edee9,328,SUCCESS,observation_date=2024-12-23; selection_basis=AUTO_READY; content_type=application/octet-stream
PKRV,MUFAP,MUFAP current pricing API approved acquisition plan,https://www.mufap.com.pk/Upload/WebDoc/IndustryStatictics/PKRV241220243050.csv,2026-09-29T18:46:32+00:00,PKRV241220243050.csv,data/raw/mufap/pkrv/PKRV241220243050.csv,csv,74a79267cede85007ba6fbe796a1f2e5555639eb0eb5b6b6169b2fa0d1c4fb74,339,SUCCESS,observation_date=2024-12-24; selection_basis=AUTO_READY; content_type=application/octet-stream
PKRV,MUFAP,MUFAP current pricing API approved acquisition plan,https://www.mufap.com.pk/Upload/WebDoc/IndustryStatictics/PKRV261220243055.csv,2026-09-29T18:46:32+00:00,PKRV261220243055.csv,data/raw/mufap/pkrv/PKRV261220243055.csv,csv,00496339a7599b9f0a3b146591e7042b20e1ac2921ab8d5adcb0f399e2aad785,339,SUCCESS,observation_date=2024-12-26; selection_basis=AUTO_READY; content_type=application/octet-stream
PKRV,MUFAP,MUFAP current pricing API approved acquisition plan,https://www.mufap.com.pk/Upload/WebDoc/IndustryStatictics/PKRV271220243060.csv,2026-09-29T18:46:33+00:00,PKRV271220243060.csv,data/raw/mufap/pkrv/PKRV271220243060.csv,csv,dd9d525a21260d8610585124caa62a241e8acf5b29de389136ff696ac810de6f,339,SUCCESS,observation_date=2024-12-27; selection_basis=AUTO_READY; content_type=application/octet-stream
PKRV,MUFAP,MUFAP current pricing API approved acquisition plan,https://www.mufap.com.pk/Upload/WebDoc/IndustryStatictics/PKRV301220243065.csv,2026-09-29T18:46:33+00:00,PKRV301220243065.csv,data/raw/mufap/pkrv/PKRV301220243065.csv,csv,9e1bc8a783c5af3dbd2287d396de9891b0249150f34b73badc252afa1d91d4d5,336,SUCCESS,observation_date=2024-12-30; selection_basis=AUTO_READY; content_type=application/octet-stream
PKRV,MUFAP,MUFAP current pricing API approved acquisition plan,https://www.mufap.com.pk/Upload/WebDoc/IndustryStatictics/PKRV311220243071.csv,2026-09-29T18:46:33+00:00,PKRV311220243071.csv,data/raw/mufap/pkrv/PKRV311220243071.csv,csv,be114dfcdd53c4b0b6292309cf7ec62c929787851843a381a3ed744a07ca5488,340,SUCCESS,observation_date=2024-12-31; selection_basis=AUTO_READY; content_type=application/octet-stream
PKRV,MUFAP,MUFAP current pricing API approved acquisition plan,https://www.mufap.com.pk/Upload/WebDoc/IndustryStatictics/PKRV020120253079.csv,2026-09-29T18:46:33+00:00,PKRV020120253079.csv,data/raw/mufap/pkrv/PKRV020120253079.csv,csv,d7d5394365ba388b122450b395dd47bff79d0eb5f56f306cd508a452e54bcdf6,344,SUCCESS,observation_date=2025-01-02; selection_basis=AUTO_READY; content_type=application/octet-stream
PKRV,MUFAP,MUFAP current pricing API approved acquisition plan,https://www.mufap.com.pk/Upload/WebDoc/IndustryStatictics/PKRV030120253088.csv,2026-09-29T18:46:33+00:00,PKRV030120253088.csv,data/raw/mufap/pkrv/PKRV030120253088.csv,csv,51e6ad2451cc5bf83aecba98f53475215303abe1efac387834e7a1d89f1e4ebe,340,SUCCESS,observation_date=2025-01-03; selection_basis=AUTO_READY; content_type=application/octet-stream
PKRV,MUFAP,MUFAP current pricing API approved acquisition plan,https://www.mufap.com.pk/Upload/WebDoc/IndustryStatictics/PKRV060120253224.csv,2026-09-29T18:46:33+00:00,PKRV060120253224.csv,data/raw/mufap/pkrv/PKRV060120253224.csv,csv,51e6ad2451cc5bf83aecba98f53475215303abe1efac387834e7a1d89f1e4ebe,340,SUCCESS,observation_date=2025-01-06; selection_basis=ANOMALY_RESOLUTION; content_type=application/octet-stream
PKRV,MUFAP,MUFAP current pricing API approved acquisition plan,https://www.mufap.com.pk/Upload/WebDoc/IndustryStatictics/PKRV070120253096.csv,2026-09-29T18:46:33+00:00,PKRV070120253096.csv,data/raw/mufap/pkrv/PKRV070120253096.csv,csv,a613ead76e267371bf98a5190f43c901c7e836c0317c36529f75090352aea620,341,SUCCESS,observation_date=2025-01-07; selection_basis=AUTO_READY; content_type=application/octet-stream
PKRV,MUFAP,MUFAP current pricing API approved acquisition plan,https://www.mufap.com.pk/Upload/WebDoc/IndustryStatictics/PKRV080120253100.csv,2026-09-29T18:46:34+00:00,PKRV080120253100.csv,data/raw/mufap/pkrv/PKRV080120253100.csv,csv,11b6721952a1c9221b0a5d40d4c318b74db37f71c357df51d85609a610fa94e3,342,SUCCESS,observation_date=2025-01-08; selection_basis=AUTO_READY; content_type=application/octet-stream
PKRV,MUFAP,MUFAP current pricing API approved acquisition plan,https://www.mufap.com.pk/Upload/WebDoc/IndustryStatictics/PKRV090120253105.csv,2026-09-29T18:46:34+00:00,PKRV090120253105.csv,data/raw/mufap/pkrv/PKRV090120253105.csv,csv,745c7b65febe487b26dacfdeb77be8ebb8491692886292acba1e2d293e6b381d,346,SUCCESS,observation_date=2025-01-09; selection_basis=AUTO_READY; content_type=application/octet-stream
PKRV,MUFAP,MUFAP current pricing API approved acquisition plan,https://www.mufap.com.pk/Upload/WebDoc/IndustryStatictics/PKRV100120253110.csv,2026-09-29T18:46:34+00:00,PKRV100120253110.csv,data/raw/mufap/pkrv/PKRV100120253110.csv,csv,e52e5f9e86542844a654475dd7e340b776c2b47b17ebd8b8cfb6d7e9a4e5715d,329,SUCCESS,observation_date=2025-01-10; selection_basis=AUTO_READY; content_type=application/octet-stream
PKRV,MUFAP,MUFAP current pricing API approved acquisition plan,https://www.mufap.com.pk/Upload/WebDoc/IndustryStatictics/PKRV130120253115.csv,2026-09-29T18:46:34+00:00,PKRV130120253115.csv,data/raw/mufap/pkrv/PKRV130120253115.csv,csv,f64d1167d463da62661c0921454a80c565a15af08ba677343c4e344091d2f3bc,327,SUCCESS,observation_date=2025-01-13; selection_basis=AUTO_READY; content_type=application/octet-stream
PKRV,MUFAP,MUFAP current pricing API approved acquisition plan,https://www.mufap.com.pk/Upload/WebDoc/IndustryStatictics/PKRV140120253120.csv,2026-09-29T18:46:34+00:00,PKRV140120253120.csv,data/raw/mufap/pkrv/PKRV140120253120.csv,csv,6478fa904d664aa6dae3df2200b05da189bcc53b5d4218f80b3fec07acc718ed,326,SUCCESS,observation_date=2025-01-14; selection_basis=AUTO_READY; content_type=application/octet-stream
PKRV,MUFAP,MUFAP current pricing API approved acquisition plan,https://www.mufap.com.pk/Upload/WebDoc/IndustryStatictics/PKRV150120253125.csv,2026-09-29T18:46:34+00:00,PKRV150120253125.csv,data/raw/mufap/pkrv/PKRV150120253125.csv,csv,f33e6004f344f64effa8b8107c4c72c8dfaa54c18588991e08eab9fdac396192,329,SUCCESS,observation_date=2025-01-15; selection_basis=AUTO_READY; content_type=application/octet-stream
PKRV,MUFAP,MUFAP current pricing API approved acquisition plan,https://www.mufap.com.pk/Upload/WebDoc/IndustryStatictics/PKRV160120253130.csv,2026-09-29T18:46:34+00:00,PKRV160120253130.csv,data/raw/mufap/pkrv/PKRV160120253130.csv,csv,5b2b060ebc34d7a9b626f013a2a693d21556b6a45374e7e40aaaccafd8fc9745,331,SUCCESS,observation_date=2025-01-16; selection_basis=AUTO_READY; content_type=application/octet-stream
PKRV,MUFAP,MUFAP current pricing API approved acquisition plan,https://www.mufap.com.pk/Upload/WebDoc/IndustryStatictics/PKRV170120253135.csv,2026-09-29T18:46:35+00:00,PKRV170120253135.csv,data/raw/mufap/pkrv/PKRV170120253135.csv,csv,61f10db01ccda8558962aed4fd2fcdb77d5d4ef4821dfc0693b304a76b3e1123,333,SUCCESS,observation_date=2025-01-17; selection_basis=AUTO_READY; content_type=application/octet-stream
PKRV,MUFAP,MUFAP current pricing API approved acquisition plan,https://www.mufap.com.pk/Upload/WebDoc/IndustryStatictics/PKRV200120253140.csv,2026-09-29T18:46:35+00:00,PKRV200120253140.csv,data/raw/mufap/pkrv/PKRV200120253140.csv,csv,aea067d956478ff84a9ad6832002929472f476c2b82248700d0159a98825d4cb,336,SUCCESS,observation_date=2025-01-20; selection_basis=AUTO_READY; content_type=application/octet-stream
PKRV,MUFAP,MUFAP current pricing API approved acquisition plan,https://www.mufap.com.pk/Upload/WebDoc/IndustryStatictics/PKRV210120253146.csv,2026-09-29T18:46:35+00:00,PKRV210120253146.csv,data/raw/mufap/pkrv/PKRV210120253146.csv,csv,994da55bbe0740660ed71666686dfabd7316c238143f9638e015ce54bf128e66,338,SUCCESS,observation_date=2025-01-21; selection_basis=AUTO_READY; content_type=application/octet-stream
PKRV,MUFAP,MUFAP current pricing API approved acquisition plan,https://www.mufap.com.pk/Upload/WebDoc/IndustryStatictics/PKRV220120253151.csv,2026-09-29T18:46:35+00:00,PKRV220120253151.csv,data/raw/mufap/pkrv/PKRV220120253151.csv,csv,0198961935af95e61c82cdb30520d2e7af9ba47d0b717dc8fb104ba643d4e13a,337,SUCCESS,observation_date=2025-01-22; selection_basis=AUTO_READY; content_type=application/octet-stream
PKRV,MUFAP,MUFAP current pricing API approved acquisition plan,https://www.mufap.com.pk/Upload/WebDoc/IndustryStatictics/PKRV230120253156.csv,2026-09-29T18:46:35+00:00,PKRV230120253156.csv,data/raw/mufap/pkrv/PKRV230120253156.csv,csv,2fb2682699d0eba7cb8ec0288abdb6dfe29fa2635e74fbfb70111c006dd63cbf,345,SUCCESS,observation_date=2025-01-23; selection_basis=AUTO_READY; content_type=application/octet-stream
PKRV,MUFAP,MUFAP current pricing API approved acquisition plan,https://www.mufap.com.pk/Upload/WebDoc/IndustryStatictics/PKRV240120253162.csv,2026-09-29T18:46:35+00:00,PKRV240120253162.csv,data/raw/mufap/pkrv/PKRV240120253162.csv,csv,b084f7b5b778e51436854b07ad312e67f19d7b79d963980e42780f8739ef4da3,330,SUCCESS,observation_date=2025-01-24; selection_basis=AUTO_READY; content_type=application/octet-stream
PKRV,MUFAP,MUFAP current pricing API approved acquisition plan,https://www.mufap.com.pk/Upload/WebDoc/IndustryStatictics/PKRV270120253167.csv,2026-09-29T18:46:35+00:00,PKRV270120253167.csv,data/raw/mufap/pkrv/PKRV270120253167.csv,csv,dff58abb454557f287924bf7f94d1cad5f09fd4a7997db6b326c660ae880cc6c,333,SUCCESS,observation_date=2025-01-27; selection_basis=AUTO_READY; content_type=application/octet-stream
PKRV,MUFAP,MUFAP current pricing API approved acquisition plan,https://www.mufap.com.pk/Upload/WebDoc/IndustryStatictics/PKRV280120253172.csv,2026-09-29T18:46:36+00:00,PKRV280120253172.csv,data/raw/mufap/pkrv/PKRV280120253172.csv,csv,63588f3b81a48208d4441e6fbd01d1aaa6d5ffbedded5bef39662068d3adb1a4,332,SUCCESS,observation_date=2025-01-28; selection_basis=AUTO_READY; content_type=application/octet-stream
PKRV,MUFAP,MUFAP current pricing API approved acquisition plan,https://www.mufap.com.pk/Upload/WebDoc/IndustryStatictics/PKRV290120253177.csv,2026-09-29T18:46:36+00:00,PKRV290120253177.csv,data/raw/mufap/pkrv/PKRV290120253177.csv,csv,dc20ab3c8869fd3ea164aee7be6098373069a5604a2ff341fd36e55bdfab86d8,336,SUCCESS,observation_date=2025-01-29; selection_basis=AUTO_READY; content_type=application/octet-stream
PKRV,MUFAP,MUFAP current pricing API approved acquisition plan,https://www.mufap.com.pk/Upload/WebDoc/IndustryStatictics/PKRV300120253182.csv,2026-09-29T18:46:36+00:00,PKRV300120253182.csv,data/raw/mufap/pkrv/PKRV300120253182.csv,csv,f02052c1ee86f75d85f3e351f2ca1f4df5fcad0ee0a29413502643cf29a9f8ca,327,SUCCESS,observation_date=2025-01-30; selection_basis=AUTO_READY; content_type=application/octet-stream
PKRV,MUFAP,MUFAP current pricing API approved acquisition plan,https://www.mufap.com.pk/Upload/WebDoc/IndustryStatictics/PKRV310120253187.csv,2026-09-29T18:46:36+00:00,PKRV310120253187.csv,data/raw/mufap/pkrv/PKRV310120253187.csv,csv,41acdbe73b7d07810059f9919d59e4d6becc865b134303123210205d7cbc2d35,330,SUCCESS,observation_date=2025-01-31; selection_basis=AUTO_READY; content_type=application/octet-stream
PKRV,MUFAP,MUFAP current pricing API approved acquisition plan,https://www.mufap.com.pk/Upload/WebDoc/IndustryStatictics/PKRV030220253195.csv,2026-09-29T18:46:36+00:00,PKRV030220253195.csv,data/raw/mufap/pkrv/PKRV030220253195.csv,csv,a84365ed9807436bcf61844aa3e0b472d606638f0cb2580524ad4c9a17821747,339,SUCCESS,observation_date=2025-02-03; selection_basis=AUTO_READY; content_type=application/octet-stream
PKRV,MUFAP,MUFAP current pricing API approved acquisition plan,https://www.mufap.com.pk/Upload/WebDoc/IndustryStatictics/PKRV040220253202.csv,2026-09-29T18:46:36+00:00,PKRV040220253202.csv,data/raw/mufap/pkrv/PKRV040220253202.csv,csv,0975489767cc23749d8ce6ca9af03aeb7a1b425b8de530939cb069c9d107ce82,331,SUCCESS,observation_date=2025-02-04; selection_basis=AUTO_READY; content_type=application/octet-stream
PKRV,MUFAP,MUFAP current pricing API approved acquisition plan,https://www.mufap.com.pk/Upload/WebDoc/IndustryStatictics/PKRV060220253215.csv,2026-09-29T18:46:36+00:00,PKRV060220253215.csv,data/raw/mufap/pkrv/PKRV060220253215.csv,csv,f6d42799a72f88c467a87645eacf6f57eee8de0575b3ae1404d7489ba78c6aa7,329,SUCCESS,observation_date=2025-02-06; selection_basis=AUTO_READY; content_type=application/octet-stream
PKRV,MUFAP,MUFAP current pricing API approved acquisition plan,https://www.mufap.com.pk/Upload/WebDoc/IndustryStatictics/PKRV070220253220.csv,2026-09-29T18:46:37+00:00,PKRV070220253220.csv,data/raw/mufap/pkrv/PKRV070220253220.csv,csv,3a194ca6f80a7c6bf80936995d778561a729542117edee5f2db146b7882e420a,337,SUCCESS,observation_date=2025-02-07; selection_basis=AUTO_READY; content_type=application/octet-stream
PKRV,MUFAP,MUFAP current pricing API approved acquisition plan,https://www.mufap.com.pk/Upload/WebDoc/IndustryStatictics/PKRV100220253225.csv,2026-09-29T18:46:37+00:00,PKRV100220253225.csv,data/raw/mufap/pkrv/PKRV100220253225.csv,csv,5dd4aad99c5ffa6244ed7b62d185ce1dc7e51ccfa623c801671b71f1d1f0902c,338,SUCCESS,observation_date=2025-02-10; selection_basis=AUTO_READY; content_type=application/octet-stream
PKRV,MUFAP,MUFAP current pricing API approved acquisition plan,https://www.mufap.com.pk/Upload/WebDoc/IndustryStatictics/PKRV110220253230.csv,2026-09-29T18:46:37+00:00,PKRV110220253230.csv,data/raw/mufap/pkrv/PKRV110220253230.csv,csv,5a289be6a2ad16b8387a00db23b6a945be201618b2aa81237ab00ef9f007adcf,326,SUCCESS,observation_date=2025-02-11; selection_basis=AUTO_READY; content_type=application/octet-stream
PKRV,MUFAP,MUFAP current pricing API approved acquisition plan,https://www.mufap.com.pk/Upload/WebDoc/IndustryStatictics/PKRV120220253234.csv,2026-09-29T18:46:37+00:00,PKRV120220253234.csv,data/raw/mufap/pkrv/PKRV120220253234.csv,csv,6987cd3827bae3c4e7aa2d7a22b3b57a0f310eb1ac732b8be9f3f436da7812c7,332,SUCCESS,observation_date=2025-02-12; selection_basis=AUTO_READY; content_type=application/octet-stream
PKRV,MUFAP,MUFAP current pricing API approved acquisition plan,https://www.mufap.com.pk/Upload/WebDoc/IndustryStatictics/PKRV130220253238.csv,2026-09-29T18:46:37+00:00,PKRV130220253238.csv,data/raw/mufap/pkrv/PKRV130220253238.csv,csv,2d75c2c05efa6384aca45a8c5061a14110b15b089549c3c2548484908f2114d5,327,SUCCESS,observation_date=2025-02-13; selection_basis=AUTO_READY; content_type=application/octet-stream
PKRV,MUFAP,MUFAP current pricing API approved acquisition plan,https://www.mufap.com.pk/Upload/WebDoc/IndustryStatictics/PKRV140220253242.csv,2026-09-29T18:46:37+00:00,PKRV140220253242.csv,data/raw/mufap/pkrv/PKRV140220253242.csv,csv,3b986057e2d3a495109dab5d6192bb36ca8546783574aabde375e5018625c910,330,SUCCESS,observation_date=2025-02-14; selection_basis=AUTO_READY; content_type=application/octet-stream
PKRV,MUFAP,MUFAP current pricing API approved acquisition plan,https://www.mufap.com.pk/Upload/WebDoc/IndustryStatictics/PKRV170220253246.csv,2026-09-29T18:46:38+00:00,PKRV170220253246.csv,data/raw/mufap/pkrv/PKRV170220253246.csv,csv,ad83082000198d96e744376cfc9f20ef82624d812aff3f5a27a42fd9fef80a24,332,SUCCESS,observation_date=2025-02-17; selection_basis=AUTO_READY; content_type=application/octet-stream
PKRV,MUFAP,MUFAP current pricing API approved acquisition plan,https://www.mufap.com.pk/Upload/WebDoc/IndustryStatictics/PKRV180220253250.csv,2026-09-29T18:46:38+00:00,PKRV180220253250.csv,data/raw/mufap/pkrv/PKRV180220253250.csv,csv,10ed3e14c83f9ed8d707dbce1718e957f6524c31e2b193562c5336b7785742eb,328,SUCCESS,observation_date=2025-02-18; selection_basis=AUTO_READY; content_type=application/octet-stream
PKRV,MUFAP,MUFAP current pricing API approved acquisition plan,https://www.mufap.com.pk/Upload/WebDoc/IndustryStatictics/PKRV190220253254.csv,2026-09-29T18:46:38+00:00,PKRV190220253254.csv,data/raw/mufap/pkrv/PKRV190220253254.csv,csv,50fc2eb1522d4b1f1c9d26265561b56b73cf350d3817629e31f68937d2508ddf,338,SUCCESS,observation_date=2025-02-19; selection_basis=AUTO_READY; content_type=application/octet-stream
PKRV,MUFAP,MUFAP current pricing API approved acquisition plan,https://www.mufap.com.pk/Upload/WebDoc/IndustryStatictics/PKRV200220253260.csv,2026-09-29T18:46:38+00:00,PKRV200220253260.csv,data/raw/mufap/pkrv/PKRV200220253260.csv,csv,d40639ac69da26df1cb2c5af5b026f9e344daf92b30f25f7f312dfceb6ee55a4,339,SUCCESS,observation_date=2025-02-20; selection_basis=AUTO_READY; content_type=application/octet-stream
PKRV,MUFAP,MUFAP current pricing API approved acquisition plan,https://www.mufap.com.pk/Upload/WebDoc/IndustryStatictics/PKRV210220253266.csv,2026-09-29T18:46:38+00:00,PKRV210220253266.csv,data/raw/mufap/pkrv/PKRV210220253266.csv,csv,8a2384940bb1dc3d1903de61643f044a24b07132ed185c297bcb67b1353449d0,331,SUCCESS,observation_date=2025-02-21; selection_basis=AUTO_READY; content_type=application/octet-stream
PKRV,MUFAP,MUFAP current pricing API approved acquisition plan,https://www.mufap.com.pk/Upload/WebDoc/IndustryStatictics/PKRV240220253271.csv,2026-09-29T18:46:38+00:00,PKRV240220253271.csv,data/raw/mufap/pkrv/PKRV240220253271.csv,csv,133c4ca88644011a82e885e3cce5bc5dc4baffb7e8c12ad9f2758d183ae486f4,328,SUCCESS,observation_date=2025-02-24; selection_basis=AUTO_READY; content_type=application/octet-stream
PKRV,MUFAP,MUFAP current pricing API approved acquisition plan,https://www.mufap.com.pk/Upload/WebDoc/IndustryStatictics/PKRV250220253276.csv,2026-09-29T18:46:38+00:00,PKRV250220253276.csv,data/raw/mufap/pkrv/PKRV250220253276.csv,csv,be376ebf361186fbdc3874adf94cadea0dfc757cf9df0f96243d8876369afd33,331,SUCCESS,observation_date=2025-02-25; selection_basis=AUTO_READY; content_type=application/octet-stream
PKRV,MUFAP,MUFAP current pricing API approved acquisition plan,https://www.mufap.com.pk/Upload/WebDoc/IndustryStatictics/PKRV260220253281.csv,2026-09-29T18:46:39+00:00,PKRV260220253281.csv,data/raw/mufap/pkrv/PKRV260220253281.csv,csv,fef66a06f3e1b4aefdd85cad788c394567555ddd85cea16bc112d6ef321526bd,335,SUCCESS,observation_date=2025-02-26; selection_basis=AUTO_READY; content_type=application/octet-stream
PKRV,MUFAP,MUFAP current pricing API approved acquisition plan,https://www.mufap.com.pk/Upload/WebDoc/IndustryStatictics/PKRV270220253286.csv,2026-09-29T18:46:39+00:00,PKRV270220253286.csv,data/raw/mufap/pkrv/PKRV270220253286.csv,csv,ee51414bd16ecf613e7324efae97553c9064c041687402f1b85890730da93cff,327,SUCCESS,observation_date=2025-02-27; selection_basis=AUTO_READY; content_type=application/octet-stream
PKRV,MUFAP,MUFAP current pricing API approved acquisition plan,https://www.mufap.com.pk/Upload/WebDoc/IndustryStatictics/PKRV280220253291.csv,2026-09-29T18:46:39+00:00,PKRV280220253291.csv,data/raw/mufap/pkrv/PKRV280220253291.csv,csv,c4f46cb29600897c06bdf07e58d2316a968a8334b9a61299adc696d3e6fba316,328,SUCCESS,observation_date=2025-02-28; selection_basis=AUTO_READY; content_type=application/octet-stream
PKRV,MUFAP,MUFAP current pricing API approved acquisition plan,https://www.mufap.com.pk/Upload/WebDoc/IndustryStatictics/PKRV040320253297.csv,2026-09-29T18:46:39+00:00,PKRV040320253297.csv,data/raw/mufap/pkrv/PKRV040320253297.csv,csv,33e6f28e40e9b549cbbc1a43ecc97074dd161ab2a6040709312bf64ee7e1f1ff,335,SUCCESS,observation_date=2025-03-04; selection_basis=AUTO_READY; content_type=application/octet-stream
PKRV,MUFAP,MUFAP current pricing API approved acquisition plan,https://www.mufap.com.pk/Upload/WebDoc/IndustryStatictics/PKRV050320253306.csv,2026-09-29T18:46:39+00:00,PKRV050320253306.csv,data/raw/mufap/pkrv/PKRV050320253306.csv,csv,38d53f8e2aa10b6a5c2a3d11e426b17b859497cf3d6dc3344519758ca38fe94b,333,SUCCESS,observation_date=2025-03-05; selection_basis=AUTO_READY; content_type=application/octet-stream
PKRV,MUFAP,MUFAP current pricing API approved acquisition plan,https://www.mufap.com.pk/Upload/WebDoc/IndustryStatictics/PKRV060320253311.csv,2026-09-29T18:46:39+00:00,PKRV060320253311.csv,data/raw/mufap/pkrv/PKRV060320253311.csv,csv,752690757d0458169aa0ae3f37f7559e33affe72df459c4c2666b604782a8651,332,SUCCESS,observation_date=2025-03-06; selection_basis=AUTO_READY; content_type=application/octet-stream
PKRV,MUFAP,MUFAP current pricing API approved acquisition plan,https://www.mufap.com.pk/Upload/WebDoc/IndustryStatictics/PKRV070320253319.csv,2026-09-29T18:46:39+00:00,PKRV070320253319.csv,data/raw/mufap/pkrv/PKRV070320253319.csv,csv,9166d1ce9d8f6d98754e56af3aadd2755a6b01a71129c32efadfd3390af0325c,331,SUCCESS,observation_date=2025-03-07; selection_basis=AUTO_READY; content_type=application/octet-stream
PKRV,MUFAP,MUFAP current pricing API approved acquisition plan,https://www.mufap.com.pk/Upload/WebDoc/IndustryStatictics/PKRV100320253322.csv,2026-09-29T18:46:40+00:00,PKRV100320253322.csv,data/raw/mufap/pkrv/PKRV100320253322.csv,csv,bfcdcebe5694b445200afc86a8bc44200062244a0d6dd21f8df0e31df0e8ad73,337,SUCCESS,observation_date=2025-03-10; selection_basis=AUTO_READY; content_type=application/octet-stream
PKRV,MUFAP,MUFAP current pricing API approved acquisition plan,https://www.mufap.com.pk/Upload/WebDoc/IndustryStatictics/PKRV110320253329.csv,2026-09-29T18:46:40+00:00,PKRV110320253329.csv,data/raw/mufap/pkrv/PKRV110320253329.csv,csv,dd635a38b77baf4dd27200290a1dd655cb88722b622ebdde987427bca38c33ef,327,SUCCESS,observation_date=2025-03-11; selection_basis=AUTO_READY; content_type=application/octet-stream
PKRV,MUFAP,MUFAP current pricing API approved acquisition plan,https://www.mufap.com.pk/Upload/WebDoc/IndustryStatictics/PKRV120320253333.csv,2026-09-29T18:46:40+00:00,PKRV120320253333.csv,data/raw/mufap/pkrv/PKRV120320253333.csv,csv,129f31c5e35325f9e59255fb920f49a8747c83d8ffa0357b4824e1bb1b569e9b,334,SUCCESS,observation_date=2025-03-12; selection_basis=AUTO_READY; content_type=application/octet-stream
PKRV,MUFAP,MUFAP current pricing API approved acquisition plan,https://www.mufap.com.pk/Upload/WebDoc/IndustryStatictics/PKRV130320253338.csv,2026-09-29T18:46:40+00:00,PKRV130320253338.csv,data/raw/mufap/pkrv/PKRV130320253338.csv,csv,33af6472190d3629ada725cfdad55f28e608d466901a5e8dcf0335f6cbf3bfdb,339,SUCCESS,observation_date=2025-03-13; selection_basis=AUTO_READY; content_type=application/octet-stream
PKRV,MUFAP,MUFAP current pricing API approved acquisition plan,https://www.mufap.com.pk/Upload/WebDoc/IndustryStatictics/PKRV140320253343.csv,2026-09-29T18:46:40+00:00,PKRV140320253343.csv,data/raw/mufap/pkrv/PKRV140320253343.csv,csv,aa8841a41a83de54b1618307b99337270a51aec026316393c7000ffbaa7082da,336,SUCCESS,observation_date=2025-03-14; selection_basis=AUTO_READY; content_type=application/octet-stream
PKRV,MUFAP,MUFAP current pricing API approved acquisition plan,https://www.mufap.com.pk/Upload/WebDoc/IndustryStatictics/PKRV170320253348.csv,2026-09-29T18:46:40+00:00,PKRV170320253348.csv,data/raw/mufap/pkrv/PKRV170320253348.csv,csv,87b6b40d202066efc9a50b4d3066e46d2aaf67e721c09b973dd02f6e0341ffc3,335,SUCCESS,observation_date=2025-03-17; selection_basis=AUTO_READY; content_type=application/octet-stream
PKRV,MUFAP,MUFAP current pricing API approved acquisition plan,https://www.mufap.com.pk/Upload/WebDoc/IndustryStatictics/PKRV180320253353.csv,2026-09-29T18:46:40+00:00,PKRV180320253353.csv,data/raw/mufap/pkrv/PKRV180320253353.csv,csv,dae7b6d053cb939124b6a3b44e0fa1e2b3758f8c3c0409f31c3d855cd15ee303,334,SUCCESS,observation_date=2025-03-18; selection_basis=AUTO_READY; content_type=application/octet-stream
PKRV,MUFAP,MUFAP current pricing API approved acquisition plan,https://www.mufap.com.pk/Upload/WebDoc/IndustryStatictics/PKRV190320253358.csv,2026-09-29T18:46:41+00:00,PKRV190320253358.csv,data/raw/mufap/pkrv/PKRV190320253358.csv,csv,017a5f1d73c5aef627362e4c96cbe6d9e8c98452eaf1007ac1c608b8fcaafb6c,330,SUCCESS,observation_date=2025-03-19; selection_basis=AUTO_READY; content_type=application/octet-stream
PKRV,MUFAP,MUFAP current pricing API approved acquisition plan,https://www.mufap.com.pk/Upload/WebDoc/IndustryStatictics/PKRV200320253363.csv,2026-09-29T18:46:41+00:00,PKRV200320253363.csv,data/raw/mufap/pkrv/PKRV200320253363.csv,csv,b18fed75996303fe7b3d8502a69d1897e654ee8fdeaf1ba2d1ae34f401802d90,335,SUCCESS,observation_date=2025-03-20; selection_basis=AUTO_READY; content_type=application/octet-stream
PKRV,MUFAP,MUFAP current pricing API approved acquisition plan,https://www.mufap.com.pk/Upload/WebDoc/IndustryStatictics/PKRV210320253369.csv,2026-09-29T18:46:41+00:00,PKRV210320253369.csv,data/raw/mufap/pkrv/PKRV210320253369.csv,csv,7bda1f934b726dd786524b4ee186791b2df96ff51418454fc978a79732468815,328,SUCCESS,observation_date=2025-03-21; selection_basis=AUTO_READY; content_type=application/octet-stream
PKRV,MUFAP,MUFAP current pricing API approved acquisition plan,https://www.mufap.com.pk/Upload/WebDoc/IndustryStatictics/PKRV240320253374.csv,2026-09-29T18:46:41+00:00,PKRV240320253374.csv,data/raw/mufap/pkrv/PKRV240320253374.csv,csv,61479dab870df93a8402ee304cd2d1f785537ba789cfba2951f55381d0afeacd,328,SUCCESS,observation_date=2025-03-24; selection_basis=AUTO_READY; content_type=application/octet-stream
PKRV,MUFAP,MUFAP current pricing API approved acquisition plan,https://www.mufap.com.pk/Upload/WebDoc/IndustryStatictics/PKRV250320253379.csv,2026-09-29T18:46:41+00:00,PKRV250320253379.csv,data/raw/mufap/pkrv/PKRV250320253379.csv,csv,7e2a635f6ae51c1a7a830552dd4aac4dbb912f2b25ed6d3aeaf763fd668fc4f3,330,SUCCESS,observation_date=2025-03-25; selection_basis=AUTO_READY; content_type=application/octet-stream
PKRV,MUFAP,MUFAP current pricing API approved acquisition plan,https://www.mufap.com.pk/Upload/WebDoc/IndustryStatictics/PKRV260320253387.csv,2026-09-29T18:46:41+00:00,PKRV260320253387.csv,data/raw/mufap/pkrv/PKRV260320253387.csv,csv,bf51340b7f94b6d81459b712c2a95542add14eb0bb43f44bf7fc8500eafd0f08,326,SUCCESS,observation_date=2025-03-26; selection_basis=AUTO_READY; content_type=application/octet-stream
PKRV,MUFAP,MUFAP current pricing API approved acquisition plan,https://www.mufap.com.pk/Upload/WebDoc/IndustryStatictics/PKRV270320253392.csv,2026-09-29T18:46:41+00:00,PKRV270320253392.csv,data/raw/mufap/pkrv/PKRV270320253392.csv,csv,9adb39dc1d045a7fd03fd3e4dcca9d6c0f4ee5e7dce28f4cddd43af9b96211e8,326,SUCCESS,observation_date=2025-03-27; selection_basis=AUTO_READY; content_type=application/octet-stream
PKRV,MUFAP,MUFAP current pricing API approved acquisition plan,https://www.mufap.com.pk/Upload/WebDoc/IndustryStatictics/PKRV280320253397.csv,2026-09-29T18:46:42+00:00,PKRV280320253397.csv,data/raw/mufap/pkrv/PKRV280320253397.csv,csv,d77912ce4de08a8b08bb554a03cbe1851ba0bf6226184b70177142150d078b8a,335,SUCCESS,observation_date=2025-03-28; selection_basis=AUTO_READY; content_type=application/octet-stream
PKRV,MUFAP,MUFAP current pricing API approved acquisition plan,https://www.mufap.com.pk/Upload/WebDoc/IndustryStatictics/PKRV030420253402.csv,2026-09-29T18:46:42+00:00,PKRV030420253402.csv,data/raw/mufap/pkrv/PKRV030420253402.csv,csv,1984a2451df5239d47c0cd0a4bd381515615cb92c3db8c23ce345b83d0a4852a,335,SUCCESS,observation_date=2025-04-03; selection_basis=AUTO_READY; content_type=application/octet-stream
PKRV,MUFAP,MUFAP current pricing API approved acquisition plan,https://www.mufap.com.pk/Upload/WebDoc/IndustryStatictics/PKRV040420253406.csv,2026-09-29T18:46:42+00:00,PKRV040420253406.csv,data/raw/mufap/pkrv/PKRV040420253406.csv,csv,5323851ab130d9f35be822ed4e4c7ad0eb2b26aa42c96db890dda871171010d2,338,SUCCESS,observation_date=2025-04-04; selection_basis=AUTO_READY; content_type=application/octet-stream
PKRV,MUFAP,MUFAP current pricing API approved acquisition plan,https://www.mufap.com.pk/Upload/WebDoc/IndustryStatictics/PKRV070420253412.csv,2026-09-29T18:46:42+00:00,PKRV070420253412.csv,data/raw/mufap/pkrv/PKRV070420253412.csv,csv,d31a1df7fd805e55880cb2117b764002fc50d89d9fd3b408185054045c2b053b,340,SUCCESS,observation_date=2025-04-07; selection_basis=AUTO_READY; content_type=application/octet-stream
PKRV,MUFAP,MUFAP current pricing API approved acquisition plan,https://www.mufap.com.pk/Upload/WebDoc/IndustryStatictics/PKRV080420253420.csv,2026-09-29T18:46:42+00:00,PKRV080420253420.csv,data/raw/mufap/pkrv/PKRV080420253420.csv,csv,94ffbb15da0e5b175ff552e07be20bdeaf9409740657476155bbfa2cac4d0ee5,334,SUCCESS,observation_date=2025-04-08; selection_basis=AUTO_READY; content_type=application/octet-stream
PKRV,MUFAP,MUFAP current pricing API approved acquisition plan,https://www.mufap.com.pk/Upload/WebDoc/IndustryStatictics/PKRV090420253423.csv,2026-09-29T18:46:42+00:00,PKRV090420253423.csv,data/raw/mufap/pkrv/PKRV090420253423.csv,csv,ef12f1c73f76ba07d2e040a91d644f027dcbba047572b461dcbfa4e940a28322,343,SUCCESS,observation_date=2025-04-09; selection_basis=AUTO_READY; content_type=application/octet-stream
PKRV,MUFAP,MUFAP current pricing API approved acquisition plan,https://www.mufap.com.pk/Upload/WebDoc/IndustryStatictics/PKRV100420253427.csv,2026-09-29T18:46:42+00:00,PKRV100420253427.csv,data/raw/mufap/pkrv/PKRV100420253427.csv,csv,c7b04993920bd8692dd3e3912aa76e843e4c7e28eb1a6178459c4c38f820345b,331,SUCCESS,observation_date=2025-04-10; selection_basis=AUTO_READY; content_type=application/octet-stream
PKRV,MUFAP,MUFAP current pricing API approved acquisition plan,https://www.mufap.com.pk/Upload/WebDoc/IndustryStatictics/PKRV110420253431.csv,2026-09-29T18:46:43+00:00,PKRV110420253431.csv,data/raw/mufap/pkrv/PKRV110420253431.csv,csv,76cefd98835c10120f4c6bcffaa3e0554fbe3e0d949321e623e78d07bc68a84c,334,SUCCESS,observation_date=2025-04-11; selection_basis=AUTO_READY; content_type=application/octet-stream
PKRV,MUFAP,MUFAP current pricing API approved acquisition plan,https://www.mufap.com.pk/Upload/WebDoc/IndustryStatictics/PKRV1404202513435.csv,2026-09-29T18:46:43+00:00,PKRV1404202513435.csv,data/raw/mufap/pkrv/PKRV1404202513435.csv,csv,8c7e7ca61975f893273d9207710f8429b34af7b314d56aafebbf45b081df6593,331,SUCCESS,observation_date=2025-04-14; selection_basis=AUTO_READY; content_type=application/octet-stream
PKRV,MUFAP,MUFAP current pricing API approved acquisition plan,https://www.mufap.com.pk/Upload/WebDoc/IndustryStatictics/PKRV1504202513440.csv,2026-09-29T18:46:43+00:00,PKRV1504202513440.csv,data/raw/mufap/pkrv/PKRV1504202513440.csv,csv,2594098b283dcb7f603a70b3d12b0ef14c77fe2c59df042d566bea457a6e4bc2,328,SUCCESS,observation_date=2025-04-15; selection_basis=AUTO_READY; content_type=application/octet-stream
PKRV,MUFAP,MUFAP current pricing API approved acquisition plan,https://www.mufap.com.pk/Upload/WebDoc/IndustryStatictics/PKRV1604202513445.csv,2026-09-29T18:46:43+00:00,PKRV1604202513445.csv,data/raw/mufap/pkrv/PKRV1604202513445.csv,csv,8609e6429a32581af3073661a7baab7955c4bfe7986475e13745fda3ffd5479b,329,SUCCESS,observation_date=2025-04-16; selection_basis=AUTO_READY; content_type=application/octet-stream
PKRV,MUFAP,MUFAP current pricing API approved acquisition plan,https://www.mufap.com.pk/Upload/WebDoc/IndustryStatictics/PKRV1704202513450.csv,2026-09-29T18:46:43+00:00,PKRV1704202513450.csv,data/raw/mufap/pkrv/PKRV1704202513450.csv,csv,669003308dbe1082f7d4dedd6660939dd8e2941cd9c55f80dda9e712074fa894,328,SUCCESS,observation_date=2025-04-17; selection_basis=AUTO_READY; content_type=application/octet-stream
PKRV,MUFAP,MUFAP current pricing API approved acquisition plan,https://www.mufap.com.pk/Upload/WebDoc/IndustryStatictics/PKRV1804202513458.csv,2026-09-29T18:46:43+00:00,PKRV1804202513458.csv,data/raw/mufap/pkrv/PKRV1804202513458.csv,csv,0caf5673c7f870e7bf05730d8eea448eb6ea22b0dfef42dbe6af0c9b7dbb5f6f,336,SUCCESS,observation_date=2025-04-18; selection_basis=AUTO_READY; content_type=application/octet-stream
PKRV,MUFAP,MUFAP current pricing API approved acquisition plan,https://www.mufap.com.pk/Upload/WebDoc/IndustryStatictics/PKRV2104202513459.csv,2026-09-29T18:46:44+00:00,PKRV2104202513459.csv,data/raw/mufap/pkrv/PKRV2104202513459.csv,csv,667e40457441e8c0cfcea8ae30b4f86233e21dc9c497bbeabc56ad2132877f5f,335,SUCCESS,observation_date=2025-04-21; selection_basis=AUTO_READY; content_type=application/octet-stream
PKRV,MUFAP,MUFAP current pricing API approved acquisition plan,https://www.mufap.com.pk/Upload/WebDoc/IndustryStatictics/PKRV2204202513466.csv,2026-09-29T18:46:44+00:00,PKRV2204202513466.csv,data/raw/mufap/pkrv/PKRV2204202513466.csv,csv,29b84200e9aeb2955f8ea11cc14bbcbbb82ad591b4e2618ecf29540fe2b1f31c,328,SUCCESS,observation_date=2025-04-22; selection_basis=AUTO_READY; content_type=application/octet-stream
PKRV,MUFAP,MUFAP current pricing API approved acquisition plan,https://www.mufap.com.pk/Upload/WebDoc/IndustryStatictics/PKRV2304202513471.csv,2026-09-29T18:46:44+00:00,PKRV2304202513471.csv,data/raw/mufap/pkrv/PKRV2304202513471.csv,csv,3d100e7ad487b2118eb0e296becb21e63c52cddac5a135f481cd7014ea13665c,327,SUCCESS,observation_date=2025-04-23; selection_basis=AUTO_READY; content_type=application/octet-stream
PKRV,MUFAP,MUFAP current pricing API approved acquisition plan,https://www.mufap.com.pk/Upload/WebDoc/IndustryStatictics/PKRV2404202513477.csv,2026-09-29T18:46:44+00:00,PKRV2404202513477.csv,data/raw/mufap/pkrv/PKRV2404202513477.csv,csv,3922869980c42ad72870201a97f1906b617c550d88589bc19bcadc618289df1b,328,SUCCESS,observation_date=2025-04-24; selection_basis=AUTO_READY; content_type=application/octet-stream
PKRV,MUFAP,MUFAP current pricing API approved acquisition plan,https://www.mufap.com.pk/Upload/WebDoc/IndustryStatictics/PKRV2504202513482.csv,2026-09-29T18:46:44+00:00,PKRV2504202513482.csv,data/raw/mufap/pkrv/PKRV2504202513482.csv,csv,fa2ad8827bb0f4e5d274f6270e3e2f90266b3d311f398665a7bf3ca3ac67d0e0,330,SUCCESS,observation_date=2025-04-25; selection_basis=AUTO_READY; content_type=application/octet-stream
PKRV,MUFAP,MUFAP current pricing API approved acquisition plan,https://www.mufap.com.pk/Upload/WebDoc/IndustryStatictics/PKRV2804202513487.csv,2026-09-29T18:46:44+00:00,PKRV2804202513487.csv,data/raw/mufap/pkrv/PKRV2804202513487.csv,csv,46f0def7629431a866c0a8e20f9d7d76a4c386333a2198daf0c9c30218e06a74,329,SUCCESS,observation_date=2025-04-28; selection_basis=AUTO_READY; content_type=application/octet-stream
PKRV,MUFAP,MUFAP current pricing API approved acquisition plan,https://www.mufap.com.pk/Upload/WebDoc/IndustryStatictics/PKRV2904202513492.csv,2026-09-29T18:46:44+00:00,PKRV2904202513492.csv,data/raw/mufap/pkrv/PKRV2904202513492.csv,csv,b149a6af16cb853bc6c5283620c316c663adf2502c20a95943a7cf92715b3944,326,SUCCESS,observation_date=2025-04-29; selection_basis=AUTO_READY; content_type=application/octet-stream
PKRV,MUFAP,MUFAP current pricing API approved acquisition plan,https://www.mufap.com.pk/Upload/WebDoc/IndustryStatictics/PKRV3004202523495.csv,2026-09-29T18:46:45+00:00,PKRV3004202523495.csv,data/raw/mufap/pkrv/PKRV3004202523495.csv,csv,a355b468b19373a24cc8db85521c6e50ca7be112b70af78152b9a3aaaa85c041,326,SUCCESS,observation_date=2025-04-30; selection_basis=AUTO_READY; content_type=application/octet-stream
PKRV,MUFAP,MUFAP current pricing API approved acquisition plan,https://www.mufap.com.pk/Upload/WebDoc/IndustryStatictics/PKRV0205202523499.csv,2026-09-29T18:46:45+00:00,PKRV0205202523499.csv,data/raw/mufap/pkrv/PKRV0205202523499.csv,csv,79a41fe84692d4ac28c86e270d21076a0b21f93a756eb9ded79cf91b9572c28b,333,SUCCESS,observation_date=2025-05-02; selection_basis=AUTO_READY; content_type=application/octet-stream
PKRV,MUFAP,MUFAP current pricing API approved acquisition plan,https://www.mufap.com.pk/Upload/WebDoc/IndustryStatictics/PKRV0505202523505.csv,2026-09-29T18:46:45+00:00,PKRV0505202523505.csv,data/raw/mufap/pkrv/PKRV0505202523505.csv,csv,03f35e2c73fa079e505abcfb7b1e7a430764e59c08a13e6fc4abe269b543b6a3,346,SUCCESS,observation_date=2025-05-05; selection_basis=AUTO_READY; content_type=application/octet-stream
PKRV,MUFAP,MUFAP current pricing API approved acquisition plan,https://www.mufap.com.pk/Upload/WebDoc/IndustryStatictics/PKRV0605202523511.csv,2026-09-29T18:46:45+00:00,PKRV0605202523511.csv,data/raw/mufap/pkrv/PKRV0605202523511.csv,csv,44b84ab13f8fd7be9b77e52da140d55d7d4ca6b0eb5dc4fb40ea9a6fe4e6e66f,409,SUCCESS,observation_date=2025-05-06; selection_basis=AUTO_READY; content_type=application/octet-stream
PKRV,MUFAP,MUFAP current pricing API approved acquisition plan,https://www.mufap.com.pk/Upload/WebDoc/IndustryStatictics/PKRV0705202523515.csv,2026-09-29T18:46:45+00:00,PKRV0705202523515.csv,data/raw/mufap/pkrv/PKRV0705202523515.csv,csv,46d3d0bfb92fb98ec9aa4c9f66bb7a7087519aab4e1fc8732242663d549a6da1,328,SUCCESS,observation_date=2025-05-07; selection_basis=AUTO_READY; content_type=application/octet-stream
PKRV,MUFAP,MUFAP current pricing API approved acquisition plan,https://www.mufap.com.pk/Upload/WebDoc/IndustryStatictics/PKRV0805202523519.csv,2026-09-29T18:46:45+00:00,PKRV0805202523519.csv,data/raw/mufap/pkrv/PKRV0805202523519.csv,csv,2a880d499a2520666ccac3e3a10527bc36e71ccb90afb2d4b9e2f32b240fa79f,389,SUCCESS,observation_date=2025-05-08; selection_basis=AUTO_READY; content_type=application/octet-stream
PKRV,MUFAP,MUFAP current pricing API approved acquisition plan,https://www.mufap.com.pk/Upload/WebDoc/IndustryStatictics/PKRV0905202523524.csv,2026-09-29T18:46:45+00:00,PKRV0905202523524.csv,data/raw/mufap/pkrv/PKRV0905202523524.csv,csv,4f2cd984d8bc6abb6a74f4564914e85c5d56daefe0d09fa2925a1b68be041d92,394,SUCCESS,observation_date=2025-05-09; selection_basis=AUTO_READY; content_type=application/octet-stream
PKRV,MUFAP,MUFAP current pricing API approved acquisition plan,https://www.mufap.com.pk/Upload/WebDoc/IndustryStatictics/PKRV1205202523527.csv,2026-09-29T18:46:46+00:00,PKRV1205202523527.csv,data/raw/mufap/pkrv/PKRV1205202523527.csv,csv,45588eb8e1ee0975d457fd525161e214dc861edf0d9ce56fa82e960dfb37a066,341,SUCCESS,observation_date=2025-05-12; selection_basis=AUTO_READY; content_type=application/octet-stream
PKRV,MUFAP,MUFAP current pricing API approved acquisition plan,https://www.mufap.com.pk/Upload/WebDoc/IndustryStatictics/PKRV1305202523535.csv,2026-09-29T18:46:46+00:00,PKRV1305202523535.csv,data/raw/mufap/pkrv/PKRV1305202523535.csv,csv,3c0eb3992c58c540e58ce17b83fbbea21417a8fa5267bd30ac332fd7d27ebce8,334,SUCCESS,observation_date=2025-05-13; selection_basis=AUTO_READY; content_type=application/octet-stream
PKRV,MUFAP,MUFAP current pricing API approved acquisition plan,https://www.mufap.com.pk/Upload/WebDoc/IndustryStatictics/PKRV1405202523540.csv,2026-09-29T18:46:46+00:00,PKRV1405202523540.csv,data/raw/mufap/pkrv/PKRV1405202523540.csv,csv,fce29bab0d70da75e38a4cbdc79f78d0d73d62986b0d6f4b7cb658e33ea0a876,342,SUCCESS,observation_date=2025-05-14; selection_basis=AUTO_READY; content_type=application/octet-stream
PKRV,MUFAP,MUFAP current pricing API approved acquisition plan,https://www.mufap.com.pk/Upload/WebDoc/IndustryStatictics/PKRV1505202523545.csv,2026-09-29T18:46:46+00:00,PKRV1505202523545.csv,data/raw/mufap/pkrv/PKRV1505202523545.csv,csv,ae90ba1de39f6ad2a9af02cbbb853c3e9528602b922fd98052895a1a5d2eb43a,344,SUCCESS,observation_date=2025-05-15; selection_basis=AUTO_READY; content_type=application/octet-stream
PKRV,MUFAP,MUFAP current pricing API approved acquisition plan,https://www.mufap.com.pk/Upload/WebDoc/IndustryStatictics/PKRV1605202523550.csv,2026-09-29T18:46:46+00:00,PKRV1605202523550.csv,data/raw/mufap/pkrv/PKRV1605202523550.csv,csv,67435bb00d30b33e5d9e7ca4962ed423268cbdcd723cb8ececa03185f89770f7,339,SUCCESS,observation_date=2025-05-16; selection_basis=AUTO_READY; content_type=application/octet-stream
PKRV,MUFAP,MUFAP current pricing API approved acquisition plan,https://www.mufap.com.pk/Upload/WebDoc/IndustryStatictics/PKRV1905202523555.csv,2026-09-29T18:46:46+00:00,PKRV1905202523555.csv,data/raw/mufap/pkrv/PKRV1905202523555.csv,csv,bd27e8e84223c49a1c42f0288c9bb0f908f52e37a4dc45602eda74a193ff9c9a,330,SUCCESS,observation_date=2025-05-19; selection_basis=AUTO_READY; content_type=application/octet-stream
PKRV,MUFAP,MUFAP current pricing API approved acquisition plan,https://www.mufap.com.pk/Upload/WebDoc/IndustryStatictics/PKRV2005202523562.csv,2026-09-29T18:46:46+00:00,PKRV2005202523562.csv,data/raw/mufap/pkrv/PKRV2005202523562.csv,csv,ac881a19f6f10e7b38ca21f3541452b4bc6bcc848c9220951bf440e48c018c7e,335,SUCCESS,observation_date=2025-05-20; selection_basis=AUTO_READY; content_type=application/octet-stream
PKRV,MUFAP,MUFAP current pricing API approved acquisition plan,https://www.mufap.com.pk/Upload/WebDoc/IndustryStatictics/PKRV2105202523567.csv,2026-09-29T18:46:47+00:00,PKRV2105202523567.csv,data/raw/mufap/pkrv/PKRV2105202523567.csv,csv,b30f8f5bc879b609e8c0f4ae62b747bc6c9b9edbdddb67824c856fac6e3b3e6e,338,SUCCESS,observation_date=2025-05-21; selection_basis=AUTO_READY; content_type=application/octet-stream
PKRV,MUFAP,MUFAP current pricing API approved acquisition plan,https://www.mufap.com.pk/Upload/WebDoc/IndustryStatictics/PKRV2205202523573.csv,2026-09-29T18:46:47+00:00,PKRV2205202523573.csv,data/raw/mufap/pkrv/PKRV2205202523573.csv,csv,2099a3c92501d052192fe26a7ae28e8579350ca9cbdd890a855588d7f4bd5aa4,331,SUCCESS,observation_date=2025-05-22; selection_basis=AUTO_READY; content_type=application/octet-stream
PKRV,MUFAP,MUFAP current pricing API approved acquisition plan,https://www.mufap.com.pk/Upload/WebDoc/IndustryStatictics/PKRV2305202523578.csv,2026-09-29T18:46:47+00:00,PKRV2305202523578.csv,data/raw/mufap/pkrv/PKRV2305202523578.csv,csv,1aaab2d11ba5634b1788dd4457ca1f7eaba73bd3ffeca973d4ad34c68e934803,334,SUCCESS,observation_date=2025-05-23; selection_basis=AUTO_READY; content_type=application/octet-stream
PKRV,MUFAP,MUFAP current pricing API approved acquisition plan,https://www.mufap.com.pk/Upload/WebDoc/IndustryStatictics/PKRV2605202523583.csv,2026-09-29T18:46:47+00:00,PKRV2605202523583.csv,data/raw/mufap/pkrv/PKRV2605202523583.csv,csv,9b8c065292d3034dbe8f44e502787409db57b7f92908ac76c29ba65a304eec91,330,SUCCESS,observation_date=2025-05-26; selection_basis=AUTO_READY; content_type=application/octet-stream
PKRV,MUFAP,MUFAP current pricing API approved acquisition plan,https://www.mufap.com.pk/Upload/WebDoc/IndustryStatictics/PKRV2705202523590.csv,2026-09-29T18:46:47+00:00,PKRV2705202523590.csv,data/raw/mufap/pkrv/PKRV2705202523590.csv,csv,727f2fcbd8ed77213d1e9fca00768adac02f9c446bd794bb721542dc607f465e,345,SUCCESS,observation_date=2025-05-27; selection_basis=AUTO_READY; content_type=application/octet-stream
PKRV,MUFAP,MUFAP current pricing API approved acquisition plan,https://www.mufap.com.pk/Upload/WebDoc/IndustryStatictics/PKRV2905202523593.csv,2026-09-29T18:46:47+00:00,PKRV2905202523593.csv,data/raw/mufap/pkrv/PKRV2905202523593.csv,csv,636f2d13bd002188fed2dbef71966c30ec83de2c4cc88d835e2d8864c56254cc,409,SUCCESS,observation_date=2025-05-29; selection_basis=AUTO_READY; content_type=application/octet-stream
PKRV,MUFAP,MUFAP current pricing API approved acquisition plan,https://www.mufap.com.pk/Upload/WebDoc/IndustryStatictics/PKRV3005202523598.csv,2026-09-29T18:46:47+00:00,PKRV3005202523598.csv,data/raw/mufap/pkrv/PKRV3005202523598.csv,csv,0074d8001b04bade63520dd843a8dc0f1dcca6aa3f4101eddb41baa5586bca23,335,SUCCESS,observation_date=2025-05-30; selection_basis=AUTO_READY; content_type=application/octet-stream
PKRV,MUFAP,MUFAP current pricing API approved acquisition plan,https://www.mufap.com.pk/Upload/WebDoc/IndustryStatictics/PKRV0206202523603.csv,2026-09-29T18:46:48+00:00,PKRV0206202523603.csv,data/raw/mufap/pkrv/PKRV0206202523603.csv,csv,9c8f6267fee65012383f55489fed93f83620701e1027c4d49199a6034d89e608,343,SUCCESS,observation_date=2025-06-02; selection_basis=AUTO_READY; content_type=application/octet-stream
PKRV,MUFAP,MUFAP current pricing API approved acquisition plan,https://www.mufap.com.pk/Upload/WebDoc/IndustryStatictics/PKRV0306202523611.csv,2026-09-29T18:46:48+00:00,PKRV0306202523611.csv,data/raw/mufap/pkrv/PKRV0306202523611.csv,csv,9537af0be0ca3efd728d42160bffcd08ce279a39ab5e39e3cccfe7a82b5e23c6,326,SUCCESS,observation_date=2025-06-03; selection_basis=AUTO_READY; content_type=application/octet-stream
PKRV,MUFAP,MUFAP current pricing API approved acquisition plan,https://www.mufap.com.pk/Upload/WebDoc/IndustryStatictics/PKRV0406202523617.csv,2026-09-29T18:46:48+00:00,PKRV0406202523617.csv,data/raw/mufap/pkrv/PKRV0406202523617.csv,csv,bfbee7edbe7ba70276ae6f98f5959d6a6d816ae02b88ddf8e7d5eeb094762f75,328,SUCCESS,observation_date=2025-06-04; selection_basis=AUTO_READY; content_type=application/octet-stream
PKRV,MUFAP,MUFAP current pricing API approved acquisition plan,https://www.mufap.com.pk/Upload/WebDoc/IndustryStatictics/PKRV0506202523619.csv,2026-09-29T18:46:48+00:00,PKRV0506202523619.csv,data/raw/mufap/pkrv/PKRV0506202523619.csv,csv,513e54bb25903d2428939bc4192f809351132a5d6847614fea2f60f85a87d3cb,338,SUCCESS,observation_date=2025-06-05; selection_basis=AUTO_READY; content_type=application/octet-stream
PKRV,MUFAP,MUFAP current pricing API approved acquisition plan,https://www.mufap.com.pk/Upload/WebDoc/IndustryStatictics/PKRV1006202523625.csv,2026-09-29T18:46:48+00:00,PKRV1006202523625.csv,data/raw/mufap/pkrv/PKRV1006202523625.csv,csv,8b46e170d77e72dcb3a88cc55da88d0a51cb4d0e79a124e009b79d8a7fb467f8,340,SUCCESS,observation_date=2025-06-10; selection_basis=AUTO_READY; content_type=application/octet-stream
PKRV,MUFAP,MUFAP current pricing API approved acquisition plan,https://www.mufap.com.pk/Upload/WebDoc/IndustryStatictics/PKRV1106202523627.csv,2026-09-29T18:46:48+00:00,PKRV1106202523627.csv,data/raw/mufap/pkrv/PKRV1106202523627.csv,csv,be59b16e659dc1bc51810c0def022d51928347a3607277bcee9f12042e2014ac,343,SUCCESS,observation_date=2025-06-11; selection_basis=AUTO_READY; content_type=application/octet-stream
PKRV,MUFAP,MUFAP current pricing API approved acquisition plan,https://www.mufap.com.pk/Upload/WebDoc/IndustryStatictics/PKRV1206202523633.csv,2026-09-29T18:46:49+00:00,PKRV1206202523633.csv,data/raw/mufap/pkrv/PKRV1206202523633.csv,csv,7d144bb2f4ad834853bf8ba6cfb5ac22f93c6c5cb6faad1bb476fbfb047c4950,333,SUCCESS,observation_date=2025-06-12; selection_basis=AUTO_READY; content_type=application/octet-stream
PKRV,MUFAP,MUFAP current pricing API approved acquisition plan,https://www.mufap.com.pk/Upload/WebDoc/IndustryStatictics/PKRV1306202523638.csv,2026-09-29T18:46:49+00:00,PKRV1306202523638.csv,data/raw/mufap/pkrv/PKRV1306202523638.csv,csv,9356a701581b8f9a07450681a4f5de5d7065a73b88850b4a81d03dfdc933dd9e,326,SUCCESS,observation_date=2025-06-13; selection_basis=AUTO_READY; content_type=application/octet-stream
PKRV,MUFAP,MUFAP current pricing API approved acquisition plan,https://www.mufap.com.pk/Upload/WebDoc/IndustryStatictics/PKRV1606202523645.csv,2026-09-29T18:46:49+00:00,PKRV1606202523645.csv,data/raw/mufap/pkrv/PKRV1606202523645.csv,csv,ec1bd69ffc2fbdbc503b4f579681979c9addd4d0091c0bb6f0d5b73854f0d1b7,326,SUCCESS,observation_date=2025-06-16; selection_basis=AUTO_READY; content_type=application/octet-stream
PKRV,MUFAP,MUFAP current pricing API approved acquisition plan,https://www.mufap.com.pk/Upload/WebDoc/IndustryStatictics/PKRV1706202523650.csv,2026-09-29T18:46:49+00:00,PKRV1706202523650.csv,data/raw/mufap/pkrv/PKRV1706202523650.csv,csv,13f9f4bf3a6ead12bf33d37c17e62173401449cd03eb814be3792b2900ecf0e7,328,SUCCESS,observation_date=2025-06-17; selection_basis=AUTO_READY; content_type=application/octet-stream
PKRV,MUFAP,MUFAP current pricing API approved acquisition plan,https://www.mufap.com.pk/Upload/WebDoc/IndustryStatictics/PKRV1806202523655.csv,2026-09-29T18:46:49+00:00,PKRV1806202523655.csv,data/raw/mufap/pkrv/PKRV1806202523655.csv,csv,94c443e6af7af68c46311947f30c8d520457af74e0deaab1d2d1553ea22ba1a9,328,SUCCESS,observation_date=2025-06-18; selection_basis=AUTO_READY; content_type=application/octet-stream
PKRV,MUFAP,MUFAP current pricing API approved acquisition plan,https://www.mufap.com.pk/Upload/WebDoc/IndustryStatictics/PKRV1906202523660.csv,2026-09-29T18:46:49+00:00,PKRV1906202523660.csv,data/raw/mufap/pkrv/PKRV1906202523660.csv,csv,a8612bd03d36f222ccab85c16e5a98495a9cea9bdb0a61be2b9eb874e775a6d0,330,SUCCESS,observation_date=2025-06-19; selection_basis=AUTO_READY; content_type=application/octet-stream
PKRV,MUFAP,MUFAP current pricing API approved acquisition plan,https://www.mufap.com.pk/Upload/WebDoc/IndustryStatictics/PKRV2006202523666.csv,2026-09-29T18:46:49+00:00,PKRV2006202523666.csv,data/raw/mufap/pkrv/PKRV2006202523666.csv,csv,36c9ab88d7c158b7a5a46891aa2ae47b563918fcc64a770d0ba2de8f56e43955,327,SUCCESS,observation_date=2025-06-20; selection_basis=AUTO_READY; content_type=application/octet-stream
PKRV,MUFAP,MUFAP current pricing API approved acquisition plan,https://www.mufap.com.pk/Upload/WebDoc/IndustryStatictics/PKRV2306202523672.csv,2026-09-29T18:46:50+00:00,PKRV2306202523672.csv,data/raw/mufap/pkrv/PKRV2306202523672.csv,csv,cd72938fba895749f2654590572a808b5dd7dec1872fd5350f0b18358b915aa7,333,SUCCESS,observation_date=2025-06-23; selection_basis=AUTO_READY; content_type=application/octet-stream
PKRV,MUFAP,MUFAP current pricing API approved acquisition plan,https://www.mufap.com.pk/Upload/WebDoc/IndustryStatictics/PKRV2406202523678.csv,2026-09-29T18:46:50+00:00,PKRV2406202523678.csv,data/raw/mufap/pkrv/PKRV2406202523678.csv,csv,384d5b4200ade4ce2895e41af39cb7cc2c10e54b1f9d4953d4d9222dd7522828,345,SUCCESS,observation_date=2025-06-24; selection_basis=AUTO_READY; content_type=application/octet-stream
PKRV,MUFAP,MUFAP current pricing API approved acquisition plan,https://www.mufap.com.pk/Upload/WebDoc/IndustryStatictics/PKRV2506202523684.csv,2026-09-29T18:46:50+00:00,PKRV2506202523684.csv,data/raw/mufap/pkrv/PKRV2506202523684.csv,csv,9c38798a92eeea6144f0a40f3d917db2d320589b49971569fa938f7346168759,344,SUCCESS,observation_date=2025-06-25; selection_basis=AUTO_READY; content_type=application/octet-stream
PKRV,MUFAP,MUFAP current pricing API approved acquisition plan,https://www.mufap.com.pk/Upload/WebDoc/IndustryStatictics/PKRV2606202523689.csv,2026-09-29T18:46:50+00:00,PKRV2606202523689.csv,data/raw/mufap/pkrv/PKRV2606202523689.csv,csv,b79c3905f5649deecdd384b9d979ef79d85f486bc3eaa62180cf8d44aa4c4c93,343,SUCCESS,observation_date=2025-06-26; selection_basis=AUTO_READY; content_type=application/octet-stream
PKRV,MUFAP,MUFAP current pricing API approved acquisition plan,https://www.mufap.com.pk/Upload/WebDoc/IndustryStatictics/PKRV2706202523694.csv,2026-09-29T18:46:50+00:00,PKRV2706202523694.csv,data/raw/mufap/pkrv/PKRV2706202523694.csv,csv,2632f3d3486527fbb2af989aa598fc749aae9131a8ee386a52ca6685f82245dd,391,SUCCESS,observation_date=2025-06-27; selection_basis=AUTO_READY; content_type=application/octet-stream
PKRV,MUFAP,MUFAP current pricing API approved acquisition plan,https://www.mufap.com.pk/Upload/WebDoc/IndustryStatictics/PKRV3006202523699.csv,2026-09-29T18:46:50+00:00,PKRV3006202523699.csv,data/raw/mufap/pkrv/PKRV3006202523699.csv,csv,c14de91a6b17afaacb70fde9d87f528d234aba1abe26bb319f1c532de53138d7,338,SUCCESS,observation_date=2025-06-30; selection_basis=AUTO_READY; content_type=application/octet-stream
PKRV,MUFAP,MUFAP current pricing API approved acquisition plan,https://www.mufap.com.pk/Upload/WebDoc/IndustryStatictics/PKRV0207202523704.csv,2026-09-29T18:46:50+00:00,PKRV0207202523704.csv,data/raw/mufap/pkrv/PKRV0207202523704.csv,csv,d31183f683dfcb7cbb267a2b3ad69fa0dfea64d02073f911d8663efb3a0fc003,408,SUCCESS,observation_date=2025-07-02; selection_basis=AUTO_READY; content_type=application/octet-stream
PKRV,MUFAP,MUFAP current pricing API approved acquisition plan,https://www.mufap.com.pk/Upload/WebDoc/IndustryStatictics/PKRV0307202523710.csv,2026-09-29T18:46:51+00:00,PKRV0307202523710.csv,data/raw/mufap/pkrv/PKRV0307202523710.csv,csv,3f1cb45419dc47da3f07f8b5b12d524dfa5191c7abf23dc172af8b266ccbd8ba,345,SUCCESS,observation_date=2025-07-03; selection_basis=AUTO_READY; content_type=application/octet-stream
PKRV,MUFAP,MUFAP current pricing API approved acquisition plan,https://www.mufap.com.pk/Upload/WebDoc/IndustryStatictics/PKRV0407202523715.csv,2026-09-29T18:46:51+00:00,PKRV0407202523715.csv,data/raw/mufap/pkrv/PKRV0407202523715.csv,csv,e211123d86ef34b812f8ea6c69b896df81b376ed10e0bb80448104a33a41e659,345,SUCCESS,observation_date=2025-07-04; selection_basis=AUTO_READY; content_type=application/octet-stream
PKRV,MUFAP,MUFAP current pricing API approved acquisition plan,https://www.mufap.com.pk/Upload/WebDoc/IndustryStatictics/PKRV0707202523719.csv,2026-09-29T18:46:51+00:00,PKRV0707202523719.csv,data/raw/mufap/pkrv/PKRV0707202523719.csv,csv,53cb888a3b3997b6008a36aa4bd151120dd31ad10a7c71b79e4216041098c445,390,SUCCESS,observation_date=2025-07-07; selection_basis=AUTO_READY; content_type=application/octet-stream
PKRV,MUFAP,MUFAP current pricing API approved acquisition plan,https://www.mufap.com.pk/Upload/WebDoc/IndustryStatictics/PKRV0807202523722.csv,2026-09-29T18:46:51+00:00,PKRV0807202523722.csv,data/raw/mufap/pkrv/PKRV0807202523722.csv,csv,0f18fbdb6d0a57bd3d89765ef6533bd79af71a90b4bc360b954bb9bab8c5bc47,329,SUCCESS,observation_date=2025-07-08; selection_basis=AUTO_READY; content_type=application/octet-stream
PKRV,MUFAP,MUFAP current pricing API approved acquisition plan,https://www.mufap.com.pk/Upload/WebDoc/IndustryStatictics/PKRV0907202523727.csv,2026-09-29T18:46:51+00:00,PKRV0907202523727.csv,data/raw/mufap/pkrv/PKRV0907202523727.csv,csv,a4d6e2503d915b1bf9cca5f56a1754499d0b344444c6306ae33da9b98decad23,343,SUCCESS,observation_date=2025-07-09; selection_basis=AUTO_READY; content_type=application/octet-stream
PKRV,MUFAP,MUFAP current pricing API approved acquisition plan,https://www.mufap.com.pk/Upload/WebDoc/IndustryStatictics/PKRV1007202523732.csv,2026-09-29T18:46:51+00:00,PKRV1007202523732.csv,data/raw/mufap/pkrv/PKRV1007202523732.csv,csv,32fd62f75f4f850277eb07f6a997f15540ca790fa48305a97c181b9df140c6b9,326,SUCCESS,observation_date=2025-07-10; selection_basis=AUTO_READY; content_type=application/octet-stream
PKRV,MUFAP,MUFAP current pricing API approved acquisition plan,https://www.mufap.com.pk/Upload/WebDoc/IndustryStatictics/PKRV1107202523736.csv,2026-09-29T18:46:51+00:00,PKRV1107202523736.csv,data/raw/mufap/pkrv/PKRV1107202523736.csv,csv,522aa60ddc6f2a285f38e6a46f75d44fcdfb281a4e722b3745be98fb4daf53bd,330,SUCCESS,observation_date=2025-07-11; selection_basis=AUTO_READY; content_type=application/octet-stream
PKRV,MUFAP,MUFAP current pricing API approved acquisition plan,https://www.mufap.com.pk/Upload/WebDoc/IndustryStatictics/PKRV1407202523740.csv,2026-09-29T18:46:52+00:00,PKRV1407202523740.csv,data/raw/mufap/pkrv/PKRV1407202523740.csv,csv,eac4325ba8bd7ba1c85de0c0d99b16813e2af74018c68badd480cb55abb72ef7,326,SUCCESS,observation_date=2025-07-14; selection_basis=AUTO_READY; content_type=application/octet-stream
PKRV,MUFAP,MUFAP current pricing API approved acquisition plan,https://www.mufap.com.pk/Upload/WebDoc/IndustryStatictics/PKRV1507202523744.csv,2026-09-29T18:46:52+00:00,PKRV1507202523744.csv,data/raw/mufap/pkrv/PKRV1507202523744.csv,csv,c0a25d593e47351db60e689e3740ca5b44038154bbae6364db7d5e65413b0e9f,338,SUCCESS,observation_date=2025-07-15; selection_basis=AUTO_READY; content_type=application/octet-stream
PKRV,MUFAP,MUFAP current pricing API approved acquisition plan,https://www.mufap.com.pk/Upload/WebDoc/IndustryStatictics/PKRV1607202523749.csv,2026-09-29T18:46:52+00:00,PKRV1607202523749.csv,data/raw/mufap/pkrv/PKRV1607202523749.csv,csv,b71e823e1ae199539334d737056d3892298548f439b13547a6465ea4d3a62d6b,329,SUCCESS,observation_date=2025-07-16; selection_basis=AUTO_READY; content_type=application/octet-stream
PKRV,MUFAP,MUFAP current pricing API approved acquisition plan,https://www.mufap.com.pk/Upload/WebDoc/IndustryStatictics/PKRV1707202523755.csv,2026-09-29T18:46:52+00:00,PKRV1707202523755.csv,data/raw/mufap/pkrv/PKRV1707202523755.csv,csv,34919dca82825f228474ce2199ff13fde4fd3fd1f2c7b4b6d668651c3beddde6,340,SUCCESS,observation_date=2025-07-17; selection_basis=AUTO_READY; content_type=application/octet-stream
PKRV,MUFAP,MUFAP current pricing API approved acquisition plan,https://www.mufap.com.pk/Upload/WebDoc/IndustryStatictics/PKRV1807202523761.csv,2026-09-29T18:46:52+00:00,PKRV1807202523761.csv,data/raw/mufap/pkrv/PKRV1807202523761.csv,csv,6e95084715823753cd2f138cb3c226f2a2847b7d1df389dc669a3a311c50de1a,336,SUCCESS,observation_date=2025-07-18; selection_basis=AUTO_READY; content_type=application/octet-stream
PKRV,MUFAP,MUFAP current pricing API approved acquisition plan,https://www.mufap.com.pk/Upload/WebDoc/IndustryStatictics/PKRV2107202523768.csv,2026-09-29T18:46:52+00:00,PKRV2107202523768.csv,data/raw/mufap/pkrv/PKRV2107202523768.csv,csv,01626c0a14952fe35a17c595c1a7996b3755e17c25198dc80599bfe745f4b619,334,SUCCESS,observation_date=2025-07-21; selection_basis=AUTO_READY; content_type=application/octet-stream
PKRV,MUFAP,MUFAP current pricing API approved acquisition plan,https://www.mufap.com.pk/Upload/WebDoc/IndustryStatictics/PKRV2207202523774.csv,2026-09-29T18:46:52+00:00,PKRV2207202523774.csv,data/raw/mufap/pkrv/PKRV2207202523774.csv,csv,ace5456271f4270b0ec806c3af4bfd52f9156966d7331fa8c63989f8ee9af31b,330,SUCCESS,observation_date=2025-07-22; selection_basis=AUTO_READY; content_type=application/octet-stream
PKRV,MUFAP,MUFAP current pricing API approved acquisition plan,https://www.mufap.com.pk/Upload/WebDoc/IndustryStatictics/PKRV2307202523781.csv,2026-09-29T18:46:53+00:00,PKRV2307202523781.csv,data/raw/mufap/pkrv/PKRV2307202523781.csv,csv,6def00da8fbc7ba22469df86f75b1eede4a802278f38c2cafaa32f4493ef2bfc,342,SUCCESS,observation_date=2025-07-23; selection_basis=AUTO_READY; content_type=application/octet-stream
PKRV,MUFAP,MUFAP current pricing API approved acquisition plan,https://www.mufap.com.pk/Upload/WebDoc/IndustryStatictics/PKRV2407202523786.csv,2026-09-29T18:46:53+00:00,PKRV2407202523786.csv,data/raw/mufap/pkrv/PKRV2407202523786.csv,csv,f4228fc453639db222df0a571b76ad19fcb3cb53d481dac0bd9a08dc00b3c84c,406,SUCCESS,observation_date=2025-07-24; selection_basis=AUTO_READY; content_type=application/octet-stream
PKRV,MUFAP,MUFAP current pricing API approved acquisition plan,https://www.mufap.com.pk/Upload/WebDoc/IndustryStatictics/PKRV2507202523791.csv,2026-09-29T18:46:53+00:00,PKRV2507202523791.csv,data/raw/mufap/pkrv/PKRV2507202523791.csv,csv,62bf4becc212586a9343ee1b4e4c0b6eaa4bf105a4db381b39a0a51cc300eb47,343,SUCCESS,observation_date=2025-07-25; selection_basis=AUTO_READY; content_type=application/octet-stream
PKRV,MUFAP,MUFAP current pricing API approved acquisition plan,https://www.mufap.com.pk/Upload/WebDoc/IndustryStatictics/PKRV2807202523797.csv,2026-09-29T18:46:53+00:00,PKRV2807202523797.csv,data/raw/mufap/pkrv/PKRV2807202523797.csv,csv,1987c2090050cb6bc68be482bbd0cd6a34e585f51d38397799d672315477b05d,346,SUCCESS,observation_date=2025-07-28; selection_basis=AUTO_READY; content_type=application/octet-stream
PKRV,MUFAP,MUFAP current pricing API approved acquisition plan,https://www.mufap.com.pk/Upload/WebDoc/IndustryStatictics/PKRV2907202523804.csv,2026-09-29T18:46:53+00:00,PKRV2907202523804.csv,data/raw/mufap/pkrv/PKRV2907202523804.csv,csv,38d3bfd56426c74105c97fc30265f3d4cfb716d1bc28e0ebfdaed8b01b361251,338,SUCCESS,observation_date=2025-07-29; selection_basis=AUTO_READY; content_type=application/octet-stream
PKRV,MUFAP,MUFAP current pricing API approved acquisition plan,https://www.mufap.com.pk/Upload/WebDoc/IndustryStatictics/PKRV3007202523809.csv,2026-09-29T18:46:53+00:00,PKRV3007202523809.csv,data/raw/mufap/pkrv/PKRV3007202523809.csv,csv,65a4ffae7d699590a195fb1635c423ebdc3a62b68068414a9203e95ff02be0ef,327,SUCCESS,observation_date=2025-07-30; selection_basis=AUTO_READY; content_type=application/octet-stream
PKRV,MUFAP,MUFAP current pricing API approved acquisition plan,https://www.mufap.com.pk/Upload/WebDoc/IndustryStatictics/PKRV3107202523814.csv,2026-09-29T18:46:54+00:00,PKRV3107202523814.csv,data/raw/mufap/pkrv/PKRV3107202523814.csv,csv,14da06c6420575254900c7af10e4ed2ba95abba5fffe8a11d063247008ec13b6,389,SUCCESS,observation_date=2025-07-31; selection_basis=AUTO_READY; content_type=application/octet-stream
PKRV,MUFAP,MUFAP current pricing API approved acquisition plan,https://www.mufap.com.pk/Upload/WebDoc/IndustryStatictics/PKRV0108202523818.csv,2026-09-29T18:46:54+00:00,PKRV0108202523818.csv,data/raw/mufap/pkrv/PKRV0108202523818.csv,csv,dd706ce816b42a336a9a31414a17bf56e496778fcfaf5e22f14a61bd75b14fb7,392,SUCCESS,observation_date=2025-08-01; selection_basis=AUTO_READY; content_type=application/octet-stream
PKRV,MUFAP,MUFAP current pricing API approved acquisition plan,https://www.mufap.com.pk/Upload/WebDoc/IndustryStatictics/PKRV0408202523823.csv,2026-09-29T18:46:54+00:00,PKRV0408202523823.csv,data/raw/mufap/pkrv/PKRV0408202523823.csv,csv,bcd153d1b97a1648fb8c018fcb89e3498773579a739c8f7577f24c47b1e715ee,336,SUCCESS,observation_date=2025-08-04; selection_basis=AUTO_READY; content_type=application/octet-stream
PKRV,MUFAP,MUFAP current pricing API approved acquisition plan,https://www.mufap.com.pk/Upload/WebDoc/IndustryStatictics/PKRV0508202523832.csv,2026-09-29T18:46:54+00:00,PKRV0508202523832.csv,data/raw/mufap/pkrv/PKRV0508202523832.csv,csv,17e41fac0348e4dc283790817b3f4d1036a188718e9a6831ade4b43d8620bf37,333,SUCCESS,observation_date=2025-08-05; selection_basis=AUTO_READY; content_type=application/octet-stream
PKRV,MUFAP,MUFAP current pricing API approved acquisition plan,https://www.mufap.com.pk/Upload/WebDoc/IndustryStatictics/PKRV0608202523841.csv,2026-09-29T18:46:54+00:00,PKRV0608202523841.csv,data/raw/mufap/pkrv/PKRV0608202523841.csv,csv,67713d007229ea47e43548780964e7ac528f1e0b802cd93d3ea5c4c09b2555ad,331,SUCCESS,observation_date=2025-08-06; selection_basis=AUTO_READY; content_type=application/octet-stream
PKRV,MUFAP,MUFAP current pricing API approved acquisition plan,https://www.mufap.com.pk/Upload/WebDoc/IndustryStatictics/PKRV0708202523853.csv,2026-09-29T18:46:54+00:00,PKRV0708202523853.csv,data/raw/mufap/pkrv/PKRV0708202523853.csv,csv,0c5fc2ab0c6b3d2adaa272e552d59b5ca1880c84f55dbf41b8b00234660c297b,400,SUCCESS,observation_date=2025-08-07; selection_basis=AUTO_READY; content_type=application/octet-stream
PKRV,MUFAP,MUFAP current pricing API approved acquisition plan,https://www.mufap.com.pk/Upload/WebDoc/IndustryStatictics/PKRV0808202523861.csv,2026-09-29T18:46:54+00:00,PKRV0808202523861.csv,data/raw/mufap/pkrv/PKRV0808202523861.csv,csv,1ab813e5dac6cb735820f634b531b781b8115f8d164153b1a1a5d5c7d8b4be63,331,SUCCESS,observation_date=2025-08-08; selection_basis=AUTO_READY; content_type=application/octet-stream
PKRV,MUFAP,MUFAP current pricing API approved acquisition plan,https://www.mufap.com.pk/Upload/WebDoc/IndustryStatictics/PKRV1108202523866.csv,2026-09-29T18:46:55+00:00,PKRV1108202523866.csv,data/raw/mufap/pkrv/PKRV1108202523866.csv,csv,49bcdba28361b837ccd0db09e15a084eb77ecb75bbfb6f61f8837c8b5401a698,336,SUCCESS,observation_date=2025-08-11; selection_basis=AUTO_READY; content_type=application/octet-stream
PKRV,MUFAP,MUFAP current pricing API approved acquisition plan,https://www.mufap.com.pk/Upload/WebDoc/IndustryStatictics/PKRV1208202523871.csv,2026-09-29T18:46:55+00:00,PKRV1208202523871.csv,data/raw/mufap/pkrv/PKRV1208202523871.csv,csv,df63334ac5d4f20ea8576db632fbfd264b7467e72c8342c8672886debff7c671,327,SUCCESS,observation_date=2025-08-12; selection_basis=AUTO_READY; content_type=application/octet-stream
PKRV,MUFAP,MUFAP current pricing API approved acquisition plan,https://www.mufap.com.pk/Upload/WebDoc/IndustryStatictics/PKRV1308202523876.csv,2026-09-29T18:46:55+00:00,PKRV1308202523876.csv,data/raw/mufap/pkrv/PKRV1308202523876.csv,csv,2a867f65b4e8473d9163552dc62b01f3e082d86f90ce5c1426da17a203f1dc71,330,SUCCESS,observation_date=2025-08-13; selection_basis=AUTO_READY; content_type=application/octet-stream
PKRV,MUFAP,MUFAP current pricing API approved acquisition plan,https://www.mufap.com.pk/Upload/WebDoc/IndustryStatictics/PKRV1508202523881.csv,2026-09-29T18:46:55+00:00,PKRV1508202523881.csv,data/raw/mufap/pkrv/PKRV1508202523881.csv,csv,cac048bebd115858f4a0b27c5a150a860952825092a8acfde78e3da72a109787,331,SUCCESS,observation_date=2025-08-15; selection_basis=AUTO_READY; content_type=application/octet-stream
PKRV,MUFAP,MUFAP current pricing API approved acquisition plan,https://www.mufap.com.pk/Upload/WebDoc/IndustryStatictics/PKRV1808202523886.csv,2026-09-29T18:46:55+00:00,PKRV1808202523886.csv,data/raw/mufap/pkrv/PKRV1808202523886.csv,csv,8be2909e992a45c84c48101b4cacfab0360f3803c7538606b8eb2c7b46f3d71b,334,SUCCESS,observation_date=2025-08-18; selection_basis=AUTO_READY; content_type=application/octet-stream
PKRV,MUFAP,MUFAP current pricing API approved acquisition plan,https://www.mufap.com.pk/Upload/WebDoc/IndustryStatictics/PKRV1908202523891.csv,2026-09-29T18:46:55+00:00,PKRV1908202523891.csv,data/raw/mufap/pkrv/PKRV1908202523891.csv,csv,5c6d42808cc24f09c3324b2dafcd0926b667ca028f2029f3956271e2157e4a5c,327,SUCCESS,observation_date=2025-08-19; selection_basis=AUTO_READY; content_type=application/octet-stream
PKRV,MUFAP,MUFAP current pricing API approved acquisition plan,https://www.mufap.com.pk/Upload/WebDoc/IndustryStatictics/PKRV2008202523896.xlsx,2026-09-29T18:46:55+00:00,PKRV2008202523896.xlsx,data/raw/mufap/pkrv/PKRV2008202523896.xlsx,xlsx,104e2ffeb2ed1a4cde320c2e9903c98e6d55212154d82e9975fff78b0af742e1,10743,SUCCESS,observation_date=2025-08-20; selection_basis=ANOMALY_RESOLUTION; content_type=application/vnd.openxmlformats-officedocument.spreadsheetml.sheet
PKRV,MUFAP,MUFAP current pricing API approved acquisition plan,https://www.mufap.com.pk/Upload/WebDoc/IndustryStatictics/PKRV2108202523901.csv,2026-09-29T18:46:56+00:00,PKRV2108202523901.csv,data/raw/mufap/pkrv/PKRV2108202523901.csv,csv,cccea2e99e47f481a7d5d488bbd2a039f93e39cc4683d7f2ea79da80d38bce36,335,SUCCESS,observation_date=2025-08-21; selection_basis=AUTO_READY; content_type=application/octet-stream
PKRV,MUFAP,MUFAP current pricing API approved acquisition plan,https://www.mufap.com.pk/Upload/WebDoc/IndustryStatictics/PKRV2208202523908.csv,2026-09-29T18:46:56+00:00,PKRV2208202523908.csv,data/raw/mufap/pkrv/PKRV2208202523908.csv,csv,04a276f163e6c5f01dab2579778f6077fc991a8ca5ae104955790c0ec8c529a5,333,SUCCESS,observation_date=2025-08-22; selection_basis=AUTO_READY; content_type=application/octet-stream
PKRV,MUFAP,MUFAP current pricing API approved acquisition plan,https://www.mufap.com.pk/Upload/WebDoc/IndustryStatictics/PKRV2508202523916.csv,2026-09-29T18:46:56+00:00,PKRV2508202523916.csv,data/raw/mufap/pkrv/PKRV2508202523916.csv,csv,3fce8de6bcc7e126d3234939b0bbb594fc77772b215b615ad4c63a066cc6f182,333,SUCCESS,observation_date=2025-08-25; selection_basis=AUTO_READY; content_type=application/octet-stream
PKRV,MUFAP,MUFAP current pricing API approved acquisition plan,https://www.mufap.com.pk/Upload/WebDoc/IndustryStatictics/PKRV2608202523922.csv,2026-09-29T18:46:56+00:00,PKRV2608202523922.csv,data/raw/mufap/pkrv/PKRV2608202523922.csv,csv,21a0d605e43aebffd4a5a01e85028a34649053cd45d1e5e065687074b423f173,326,SUCCESS,observation_date=2025-08-26; selection_basis=AUTO_READY; content_type=application/octet-stream
PKRV,MUFAP,MUFAP current pricing API approved acquisition plan,https://www.mufap.com.pk/Upload/WebDoc/IndustryStatictics/PKRV2708202523925.csv,2026-09-29T18:46:56+00:00,PKRV2708202523925.csv,data/raw/mufap/pkrv/PKRV2708202523925.csv,csv,2a8f5ea60c82a5046e56a502817dfd2aaba5d6a60805d16edffa4f97a4da1526,328,SUCCESS,observation_date=2025-08-27; selection_basis=AUTO_READY; content_type=application/octet-stream
PKRV,MUFAP,MUFAP current pricing API approved acquisition plan,https://www.mufap.com.pk/Upload/WebDoc/IndustryStatictics/PKRV2808202523931.csv,2026-09-29T18:46:56+00:00,PKRV2808202523931.csv,data/raw/mufap/pkrv/PKRV2808202523931.csv,csv,f2486bd081549869fd16c5767a02329ee73f91067f69a35389c618ecff807f66,330,SUCCESS,observation_date=2025-08-28; selection_basis=AUTO_READY; content_type=application/octet-stream
PKRV,MUFAP,MUFAP current pricing API approved acquisition plan,https://www.mufap.com.pk/Upload/WebDoc/IndustryStatictics/PKRV2908202523937.csv,2026-09-29T18:46:56+00:00,PKRV2908202523937.csv,data/raw/mufap/pkrv/PKRV2908202523937.csv,csv,04781c4f2b03994189e93dc3c9bcd0bbda1ce0f8e1610e09a9ee59b6054a921b,328,SUCCESS,observation_date=2025-08-29; selection_basis=AUTO_READY; content_type=application/octet-stream
PKRV,MUFAP,MUFAP current pricing API approved acquisition plan,https://www.mufap.com.pk/Upload/WebDoc/IndustryStatictics/PKRV0109202523943.csv,2026-09-29T18:46:57+00:00,PKRV0109202523943.csv,data/raw/mufap/pkrv/PKRV0109202523943.csv,csv,dcc9d5d03d69056ce99b154ed8bbb522c7fd67ea63f64bc8764d1d63c84090aa,326,SUCCESS,observation_date=2025-09-01; selection_basis=AUTO_READY; content_type=application/octet-stream
PKRV,MUFAP,MUFAP current pricing API approved acquisition plan,https://www.mufap.com.pk/Upload/WebDoc/IndustryStatictics/PKRV0209202523948.csv,2026-09-29T18:46:57+00:00,PKRV0209202523948.csv,data/raw/mufap/pkrv/PKRV0209202523948.csv,csv,812d2fdf83e6a44b122d726b5ed10039048819e34802165c708cec3107658f3e,336,SUCCESS,observation_date=2025-09-02; selection_basis=AUTO_READY; content_type=application/octet-stream
PKRV,MUFAP,MUFAP current pricing API approved acquisition plan,https://www.mufap.com.pk/Upload/WebDoc/IndustryStatictics/PKRV0309202523953.csv,2026-09-29T18:46:57+00:00,PKRV0309202523953.csv,data/raw/mufap/pkrv/PKRV0309202523953.csv,csv,5c8314feed907ec17d368a2a4aa8e320da61d6cabb21437e633a835167b6c708,335,SUCCESS,observation_date=2025-09-03; selection_basis=AUTO_READY; content_type=application/octet-stream
PKRV,MUFAP,MUFAP current pricing API approved acquisition plan,https://www.mufap.com.pk/Upload/WebDoc/IndustryStatictics/PKRV0409202523955.csv,2026-09-29T18:46:57+00:00,PKRV0409202523955.csv,data/raw/mufap/pkrv/PKRV0409202523955.csv,csv,98843a444dee8a2eb8accdb0ff2c320615d2d952320c1ddf0f2b4dbc01c1710d,332,SUCCESS,observation_date=2025-09-04; selection_basis=AUTO_READY; content_type=application/octet-stream
PKRV,MUFAP,MUFAP current pricing API approved acquisition plan,https://www.mufap.com.pk/Upload/WebDoc/IndustryStatictics/PKRV0509202523964.csv,2026-09-29T18:46:57+00:00,PKRV0509202523964.csv,data/raw/mufap/pkrv/PKRV0509202523964.csv,csv,2f44c62479dfcb4281772bcbe83cc41ad8e158c2476a759b382cfcdcacf5d8b0,326,SUCCESS,observation_date=2025-09-05; selection_basis=AUTO_READY; content_type=application/octet-stream
PKRV,MUFAP,MUFAP current pricing API approved acquisition plan,https://www.mufap.com.pk/Upload/WebDoc/IndustryStatictics/PKRV0809202523970.csv,2026-09-29T18:46:57+00:00,PKRV0809202523970.csv,data/raw/mufap/pkrv/PKRV0809202523970.csv,csv,9f2ac3b1b91870011fcf28f2382cf1827126af4c2c07bcf4f7882bbea66d78dd,330,SUCCESS,observation_date=2025-09-08; selection_basis=AUTO_READY; content_type=application/octet-stream
PKRV,MUFAP,MUFAP current pricing API approved acquisition plan,https://www.mufap.com.pk/Upload/WebDoc/IndustryStatictics/PKRV0909202523973.csv,2026-09-29T18:46:57+00:00,PKRV0909202523973.csv,data/raw/mufap/pkrv/PKRV0909202523973.csv,csv,266357ee7d24d9ac46da065f526915cfe57aed1899d1ff263e82bf762103d5d7,326,SUCCESS,observation_date=2025-09-09; selection_basis=AUTO_READY; content_type=application/octet-stream
PKRV,MUFAP,MUFAP current pricing API approved acquisition plan,https://www.mufap.com.pk/Upload/WebDoc/IndustryStatictics/PKRV1009202523979.csv,2026-09-29T18:46:58+00:00,PKRV1009202523979.csv,data/raw/mufap/pkrv/PKRV1009202523979.csv,csv,fc53898ce81a5e38adcf18e57fccc1f6933f704543455b866e79811e067c02bb,330,SUCCESS,observation_date=2025-09-10; selection_basis=AUTO_READY; content_type=application/octet-stream
PKRV,MUFAP,MUFAP current pricing API approved acquisition plan,https://www.mufap.com.pk/Upload/WebDoc/IndustryStatictics/PKRV1109202523984.csv,2026-09-29T18:46:58+00:00,PKRV1109202523984.csv,data/raw/mufap/pkrv/PKRV1109202523984.csv,csv,635424293ce7a3aae6c3d191e82273cff839f63010a2b439e2d8abc6f9ae4e4a,326,SUCCESS,observation_date=2025-09-11; selection_basis=AUTO_READY; content_type=application/octet-stream
PKRV,MUFAP,MUFAP current pricing API approved acquisition plan,https://www.mufap.com.pk/Upload/WebDoc/IndustryStatictics/PKRV1209202523991.csv,2026-09-29T18:46:58+00:00,PKRV1209202523991.csv,data/raw/mufap/pkrv/PKRV1209202523991.csv,csv,6a5490ecef6fb0b73130808dae235ab76c6b49bdfcab408bd175259fba27c6cd,327,SUCCESS,observation_date=2025-09-12; selection_basis=AUTO_READY; content_type=application/octet-stream
PKRV,MUFAP,MUFAP current pricing API approved acquisition plan,https://www.mufap.com.pk/Upload/WebDoc/IndustryStatictics/PKRV1509202523994.csv,2026-09-29T18:46:58+00:00,PKRV1509202523994.csv,data/raw/mufap/pkrv/PKRV1509202523994.csv,csv,305c76392aa1943ed7febd0c9b006454d73ffd0c8dbd400ce7f3c5108cc1fe58,328,SUCCESS,observation_date=2025-09-15; selection_basis=AUTO_READY; content_type=application/octet-stream
PKRV,MUFAP,MUFAP current pricing API approved acquisition plan,https://www.mufap.com.pk/Upload/WebDoc/IndustryStatictics/PKRV1609202523999.csv,2026-09-29T18:46:58+00:00,PKRV1609202523999.csv,data/raw/mufap/pkrv/PKRV1609202523999.csv,csv,34182f83014d9c2209b8fffc5055069b0bf2a77ae0b0dd394328524ed9241316,326,SUCCESS,observation_date=2025-09-16; selection_basis=AUTO_READY; content_type=application/octet-stream
PKRV,MUFAP,MUFAP current pricing API approved acquisition plan,https://www.mufap.com.pk/Upload/WebDoc/IndustryStatictics/PKRV1709202524006.csv,2026-09-29T18:46:58+00:00,PKRV1709202524006.csv,data/raw/mufap/pkrv/PKRV1709202524006.csv,csv,be6cc4771e2ca70276f7e0353741779bc8291a3a876fd16fedd013e9f070f2f7,328,SUCCESS,observation_date=2025-09-17; selection_basis=AUTO_READY; content_type=application/octet-stream
PKRV,MUFAP,MUFAP current pricing API approved acquisition plan,https://www.mufap.com.pk/Upload/WebDoc/IndustryStatictics/PKRV1809202524022.csv,2026-09-29T18:46:59+00:00,PKRV1809202524022.csv,data/raw/mufap/pkrv/PKRV1809202524022.csv,csv,62f024dd9d6e74f6388aa361cb062721b7a6beccee7e8d046fa99d715c15e991,338,SUCCESS,observation_date=2025-09-18; selection_basis=AUTO_READY; content_type=application/octet-stream
PKRV,MUFAP,MUFAP current pricing API approved acquisition plan,https://www.mufap.com.pk/Upload/WebDoc/IndustryStatictics/PKRV1909202524017.csv,2026-09-29T18:46:59+00:00,PKRV1909202524017.csv,data/raw/mufap/pkrv/PKRV1909202524017.csv,csv,efa8c1002c3e2f48e5c823331000e4b82abaf92dcce010c0179a80a37c67019d,332,SUCCESS,observation_date=2025-09-19; selection_basis=AUTO_READY; content_type=application/octet-stream
PKRV,MUFAP,MUFAP current pricing API approved acquisition plan,https://www.mufap.com.pk/Upload/WebDoc/IndustryStatictics/PKRV2209202524025.csv,2026-09-29T18:46:59+00:00,PKRV2209202524025.csv,data/raw/mufap/pkrv/PKRV2209202524025.csv,csv,169264bece74d8c592469de0f92bfb8bd1d76d732852fc898334b5e725810728,327,SUCCESS,observation_date=2025-09-22; selection_basis=AUTO_READY; content_type=application/octet-stream
PKRV,MUFAP,MUFAP current pricing API approved acquisition plan,https://www.mufap.com.pk/Upload/WebDoc/IndustryStatictics/PKRV2309202524031.csv,2026-09-29T18:46:59+00:00,PKRV2309202524031.csv,data/raw/mufap/pkrv/PKRV2309202524031.csv,csv,cf415939677e9da8fc52e34d4aa16e8b772a4f403ae87d993a08150da1d5e5e9,326,SUCCESS,observation_date=2025-09-23; selection_basis=AUTO_READY; content_type=application/octet-stream
PKRV,MUFAP,MUFAP current pricing API approved acquisition plan,https://www.mufap.com.pk/Upload/WebDoc/IndustryStatictics/PKRV2409202524038.csv,2026-09-29T18:46:59+00:00,PKRV2409202524038.csv,data/raw/mufap/pkrv/PKRV2409202524038.csv,csv,8853623bfaa8325820cb3797e61b771aa9f2ec2264d18de95fd9aa12bd274131,327,SUCCESS,observation_date=2025-09-24; selection_basis=AUTO_READY; content_type=application/octet-stream
PKRV,MUFAP,MUFAP current pricing API approved acquisition plan,https://www.mufap.com.pk/Upload/WebDoc/IndustryStatictics/PKRV2509202524041.csv,2026-09-29T18:46:59+00:00,PKRV2509202524041.csv,data/raw/mufap/pkrv/PKRV2509202524041.csv,csv,b379c602fa60d9b36280e4f98b275c9de00c48f8513f1cb9e443d5433941ba32,326,SUCCESS,observation_date=2025-09-25; selection_basis=AUTO_READY; content_type=application/octet-stream
PKRV,MUFAP,MUFAP current pricing API approved acquisition plan,https://www.mufap.com.pk/Upload/WebDoc/IndustryStatictics/PKRV2609202524046.csv,2026-09-29T18:46:59+00:00,PKRV2609202524046.csv,data/raw/mufap/pkrv/PKRV2609202524046.csv,csv,a6bf53a2475ca7eee3a43bf695562649ff3b750d9f09b351d1abd2b680b7e24a,327,SUCCESS,observation_date=2025-09-26; selection_basis=AUTO_READY; content_type=application/octet-stream
PKRV,MUFAP,MUFAP current pricing API approved acquisition plan,https://www.mufap.com.pk/Upload/WebDoc/IndustryStatictics/PKRV2909202524051.csv,2026-09-29T18:47:00+00:00,PKRV2909202524051.csv,data/raw/mufap/pkrv/PKRV2909202524051.csv,csv,8dd68a4a850becbce9ccbf8fbaeb65ea72b867267ac8de3aa4c09be9e3eaa019,327,SUCCESS,observation_date=2025-09-29; selection_basis=AUTO_READY; content_type=application/octet-stream
PKRV,MUFAP,MUFAP current pricing API approved acquisition plan,https://www.mufap.com.pk/Upload/WebDoc/IndustryStatictics/PKRV3009202524059.csv,2026-09-29T18:47:00+00:00,PKRV3009202524059.csv,data/raw/mufap/pkrv/PKRV3009202524059.csv,csv,7c5d90dd146656705052c73429a4c97dee80c6a9d9b37c7691142df5862af73d,333,SUCCESS,observation_date=2025-09-30; selection_basis=AUTO_READY; content_type=application/octet-stream
PKRV,MUFAP,MUFAP current pricing API approved acquisition plan,https://www.mufap.com.pk/Upload/WebDoc/IndustryStatictics/PKRV0110202524062.csv,2026-09-29T18:47:00+00:00,PKRV0110202524062.csv,data/raw/mufap/pkrv/PKRV0110202524062.csv,csv,60e48df0e3401cc5d7fc73e0ef34a20a584109eb229e8b9739185d02baf0fd10,335,SUCCESS,observation_date=2025-10-01; selection_basis=AUTO_READY; content_type=application/octet-stream
PKRV,MUFAP,MUFAP current pricing API approved acquisition plan,https://www.mufap.com.pk/Upload/WebDoc/IndustryStatictics/PKRV0210202524066.csv,2026-09-29T18:47:00+00:00,PKRV0210202524066.csv,data/raw/mufap/pkrv/PKRV0210202524066.csv,csv,e886c17bf176f485f22291c65d475588f975d2d2e0e5f6578e94c8491deffef1,326,SUCCESS,observation_date=2025-10-02; selection_basis=AUTO_READY; content_type=application/octet-stream
PKRV,MUFAP,MUFAP current pricing API approved acquisition plan,https://www.mufap.com.pk/Upload/WebDoc/IndustryStatictics/PKRV0310202524072.csv,2026-09-29T18:47:00+00:00,PKRV0310202524072.csv,data/raw/mufap/pkrv/PKRV0310202524072.csv,csv,dcea2acf3fd49929a0fb30fa337b37ab535ec07e36ec172e0a71d33565e97ca4,330,SUCCESS,observation_date=2025-10-03; selection_basis=AUTO_READY; content_type=application/octet-stream
PKRV,MUFAP,MUFAP current pricing API approved acquisition plan,https://www.mufap.com.pk/Upload/WebDoc/IndustryStatictics/PKRV0610202524079.csv,2026-09-29T18:47:00+00:00,PKRV0610202524079.csv,data/raw/mufap/pkrv/PKRV0610202524079.csv,csv,4a78621106c01e156778f797e8dbc7f1bae35b4608292ec3108df8d452465597,328,SUCCESS,observation_date=2025-10-06; selection_basis=AUTO_READY; content_type=application/octet-stream
PKRV,MUFAP,MUFAP current pricing API approved acquisition plan,https://www.mufap.com.pk/Upload/WebDoc/IndustryStatictics/PKRV0710202524083.csv,2026-09-29T18:47:00+00:00,PKRV0710202524083.csv,data/raw/mufap/pkrv/PKRV0710202524083.csv,csv,a147bab6ed85b30d59ac6199572c89ed87986557992335e34eee0ba6681a3b30,338,SUCCESS,observation_date=2025-10-07; selection_basis=AUTO_READY; content_type=application/octet-stream
PKRV,MUFAP,MUFAP current pricing API approved acquisition plan,https://www.mufap.com.pk/Upload/WebDoc/IndustryStatictics/PKRV0810202524091.csv,2026-09-29T18:47:01+00:00,PKRV0810202524091.csv,data/raw/mufap/pkrv/PKRV0810202524091.csv,csv,0704c4a937d9ae0442815db2bb8313d6753cd9cee1b55484203a16ada133ee26,329,SUCCESS,observation_date=2025-10-08; selection_basis=AUTO_READY; content_type=application/octet-stream
PKRV,MUFAP,MUFAP current pricing API approved acquisition plan,https://www.mufap.com.pk/Upload/WebDoc/IndustryStatictics/PKRV0910202524095.csv,2026-09-29T18:47:01+00:00,PKRV0910202524095.csv,data/raw/mufap/pkrv/PKRV0910202524095.csv,csv,db62142ddbbced3cf809d0c4a75a840fb07dd633ebc24968991470d72b5d1729,328,SUCCESS,observation_date=2025-10-09; selection_basis=AUTO_READY; content_type=application/octet-stream
PKRV,MUFAP,MUFAP current pricing API approved acquisition plan,https://www.mufap.com.pk/Upload/WebDoc/IndustryStatictics/PKRV1010202524099.csv,2026-09-29T18:47:01+00:00,PKRV1010202524099.csv,data/raw/mufap/pkrv/PKRV1010202524099.csv,csv,acfb3063ca3c4005862f708a8da3fab4c3a16dbb11e389ac36afa0e0408f9792,337,SUCCESS,observation_date=2025-10-10; selection_basis=AUTO_READY; content_type=application/octet-stream
PKRV,MUFAP,MUFAP current pricing API approved acquisition plan,https://www.mufap.com.pk/Upload/WebDoc/IndustryStatictics/PKRV1310202524104.csv,2026-09-29T18:47:01+00:00,PKRV1310202524104.csv,data/raw/mufap/pkrv/PKRV1310202524104.csv,csv,75d4513352898180fe13160ec03fab7e2575cf36a926ae500db87ed29f51f0a3,327,SUCCESS,observation_date=2025-10-13; selection_basis=AUTO_READY; content_type=application/octet-stream
PKRV,MUFAP,MUFAP current pricing API approved acquisition plan,https://www.mufap.com.pk/Upload/WebDoc/IndustryStatictics/PKRV1410202524111.csv,2026-09-29T18:47:01+00:00,PKRV1410202524111.csv,data/raw/mufap/pkrv/PKRV1410202524111.csv,csv,66a5a62f0437540908e544b47f669a990e735a790f3a76fa6ad7611709a350ee,328,SUCCESS,observation_date=2025-10-14; selection_basis=AUTO_READY; content_type=application/octet-stream
PKRV,MUFAP,MUFAP current pricing API approved acquisition plan,https://www.mufap.com.pk/Upload/WebDoc/IndustryStatictics/PKRV1510202524117.csv,2026-09-29T18:47:01+00:00,PKRV1510202524117.csv,data/raw/mufap/pkrv/PKRV1510202524117.csv,csv,c9692b1feb68d7a641442a631bb683ac4c74ed6d82b2b9c2d42d2a3c0d573a31,330,SUCCESS,observation_date=2025-10-15; selection_basis=AUTO_READY; content_type=application/octet-stream
PKRV,MUFAP,MUFAP current pricing API approved acquisition plan,https://www.mufap.com.pk/Upload/WebDoc/IndustryStatictics/PKRV1610202524123.csv,2026-09-29T18:47:01+00:00,PKRV1610202524123.csv,data/raw/mufap/pkrv/PKRV1610202524123.csv,csv,ff4ebfeb9cd145d6b4bb155f96026b05c685de5a30085e2e24ae6e92458a1249,333,SUCCESS,observation_date=2025-10-16; selection_basis=AUTO_READY; content_type=application/octet-stream
PKRV,MUFAP,MUFAP current pricing API approved acquisition plan,https://www.mufap.com.pk/Upload/WebDoc/IndustryStatictics/PKRV1710202524128.csv,2026-09-29T18:47:02+00:00,PKRV1710202524128.csv,data/raw/mufap/pkrv/PKRV1710202524128.csv,csv,851d992c5fb3f25fc8dd1bde74934e079b5d186ddca0b0d4123dd8af6a148828,343,SUCCESS,observation_date=2025-10-17; selection_basis=AUTO_READY; content_type=application/octet-stream
PKRV,MUFAP,MUFAP current pricing API approved acquisition plan,https://www.mufap.com.pk/Upload/WebDoc/IndustryStatictics/PKRV2010202524132.csv,2026-09-29T18:47:02+00:00,PKRV2010202524132.csv,data/raw/mufap/pkrv/PKRV2010202524132.csv,csv,484583431121854e0a66ac2f084d8913645c1e8fb0a4a5826ecad42830e80e3b,338,SUCCESS,observation_date=2025-10-20; selection_basis=AUTO_READY; content_type=application/octet-stream
PKRV,MUFAP,MUFAP current pricing API approved acquisition plan,https://www.mufap.com.pk/Upload/WebDoc/IndustryStatictics/PKRV2110202524138.csv,2026-09-29T18:47:02+00:00,PKRV2110202524138.csv,data/raw/mufap/pkrv/PKRV2110202524138.csv,csv,20f1e0e733ddcdcae5db0a051ca325ee257d2e4df6f6b0374bc6826cdd610b0c,338,SUCCESS,observation_date=2025-10-21; selection_basis=AUTO_READY; content_type=application/octet-stream
PKRV,MUFAP,MUFAP current pricing API approved acquisition plan,https://www.mufap.com.pk/Upload/WebDoc/IndustryStatictics/PKRV2210202524142.csv,2026-09-29T18:47:02+00:00,PKRV2210202524142.csv,data/raw/mufap/pkrv/PKRV2210202524142.csv,csv,e4dfa02e4b34987bf1de7b70daa65da398c905070d0d6c8ec0670b9ba7564d73,336,SUCCESS,observation_date=2025-10-22; selection_basis=AUTO_READY; content_type=application/octet-stream
PKRV,MUFAP,MUFAP current pricing API approved acquisition plan,https://www.mufap.com.pk/Upload/WebDoc/IndustryStatictics/PKRV2310202524149.csv,2026-09-29T18:47:02+00:00,PKRV2310202524149.csv,data/raw/mufap/pkrv/PKRV2310202524149.csv,csv,7bdb9b21461e1dc88dd12128bcd77fbef1a75366b09848b895b61570eaebeacd,338,SUCCESS,observation_date=2025-10-23; selection_basis=AUTO_READY; content_type=application/octet-stream
PKRV,MUFAP,MUFAP current pricing API approved acquisition plan,https://www.mufap.com.pk/Upload/WebDoc/IndustryStatictics/PKRV2410202524154.csv,2026-09-29T18:47:02+00:00,PKRV2410202524154.csv,data/raw/mufap/pkrv/PKRV2410202524154.csv,csv,24ebeab883c5a318b5f859d307f4345d874763fdfb7095e7d80275bb7a53f0c7,327,SUCCESS,observation_date=2025-10-24; selection_basis=AUTO_READY; content_type=application/octet-stream
PKRV,MUFAP,MUFAP current pricing API approved acquisition plan,https://www.mufap.com.pk/Upload/WebDoc/IndustryStatictics/PKRV2710202524159.csv,2026-09-29T18:47:02+00:00,PKRV2710202524159.csv,data/raw/mufap/pkrv/PKRV2710202524159.csv,csv,b4b992dab47c06d949474be45361bd3d8862067b6ea982c0fbd751326d8f1836,330,SUCCESS,observation_date=2025-10-27; selection_basis=AUTO_READY; content_type=application/octet-stream
PKRV,MUFAP,MUFAP current pricing API approved acquisition plan,https://www.mufap.com.pk/Upload/WebDoc/IndustryStatictics/PKRV2810202524164.csv,2026-09-29T18:47:03+00:00,PKRV2810202524164.csv,data/raw/mufap/pkrv/PKRV2810202524164.csv,csv,106e61686788e14a570c7c4adc01ae8ed2b719bf01b9dc005de4b42ef2c54585,328,SUCCESS,observation_date=2025-10-28; selection_basis=AUTO_READY; content_type=application/octet-stream
PKRV,MUFAP,MUFAP current pricing API approved acquisition plan,https://www.mufap.com.pk/Upload/WebDoc/IndustryStatictics/PKRV2910202524169.csv,2026-09-29T18:47:03+00:00,PKRV2910202524169.csv,data/raw/mufap/pkrv/PKRV2910202524169.csv,csv,bf9d96767fb84e7ef66a5418be56ae81b17d9f4995b92f48633bd87adb103efb,327,SUCCESS,observation_date=2025-10-29; selection_basis=AUTO_READY; content_type=application/octet-stream
PKRV,MUFAP,MUFAP current pricing API approved acquisition plan,https://www.mufap.com.pk/Upload/WebDoc/IndustryStatictics/PKRV3010202524174.csv,2026-09-29T18:47:03+00:00,PKRV3010202524174.csv,data/raw/mufap/pkrv/PKRV3010202524174.csv,csv,297a399bbc747122ce778fc02991a6a5415d020729f69b7bdecfc21e6d7d5198,330,SUCCESS,observation_date=2025-10-30; selection_basis=AUTO_READY; content_type=application/octet-stream
PKRV,MUFAP,MUFAP current pricing API approved acquisition plan,https://www.mufap.com.pk/Upload/WebDoc/IndustryStatictics/PKRV3110202524179.csv,2026-09-29T18:47:03+00:00,PKRV3110202524179.csv,data/raw/mufap/pkrv/PKRV3110202524179.csv,csv,e1f0769da1422810f88da20f7b5abbaecb26e63a845f4d73c095adc01e5c6442,329,SUCCESS,observation_date=2025-10-31; selection_basis=AUTO_READY; content_type=application/octet-stream
PKRV,MUFAP,MUFAP current pricing API approved acquisition plan,https://www.mufap.com.pk/Upload/WebDoc/IndustryStatictics/PKRV0311202524183.csv,2026-09-29T18:47:03+00:00,PKRV0311202524183.csv,data/raw/mufap/pkrv/PKRV0311202524183.csv,csv,8573a99076e4a8d007ed7c7541938cc8735d61ac6bc6ed8524c21e375d5cb8a1,327,SUCCESS,observation_date=2025-11-03; selection_basis=AUTO_READY; content_type=application/octet-stream
PKRV,MUFAP,MUFAP current pricing API approved acquisition plan,https://www.mufap.com.pk/Upload/WebDoc/IndustryStatictics/PKRV0411202524188.csv,2026-09-29T18:47:03+00:00,PKRV0411202524188.csv,data/raw/mufap/pkrv/PKRV0411202524188.csv,csv,73aca2f08ec7ef724159e7633b6b38466dece1feff8c27577ab17dbe974416ee,327,SUCCESS,observation_date=2025-11-04; selection_basis=AUTO_READY; content_type=application/octet-stream
PKRV,MUFAP,MUFAP current pricing API approved acquisition plan,https://www.mufap.com.pk/Upload/WebDoc/IndustryStatictics/PKRV0511202524195.csv,2026-09-29T18:47:03+00:00,PKRV0511202524195.csv,data/raw/mufap/pkrv/PKRV0511202524195.csv,csv,dcdd9ce885bcc7df693d26cf595660de64fc6acb83c74ee7c58a47079a31b8dc,327,SUCCESS,observation_date=2025-11-05; selection_basis=AUTO_READY; content_type=application/octet-stream
PKRV,MUFAP,MUFAP current pricing API approved acquisition plan,https://www.mufap.com.pk/Upload/WebDoc/IndustryStatictics/PKRV0611202524202.csv,2026-09-29T18:47:04+00:00,PKRV0611202524202.csv,data/raw/mufap/pkrv/PKRV0611202524202.csv,csv,0f3405e528c8c35f826633961a2927ccb62bf9b32edf28722a2ee679ccafa163,328,SUCCESS,observation_date=2025-11-06; selection_basis=AUTO_READY; content_type=application/octet-stream
PKRV,MUFAP,MUFAP current pricing API approved acquisition plan,https://www.mufap.com.pk/Upload/WebDoc/IndustryStatictics/PKRV0711202524205.csv,2026-09-29T18:47:04+00:00,PKRV0711202524205.csv,data/raw/mufap/pkrv/PKRV0711202524205.csv,csv,cc60844d7fe6dcded73da1a042f00cd2700bc73201c6df7a3108eb011c21e140,328,SUCCESS,observation_date=2025-11-07; selection_basis=AUTO_READY; content_type=application/octet-stream
PKRV,MUFAP,MUFAP current pricing API approved acquisition plan,https://www.mufap.com.pk/Upload/WebDoc/IndustryStatictics/PKRV1011202524210.csv,2026-09-29T18:47:04+00:00,PKRV1011202524210.csv,data/raw/mufap/pkrv/PKRV1011202524210.csv,csv,43db5f836e0066efdcca2a6ea9512a432c7503d7a56b216185e45b00a5a73d3d,329,SUCCESS,observation_date=2025-11-10; selection_basis=AUTO_READY; content_type=application/octet-stream
PKRV,MUFAP,MUFAP current pricing API approved acquisition plan,https://www.mufap.com.pk/Upload/WebDoc/IndustryStatictics/PKRV1111202524215.csv,2026-09-29T18:47:04+00:00,PKRV1111202524215.csv,data/raw/mufap/pkrv/PKRV1111202524215.csv,csv,9d9aef9b14a818765c2b9c0253c1f36bf5b2dc7a5d48851acf0664bece76ee84,328,SUCCESS,observation_date=2025-11-11; selection_basis=AUTO_READY; content_type=application/octet-stream
PKRV,MUFAP,MUFAP current pricing API approved acquisition plan,https://www.mufap.com.pk/Upload/WebDoc/IndustryStatictics/PKRV1211202524220.csv,2026-09-29T18:47:04+00:00,PKRV1211202524220.csv,data/raw/mufap/pkrv/PKRV1211202524220.csv,csv,4b598cb183e5c72bdd497ad3b58c592e351c7eeddf6461391024a8d16cbf7ed6,327,SUCCESS,observation_date=2025-11-12; selection_basis=AUTO_READY; content_type=application/octet-stream
PKRV,MUFAP,MUFAP current pricing API approved acquisition plan,https://www.mufap.com.pk/Upload/WebDoc/IndustryStatictics/PKRV1311202524226.csv,2026-09-29T18:47:04+00:00,PKRV1311202524226.csv,data/raw/mufap/pkrv/PKRV1311202524226.csv,csv,a59a2e885ffee583d13e20e2ecc22cd9e69150f5a1f729ea797f690603225f93,343,SUCCESS,observation_date=2025-11-13; selection_basis=AUTO_READY; content_type=application/octet-stream
PKRV,MUFAP,MUFAP current pricing API approved acquisition plan,https://www.mufap.com.pk/Upload/WebDoc/IndustryStatictics/PKRV1411202524230.csv,2026-09-29T18:47:05+00:00,PKRV1411202524230.csv,data/raw/mufap/pkrv/PKRV1411202524230.csv,csv,f60bbf41106e2f70fa8ef648928df8c50e726df647407383ce79b8f4668aadbd,329,SUCCESS,observation_date=2025-11-14; selection_basis=AUTO_READY; content_type=application/octet-stream
PKRV,MUFAP,MUFAP current pricing API approved acquisition plan,https://www.mufap.com.pk/Upload/WebDoc/IndustryStatictics/PKRV1711202524235.csv,2026-09-29T18:47:05+00:00,PKRV1711202524235.csv,data/raw/mufap/pkrv/PKRV1711202524235.csv,csv,03fc34bde6141a7f97e46a11534897ed0fb47aca2cf310119e042c2879ca5b51,330,SUCCESS,observation_date=2025-11-17; selection_basis=AUTO_READY; content_type=application/octet-stream
PKRV,MUFAP,MUFAP current pricing API approved acquisition plan,https://www.mufap.com.pk/Upload/WebDoc/IndustryStatictics/PKRV1811202524241.csv,2026-09-29T18:47:05+00:00,PKRV1811202524241.csv,data/raw/mufap/pkrv/PKRV1811202524241.csv,csv,fe21e898f5d9306eca157e8e061b0fe3097aa3678f3481a523eac9c1f389376a,327,SUCCESS,observation_date=2025-11-18; selection_basis=AUTO_READY; content_type=application/octet-stream
PKRV,MUFAP,MUFAP current pricing API approved acquisition plan,https://www.mufap.com.pk/Upload/WebDoc/IndustryStatictics/PKRV1911202524242.csv,2026-09-29T18:47:05+00:00,PKRV1911202524242.csv,data/raw/mufap/pkrv/PKRV1911202524242.csv,csv,f9ab72869e1b764ac0647e99c37d476b21ebef46540c11f0e75a348d31e5cec8,329,SUCCESS,observation_date=2025-11-19; selection_basis=AUTO_READY; content_type=application/octet-stream
PKRV,MUFAP,MUFAP current pricing API approved acquisition plan,https://www.mufap.com.pk/Upload/WebDoc/IndustryStatictics/PKRV2011202524249.csv,2026-09-29T18:47:05+00:00,PKRV2011202524249.csv,data/raw/mufap/pkrv/PKRV2011202524249.csv,csv,e4cfd5c8c566746c37f16b79bc2283bbd7eefea0962f844946710e5b5398d6fb,328,SUCCESS,observation_date=2025-11-20; selection_basis=AUTO_READY; content_type=application/octet-stream
PKRV,MUFAP,MUFAP current pricing API approved acquisition plan,https://www.mufap.com.pk/Upload/WebDoc/IndustryStatictics/PKRV2111202524253.csv,2026-09-29T18:47:05+00:00,PKRV2111202524253.csv,data/raw/mufap/pkrv/PKRV2111202524253.csv,csv,31199f3a6351508fdc604a4659a8644a49f0de998d709d978c7e55b5fedceef3,329,SUCCESS,observation_date=2025-11-21; selection_basis=AUTO_READY; content_type=application/octet-stream
PKRV,MUFAP,MUFAP current pricing API approved acquisition plan,https://www.mufap.com.pk/Upload/WebDoc/IndustryStatictics/PKRV2411202524257.csv,2026-09-29T18:47:05+00:00,PKRV2411202524257.csv,data/raw/mufap/pkrv/PKRV2411202524257.csv,csv,bb8c425aad7ac0360183a997345730d5401c964abf67b0b43c1e784c635fcf59,329,SUCCESS,observation_date=2025-11-24; selection_basis=AUTO_READY; content_type=application/octet-stream
PKRV,MUFAP,MUFAP current pricing API approved acquisition plan,https://www.mufap.com.pk/Upload/WebDoc/IndustryStatictics/PKRV2511202524261.csv,2026-09-29T18:47:06+00:00,PKRV2511202524261.csv,data/raw/mufap/pkrv/PKRV2511202524261.csv,csv,f87059bb57fd8dad7b4f41e553ac466534330a3941b60786a74c8d275780e824,326,SUCCESS,observation_date=2025-11-25; selection_basis=AUTO_READY; content_type=application/octet-stream
PKRV,MUFAP,MUFAP current pricing API approved acquisition plan,https://www.mufap.com.pk/Upload/WebDoc/IndustryStatictics/PKRV2611202524265.csv,2026-09-29T18:47:06+00:00,PKRV2611202524265.csv,data/raw/mufap/pkrv/PKRV2611202524265.csv,csv,c7fdb89d710068f1d40ddaaa1247b3d17586351ad990eea6f21b941ffc65f849,337,SUCCESS,observation_date=2025-11-26; selection_basis=AUTO_READY; content_type=application/octet-stream
PKRV,MUFAP,MUFAP current pricing API approved acquisition plan,https://www.mufap.com.pk/Upload/WebDoc/IndustryStatictics/PKRV2711202524269.csv,2026-09-29T18:47:06+00:00,PKRV2711202524269.csv,data/raw/mufap/pkrv/PKRV2711202524269.csv,csv,1da71da45896fabe6dc6a060f55c24470bcc8ec56f29037b1a18a89c8dc0c7cd,407,SUCCESS,observation_date=2025-11-27; selection_basis=AUTO_READY; content_type=application/octet-stream
PKRV,MUFAP,MUFAP current pricing API approved acquisition plan,https://www.mufap.com.pk/Upload/WebDoc/IndustryStatictics/PKRV2811202524273.csv,2026-09-29T18:47:06+00:00,PKRV2811202524273.csv,data/raw/mufap/pkrv/PKRV2811202524273.csv,csv,3aaddf9a6ff11fb5e281752d48c4333ec2bd26f60ac2036b2af3bb9c04706e14,336,SUCCESS,observation_date=2025-11-28; selection_basis=AUTO_READY; content_type=application/octet-stream
PKRV,MUFAP,MUFAP current pricing API approved acquisition plan,https://www.mufap.com.pk/Upload/WebDoc/IndustryStatictics/PKRV0112202524279.csv,2026-09-29T18:47:06+00:00,PKRV0112202524279.csv,data/raw/mufap/pkrv/PKRV0112202524279.csv,csv,798eb43ab61443342ccdccbd9eb12fdc323fe570d9c4beea3a14b14465645a11,331,SUCCESS,observation_date=2025-12-01; selection_basis=AUTO_READY; content_type=application/octet-stream
PKRV,MUFAP,MUFAP current pricing API approved acquisition plan,https://www.mufap.com.pk/Upload/WebDoc/IndustryStatictics/PKRV0212202524288.csv,2026-09-29T18:47:06+00:00,PKRV0212202524288.csv,data/raw/mufap/pkrv/PKRV0212202524288.csv,csv,2d839ef4a6e6f4a5057d7f6a294cb4ce9c8d218c18abac8b4c58b2323aab517a,330,SUCCESS,observation_date=2025-12-02; selection_basis=AUTO_READY; content_type=application/octet-stream
PKRV,MUFAP,MUFAP current pricing API approved acquisition plan,https://www.mufap.com.pk/Upload/WebDoc/IndustryStatictics/PKRV0312202524293.csv,2026-09-29T18:47:06+00:00,PKRV0312202524293.csv,data/raw/mufap/pkrv/PKRV0312202524293.csv,csv,634f6c996cbf2404dff672a11d502f3c0b1876ee6f018363bc9de6dd0d735b8c,329,SUCCESS,observation_date=2025-12-03; selection_basis=AUTO_READY; content_type=application/octet-stream
PKRV,MUFAP,MUFAP current pricing API approved acquisition plan,https://www.mufap.com.pk/Upload/WebDoc/IndustryStatictics/PKRV0412202524399.csv,2026-09-29T18:47:07+00:00,PKRV0412202524399.csv,data/raw/mufap/pkrv/PKRV0412202524399.csv,csv,a4d048837e2f75cad421b058282920ad92f609c54962819c626c3c15725febb5,329,SUCCESS,observation_date=2025-12-04; selection_basis=AUTO_READY; content_type=application/octet-stream
PKRV,MUFAP,MUFAP current pricing API approved acquisition plan,https://www.mufap.com.pk/Upload/WebDoc/IndustryStatictics/PKRV0512202524406.csv,2026-09-29T18:47:07+00:00,PKRV0512202524406.csv,data/raw/mufap/pkrv/PKRV0512202524406.csv,csv,f6283ca3489f3b625cb59f6a1b3c856053c422631ae6f622e48cd7bae6cbebe6,330,SUCCESS,observation_date=2025-12-05; selection_basis=AUTO_READY; content_type=application/octet-stream
PKRV,MUFAP,MUFAP current pricing API approved acquisition plan,https://www.mufap.com.pk/Upload/WebDoc/IndustryStatictics/PKRV0812202524413.csv,2026-09-29T18:47:07+00:00,PKRV0812202524413.csv,data/raw/mufap/pkrv/PKRV0812202524413.csv,csv,c509939ece7d5c98f9a6dcf79635bb1a65934a4a77c6d5af7ba04bbba2356bc0,329,SUCCESS,observation_date=2025-12-08; selection_basis=AUTO_READY; content_type=application/octet-stream
PKRV,MUFAP,MUFAP current pricing API approved acquisition plan,https://www.mufap.com.pk/Upload/WebDoc/IndustryStatictics/PKRV0912202524418.csv,2026-09-29T18:47:07+00:00,PKRV0912202524418.csv,data/raw/mufap/pkrv/PKRV0912202524418.csv,csv,1d72b8859215e67ff0fae38e13fa0eb8a07d2c566a4b8b31ad4d9a5e8761c92e,335,SUCCESS,observation_date=2025-12-09; selection_basis=AUTO_READY; content_type=application/octet-stream
PKRV,MUFAP,MUFAP current pricing API approved acquisition plan,https://www.mufap.com.pk/Upload/WebDoc/IndustryStatictics/PKRV1012202524423.csv,2026-09-29T18:47:07+00:00,PKRV1012202524423.csv,data/raw/mufap/pkrv/PKRV1012202524423.csv,csv,d05cd778aaf1fee2fbf7cad0f73504eabdc43dbf10ca56168df1720974a17b73,328,SUCCESS,observation_date=2025-12-10; selection_basis=AUTO_READY; content_type=application/octet-stream
PKRV,MUFAP,MUFAP current pricing API approved acquisition plan,https://www.mufap.com.pk/Upload/WebDoc/IndustryStatictics/PKRV1112202524428.csv,2026-09-29T18:47:07+00:00,PKRV1112202524428.csv,data/raw/mufap/pkrv/PKRV1112202524428.csv,csv,ad52d02fa42c252fce7b3d8b333ddf5d470fdd2f82c1ab8fef975da5ac0e7aff,340,SUCCESS,observation_date=2025-12-11; selection_basis=AUTO_READY; content_type=application/octet-stream
PKRV,MUFAP,MUFAP current pricing API approved acquisition plan,https://www.mufap.com.pk/Upload/WebDoc/IndustryStatictics/PKRV1212202524433.csv,2026-09-29T18:47:07+00:00,PKRV1212202524433.csv,data/raw/mufap/pkrv/PKRV1212202524433.csv,csv,7c3f58e57821ae42aa0ea7d82e53bd8c9480b13af4a2440e3aabf246767003d6,337,SUCCESS,observation_date=2025-12-12; selection_basis=AUTO_READY; content_type=application/octet-stream
PKRV,MUFAP,MUFAP current pricing API approved acquisition plan,https://www.mufap.com.pk/Upload/WebDoc/IndustryStatictics/PKRV1512202524437.csv,2026-09-29T18:47:08+00:00,PKRV1512202524437.csv,data/raw/mufap/pkrv/PKRV1512202524437.csv,csv,d9f7912b510fe54679b5b89811590769a6b7217890d0711694ac1264f5fc9d0b,344,SUCCESS,observation_date=2025-12-15; selection_basis=AUTO_READY; content_type=application/octet-stream
PKRV,MUFAP,MUFAP current pricing API approved acquisition plan,https://www.mufap.com.pk/Upload/WebDoc/IndustryStatictics/PKRV1612202524444.csv,2026-09-29T18:47:08+00:00,PKRV1612202524444.csv,data/raw/mufap/pkrv/PKRV1612202524444.csv,csv,2d782e8069ac36dfddaba0f4feba57a08afbb6828007a25ad3acb18b69aa6452,409,SUCCESS,observation_date=2025-12-16; selection_basis=AUTO_READY; content_type=application/octet-stream
PKRV,MUFAP,MUFAP current pricing API approved acquisition plan,https://www.mufap.com.pk/Upload/WebDoc/IndustryStatictics/PKRV1712202524451.csv,2026-09-29T18:47:08+00:00,PKRV1712202524451.csv,data/raw/mufap/pkrv/PKRV1712202524451.csv,csv,e7855e0a86754389bf452c49736ade13fc6bfcfe5f389991042f8333c60b0295,346,SUCCESS,observation_date=2025-12-17; selection_basis=AUTO_READY; content_type=application/octet-stream
PKRV,MUFAP,MUFAP current pricing API approved acquisition plan,https://www.mufap.com.pk/Upload/WebDoc/IndustryStatictics/PKRV1812202524456.csv,2026-09-29T18:47:08+00:00,PKRV1812202524456.csv,data/raw/mufap/pkrv/PKRV1812202524456.csv,csv,37fdda64b9f7f0e7897cde390c9f4146d3ec76af4d5979734bb839c6eb1ddb1e,344,SUCCESS,observation_date=2025-12-18; selection_basis=AUTO_READY; content_type=application/octet-stream
PKRV,MUFAP,MUFAP current pricing API approved acquisition plan,https://www.mufap.com.pk/Upload/WebDoc/IndustryStatictics/PKRV1912202524461.csv,2026-09-29T18:47:08+00:00,PKRV1912202524461.csv,data/raw/mufap/pkrv/PKRV1912202524461.csv,csv,f72092c7594626b2190de6bae7e54a58eec5e02d196556ef65d9220168fbaf1b,337,SUCCESS,observation_date=2025-12-19; selection_basis=AUTO_READY; content_type=application/octet-stream
PKRV,MUFAP,MUFAP current pricing API approved acquisition plan,https://www.mufap.com.pk/Upload/WebDoc/IndustryStatictics/PKRV2212202524466.csv,2026-09-29T18:47:08+00:00,PKRV2212202524466.csv,data/raw/mufap/pkrv/PKRV2212202524466.csv,csv,3fc52dd9506acdf1472e98f7d81b2b32128ac8084e376374b946dc577e2dbbc8,344,SUCCESS,observation_date=2025-12-22; selection_basis=AUTO_READY; content_type=application/octet-stream
PKRV,MUFAP,MUFAP current pricing API approved acquisition plan,https://www.mufap.com.pk/Upload/WebDoc/IndustryStatictics/PKRV2312202524471.csv,2026-09-29T18:47:09+00:00,PKRV2312202524471.csv,data/raw/mufap/pkrv/PKRV2312202524471.csv,csv,cdfad11b02739a5f4f200bb4aa3e00f2b53ae3ce73a5874acd2dedfdf5b88d6e,344,SUCCESS,observation_date=2025-12-23; selection_basis=AUTO_READY; content_type=application/octet-stream
PKRV,MUFAP,MUFAP current pricing API approved acquisition plan,https://www.mufap.com.pk/Upload/WebDoc/IndustryStatictics/PKRV2412202524476.csv,2026-09-29T18:47:09+00:00,PKRV2412202524476.csv,data/raw/mufap/pkrv/PKRV2412202524476.csv,csv,ca72857f862b3a985ac698133bb2d96ee30ef2cf5724ce8d3871ed68201c2799,338,SUCCESS,observation_date=2025-12-24; selection_basis=AUTO_READY; content_type=application/octet-stream
PKRV,MUFAP,MUFAP current pricing API approved acquisition plan,https://www.mufap.com.pk/Upload/WebDoc/IndustryStatictics/PKRV2612202524481.csv,2026-09-29T18:47:09+00:00,PKRV2612202524481.csv,data/raw/mufap/pkrv/PKRV2612202524481.csv,csv,b6c2b8c58830b9562d990a805c1279987206d271cc6ffc659a6cd323808bf090,340,SUCCESS,observation_date=2025-12-26; selection_basis=AUTO_READY; content_type=application/octet-stream
PKRV,MUFAP,MUFAP current pricing API approved acquisition plan,https://www.mufap.com.pk/Upload/WebDoc/IndustryStatictics/PKRV2912202524487.csv,2026-09-29T18:47:09+00:00,PKRV2912202524487.csv,data/raw/mufap/pkrv/PKRV2912202524487.csv,csv,5d4a1de036c76c51fa07b681eb242f7f748902f60c94d2cbd7b804ef89495796,328,SUCCESS,observation_date=2025-12-29; selection_basis=AUTO_READY; content_type=application/octet-stream
PKRV,MUFAP,MUFAP current pricing API approved acquisition plan,https://www.mufap.com.pk/Upload/WebDoc/IndustryStatictics/PKRV3012202524492.csv,2026-09-29T18:47:09+00:00,PKRV3012202524492.csv,data/raw/mufap/pkrv/PKRV3012202524492.csv,csv,d20bea4df3112d73b37d1627f2d5687049bc7c649962d6a6c587e4a510f1589a,343,SUCCESS,observation_date=2025-12-30; selection_basis=AUTO_READY; content_type=application/octet-stream
PKRV,MUFAP,MUFAP current pricing API approved acquisition plan,https://www.mufap.com.pk/Upload/WebDoc/IndustryStatictics/PKRV3112202524497.csv,2026-09-29T18:47:09+00:00,PKRV3112202524497.csv,data/raw/mufap/pkrv/PKRV3112202524497.csv,csv,ad6b49f8dbb60a5d4604ade7bb4d0727ecc7df0f02ac16bf9754a2a5580fb6fd,336,SUCCESS,observation_date=2025-12-31; selection_basis=AUTO_READY; content_type=application/octet-stream
PKRV,MUFAP,MUFAP current pricing API approved acquisition plan,https://www.mufap.com.pk/Upload/WebDoc/IndustryStatictics/PKRV0201202624508.csv,2026-09-29T18:47:09+00:00,PKRV0201202624508.csv,data/raw/mufap/pkrv/PKRV0201202624508.csv,csv,e430a3c719f6020922d325cae8a7bb100f7915ef893dcf9b7fc91d0727818069,345,SUCCESS,observation_date=2026-01-02; selection_basis=AUTO_READY; content_type=application/octet-stream
PKRV,MUFAP,MUFAP current pricing API approved acquisition plan,https://www.mufap.com.pk/Upload/WebDoc/IndustryStatictics/PKRV0501202624519.csv,2026-09-29T18:47:10+00:00,PKRV0501202624519.csv,data/raw/mufap/pkrv/PKRV0501202624519.csv,csv,5b9a0e9835c4639032f2ac562a957acb1735ccf61539bc1feadb6b111a30b85c,343,SUCCESS,observation_date=2026-01-05; selection_basis=AUTO_READY; content_type=application/octet-stream
PKRV,MUFAP,MUFAP current pricing API approved acquisition plan,https://www.mufap.com.pk/Upload/WebDoc/IndustryStatictics/PKRV0601202624523.csv,2026-09-29T18:47:10+00:00,PKRV0601202624523.csv,data/raw/mufap/pkrv/PKRV0601202624523.csv,csv,9c79fc4f37e502b1eca6082824dcfa58b3e6d72debb0ef318efad9906449e971,343,SUCCESS,observation_date=2026-01-06; selection_basis=AUTO_READY; content_type=application/octet-stream
PKRV,MUFAP,MUFAP current pricing API approved acquisition plan,https://www.mufap.com.pk/Upload/WebDoc/IndustryStatictics/PKRV0701202624529.csv,2026-09-29T18:47:10+00:00,PKRV0701202624529.csv,data/raw/mufap/pkrv/PKRV0701202624529.csv,csv,a18b33ea1ebd2bf40d23eb4d5561ddca635a43992aa882a38b5e7872d68d0eba,346,SUCCESS,observation_date=2026-01-07; selection_basis=AUTO_READY; content_type=application/octet-stream
PKRV,MUFAP,MUFAP current pricing API approved acquisition plan,https://www.mufap.com.pk/Upload/WebDoc/IndustryStatictics/PKRV0801202624534.csv,2026-09-29T18:47:10+00:00,PKRV0801202624534.csv,data/raw/mufap/pkrv/PKRV0801202624534.csv,csv,957f514dfd82c7e22b95b3144ee0584874eb9bfdc147fd618924a9d8efa6d89e,339,SUCCESS,observation_date=2026-01-08; selection_basis=AUTO_READY; content_type=application/octet-stream
PKRV,MUFAP,MUFAP current pricing API approved acquisition plan,https://www.mufap.com.pk/Upload/WebDoc/IndustryStatictics/PKRV0901202624539.csv,2026-09-29T18:47:10+00:00,PKRV0901202624539.csv,data/raw/mufap/pkrv/PKRV0901202624539.csv,csv,c0297fbee8a37261949e2c9d18589d6aafa11b8edfcd1e63131bb8a9f65039d4,330,SUCCESS,observation_date=2026-01-09; selection_basis=AUTO_READY; content_type=application/octet-stream
PKRV,MUFAP,MUFAP current pricing API approved acquisition plan,https://www.mufap.com.pk/Upload/WebDoc/IndustryStatictics/PKRV1201202624544.csv,2026-09-29T18:47:10+00:00,PKRV1201202624544.csv,data/raw/mufap/pkrv/PKRV1201202624544.csv,csv,7362f4c42d4a6dca8879a050f789d4a1a93e56bcb2a86a9d8c734f1b5e4441ce,335,SUCCESS,observation_date=2026-01-12; selection_basis=AUTO_READY; content_type=application/octet-stream
PKRV,MUFAP,MUFAP current pricing API approved acquisition plan,https://www.mufap.com.pk/Upload/WebDoc/IndustryStatictics/PKRV1301202624549.csv,2026-09-29T18:47:11+00:00,PKRV1301202624549.csv,data/raw/mufap/pkrv/PKRV1301202624549.csv,csv,04389098f1e17f48e5676d62c531eb31718d9377bd405e1260b9e08bf76beb80,328,SUCCESS,observation_date=2026-01-13; selection_basis=AUTO_READY; content_type=application/octet-stream
PKRV,MUFAP,MUFAP current pricing API approved acquisition plan,https://www.mufap.com.pk/Upload/WebDoc/IndustryStatictics/PKRV1401202624554.csv,2026-09-29T18:47:11+00:00,PKRV1401202624554.csv,data/raw/mufap/pkrv/PKRV1401202624554.csv,csv,79967506e7c43316303d0edaacc7b7ea83f17dc1498fa865a79443f422487bf0,339,SUCCESS,observation_date=2026-01-14; selection_basis=AUTO_READY; content_type=application/octet-stream
PKRV,MUFAP,MUFAP current pricing API approved acquisition plan,https://www.mufap.com.pk/Upload/WebDoc/IndustryStatictics/PKRV1501202624558.csv,2026-09-29T18:47:11+00:00,PKRV1501202624558.csv,data/raw/mufap/pkrv/PKRV1501202624558.csv,csv,1a319c7d0d2949f32af169f33949e354b5803695fa54c8fb083d235ac82c374e,343,SUCCESS,observation_date=2026-01-15; selection_basis=AUTO_READY; content_type=application/octet-stream
PKRV,MUFAP,MUFAP current pricing API approved acquisition plan,https://www.mufap.com.pk/Upload/WebDoc/IndustryStatictics/PKRV1601202624564.csv,2026-09-29T18:47:11+00:00,PKRV1601202624564.csv,data/raw/mufap/pkrv/PKRV1601202624564.csv,csv,1d38aff5d8ac27900a9177e0c84027fc14e393c0da84230cc3bad02bd50769cb,345,SUCCESS,observation_date=2026-01-16; selection_basis=AUTO_READY; content_type=application/octet-stream
PKRV,MUFAP,MUFAP current pricing API approved acquisition plan,https://www.mufap.com.pk/Upload/WebDoc/IndustryStatictics/PKRV1901202624569.csv,2026-09-29T18:47:11+00:00,PKRV1901202624569.csv,data/raw/mufap/pkrv/PKRV1901202624569.csv,csv,8262e2a437de98ecf11c5db61c57fdcb723dc172aa652ef59db49d393e835f05,338,SUCCESS,observation_date=2026-01-19; selection_basis=AUTO_READY; content_type=application/octet-stream
PKRV,MUFAP,MUFAP current pricing API approved acquisition plan,https://www.mufap.com.pk/Upload/WebDoc/IndustryStatictics/PKRV2001202624574.csv,2026-09-29T18:47:11+00:00,PKRV2001202624574.csv,data/raw/mufap/pkrv/PKRV2001202624574.csv,csv,4e364474cb9c02fda41de490c2b227489d7924e15fa5b4ec4fcf9beeabc9286c,332,SUCCESS,observation_date=2026-01-20; selection_basis=AUTO_READY; content_type=application/octet-stream
PKRV,MUFAP,MUFAP current pricing API approved acquisition plan,https://www.mufap.com.pk/Upload/WebDoc/IndustryStatictics/PKRV2101202624579.csv,2026-09-29T18:47:11+00:00,PKRV2101202624579.csv,data/raw/mufap/pkrv/PKRV2101202624579.csv,csv,74c35a918fb766f856f342f5bf21ae48a7d2d09bcd8a59341a5bd28af856d117,393,SUCCESS,observation_date=2026-01-21; selection_basis=AUTO_READY; content_type=application/octet-stream
PKRV,MUFAP,MUFAP current pricing API approved acquisition plan,https://www.mufap.com.pk/Upload/WebDoc/IndustryStatictics/PKRV2201202624590.csv,2026-09-29T18:47:12+00:00,PKRV2201202624590.csv,data/raw/mufap/pkrv/PKRV2201202624590.csv,csv,b401c417264386025c9c36eea2a21d02f3bc77dd38c64cebb32e9f6744c69802,333,SUCCESS,observation_date=2026-01-22; selection_basis=AUTO_READY; content_type=application/octet-stream
PKRV,MUFAP,MUFAP current pricing API approved acquisition plan,https://www.mufap.com.pk/Upload/WebDoc/IndustryStatictics/PKRV2301202624594.csv,2026-09-29T18:47:12+00:00,PKRV2301202624594.csv,data/raw/mufap/pkrv/PKRV2301202624594.csv,csv,f99e0c1839e04919f8b83584f1a7258e4d7d74799f4058e80c49c1e6024c8255,326,SUCCESS,observation_date=2026-01-23; selection_basis=AUTO_READY; content_type=application/octet-stream
PKRV,MUFAP,MUFAP current pricing API approved acquisition plan,https://www.mufap.com.pk/Upload/WebDoc/IndustryStatictics/PKRV2601202624599.csv,2026-09-29T18:47:12+00:00,PKRV2601202624599.csv,data/raw/mufap/pkrv/PKRV2601202624599.csv,csv,310cae0f7fc372f0f95474c5fdc8950b8759612d2d6777b645ddebea5ed93b9b,320,SUCCESS,observation_date=2026-01-26; selection_basis=AUTO_READY; content_type=application/octet-stream
PKRV,MUFAP,MUFAP current pricing API approved acquisition plan,https://www.mufap.com.pk/Upload/WebDoc/IndustryStatictics/PKRV2701202624604.csv,2026-09-29T18:47:12+00:00,PKRV2701202624604.csv,data/raw/mufap/pkrv/PKRV2701202624604.csv,csv,04dd035123cc814d3837a0ddec7196eb10ce59882dc359ed1b83268736aa66a3,389,SUCCESS,observation_date=2026-01-27; selection_basis=AUTO_READY; content_type=application/octet-stream
PKRV,MUFAP,MUFAP current pricing API approved acquisition plan,https://www.mufap.com.pk/Upload/WebDoc/IndustryStatictics/PKRV2801202624609.csv,2026-09-29T18:47:12+00:00,PKRV2801202624609.csv,data/raw/mufap/pkrv/PKRV2801202624609.csv,csv,7dd15ce618bd229a7e243461b9f62a69c6cb38318e585974192ccac191fcbf51,330,SUCCESS,observation_date=2026-01-28; selection_basis=AUTO_READY; content_type=application/octet-stream
PKRV,MUFAP,MUFAP current pricing API approved acquisition plan,https://www.mufap.com.pk/Upload/WebDoc/IndustryStatictics/PKRV2901202624616.csv,2026-09-29T18:47:12+00:00,PKRV2901202624616.csv,data/raw/mufap/pkrv/PKRV2901202624616.csv,csv,b5059cf47dc8aaa17cb89c26585448f4eb39ef05612b7b10afa7767f41fa1013,334,SUCCESS,observation_date=2026-01-29; selection_basis=AUTO_READY; content_type=application/octet-stream
PKRV,MUFAP,MUFAP current pricing API approved acquisition plan,https://www.mufap.com.pk/Upload/WebDoc/IndustryStatictics/PKRV3001202624619.csv,2026-09-29T18:47:12+00:00,PKRV3001202624619.csv,data/raw/mufap/pkrv/PKRV3001202624619.csv,csv,1cc139392884f62ffdb32b6df8ddf9653093d99175f14752ed0b542d89f8cadc,328,SUCCESS,observation_date=2026-01-30; selection_basis=AUTO_READY; content_type=application/octet-stream
PKRV,MUFAP,MUFAP current pricing API approved acquisition plan,https://www.mufap.com.pk/Upload/WebDoc/IndustryStatictics/PKRV0202202624627.csv,2026-09-29T18:47:13+00:00,PKRV0202202624627.csv,data/raw/mufap/pkrv/PKRV0202202624627.csv,csv,482925af4a07bb0ceadbf2ddcc274b400d57d80fbfdb31c507776349d1b822fd,329,SUCCESS,observation_date=2026-02-02; selection_basis=AUTO_READY; content_type=application/octet-stream
PKRV,MUFAP,MUFAP current pricing API approved acquisition plan,https://www.mufap.com.pk/Upload/WebDoc/IndustryStatictics/PKRV0302202624634.csv,2026-09-29T18:47:13+00:00,PKRV0302202624634.csv,data/raw/mufap/pkrv/PKRV0302202624634.csv,csv,ffcf37b50f02db4dcbadb9d11f08760481afd8f10e0e7b39f4ea2e01697a0316,339,SUCCESS,observation_date=2026-02-03; selection_basis=AUTO_READY; content_type=application/octet-stream
PKRV,MUFAP,MUFAP current pricing API approved acquisition plan,https://www.mufap.com.pk/Upload/WebDoc/IndustryStatictics/PKRV0402202624640.csv,2026-09-29T18:47:13+00:00,PKRV0402202624640.csv,data/raw/mufap/pkrv/PKRV0402202624640.csv,csv,7cc460c721e06754df220f2100c9f167c7169400edf7c9d2178eda78487cb347,326,SUCCESS,observation_date=2026-02-04; selection_basis=AUTO_READY; content_type=application/octet-stream
PKRV,MUFAP,MUFAP current pricing API approved acquisition plan,https://www.mufap.com.pk/Upload/WebDoc/IndustryStatictics/PKRV0602202624647.csv,2026-09-29T18:47:13+00:00,PKRV0602202624647.csv,data/raw/mufap/pkrv/PKRV0602202624647.csv,csv,d1731488d6c5f22b6e445b122a339c5b0a502272aebe4e5479b29522ad0fba88,334,SUCCESS,observation_date=2026-02-06; selection_basis=AUTO_READY; content_type=application/octet-stream
PKRV,MUFAP,MUFAP current pricing API approved acquisition plan,https://www.mufap.com.pk/Upload/WebDoc/IndustryStatictics/PKRV0902202624652.csv,2026-09-29T18:47:13+00:00,PKRV0902202624652.csv,data/raw/mufap/pkrv/PKRV0902202624652.csv,csv,a8fd4334d325df05c484252bb9765d70be82c90a2dd8b55686d4368e241c950c,330,SUCCESS,observation_date=2026-02-09; selection_basis=AUTO_READY; content_type=application/octet-stream
PKRV,MUFAP,MUFAP current pricing API approved acquisition plan,https://www.mufap.com.pk/Upload/WebDoc/IndustryStatictics/PKRV1002202624657.csv,2026-09-29T18:47:13+00:00,PKRV1002202624657.csv,data/raw/mufap/pkrv/PKRV1002202624657.csv,csv,d11a09c0e422ed0dfd7b9e1052e96d11aa05f2a01882095471a9e0a2852b4045,326,SUCCESS,observation_date=2026-02-10; selection_basis=AUTO_READY; content_type=application/octet-stream
PKRV,MUFAP,MUFAP current pricing API approved acquisition plan,https://www.mufap.com.pk/Upload/WebDoc/IndustryStatictics/PKRV1102202624665.csv,2026-09-29T18:47:14+00:00,PKRV1102202624665.csv,data/raw/mufap/pkrv/PKRV1102202624665.csv,csv,4f32bd086a2f441b59cfdd247a1e2e5ce5ab7a44356debf0f8a112eef5795d08,327,SUCCESS,observation_date=2026-02-11; selection_basis=AUTO_READY; content_type=application/octet-stream
PKRV,MUFAP,MUFAP current pricing API approved acquisition plan,https://www.mufap.com.pk/Upload/WebDoc/IndustryStatictics/PKRV1202202624670.csv,2026-09-29T18:47:14+00:00,PKRV1202202624670.csv,data/raw/mufap/pkrv/PKRV1202202624670.csv,csv,ca37362f15d62dddd2c22a385be4f719b8d74e39acc94a01cac41e773a88d756,326,SUCCESS,observation_date=2026-02-12; selection_basis=AUTO_READY; content_type=application/octet-stream
PKRV,MUFAP,MUFAP current pricing API approved acquisition plan,https://www.mufap.com.pk/Upload/WebDoc/IndustryStatictics/PKRV1302202624675.csv,2026-09-29T18:47:14+00:00,PKRV1302202624675.csv,data/raw/mufap/pkrv/PKRV1302202624675.csv,csv,c3eccfbb85b69be0bfaddb6fb06baa7fc28060ea3fe58d2fe51e1fc8792c63a2,327,SUCCESS,observation_date=2026-02-13; selection_basis=AUTO_READY; content_type=application/octet-stream
PKRV,MUFAP,MUFAP current pricing API approved acquisition plan,https://www.mufap.com.pk/Upload/WebDoc/IndustryStatictics/PKRV1602202624681.csv,2026-09-29T18:47:14+00:00,PKRV1602202624681.csv,data/raw/mufap/pkrv/PKRV1602202624681.csv,csv,852e77e2cc33bf02e254a7ea9e48596fc5cc80880eba2be71a8b34b14a22e03e,326,SUCCESS,observation_date=2026-02-16; selection_basis=AUTO_READY; content_type=application/octet-stream
PKRV,MUFAP,MUFAP current pricing API approved acquisition plan,https://www.mufap.com.pk/Upload/WebDoc/IndustryStatictics/PKRV1702202624687.csv,2026-09-29T18:47:14+00:00,PKRV1702202624687.csv,data/raw/mufap/pkrv/PKRV1702202624687.csv,csv,4f9e63d9402eeb82720c87144d0808625fb91c27eb37f0006cd6136453fd04f9,330,SUCCESS,observation_date=2026-02-17; selection_basis=AUTO_READY; content_type=application/octet-stream
PKRV,MUFAP,MUFAP current pricing API approved acquisition plan,https://www.mufap.com.pk/Upload/WebDoc/IndustryStatictics/PKRV1802202624692.csv,2026-09-29T18:47:14+00:00,PKRV1802202624692.csv,data/raw/mufap/pkrv/PKRV1802202624692.csv,csv,93fed4e613d1b22bec2d82eeb5854300873cbb295a09e387ae4c2f5fd08b87c0,335,SUCCESS,observation_date=2026-02-18; selection_basis=AUTO_READY; content_type=application/octet-stream
PKRV,MUFAP,MUFAP current pricing API approved acquisition plan,https://www.mufap.com.pk/Upload/WebDoc/IndustryStatictics/PKRV2002202624700.csv,2026-09-29T18:47:14+00:00,PKRV2002202624700.csv,data/raw/mufap/pkrv/PKRV2002202624700.csv,csv,b11d8fa9c5a41bb81b38493ecb0bc19e4d91d3a15996511f95185e37f4001a84,327,SUCCESS,observation_date=2026-02-20; selection_basis=AUTO_READY; content_type=application/octet-stream
PKRV,MUFAP,MUFAP current pricing API approved acquisition plan,https://www.mufap.com.pk/Upload/WebDoc/IndustryStatictics/PKRV2302202624705.csv,2026-09-29T18:47:15+00:00,PKRV2302202624705.csv,data/raw/mufap/pkrv/PKRV2302202624705.csv,csv,b5e6a22bae82b1f96e302716b450afef9fe6eea30b3b2bef602821050dd43844,327,SUCCESS,observation_date=2026-02-23; selection_basis=AUTO_READY; content_type=application/octet-stream
PKRV,MUFAP,MUFAP current pricing API approved acquisition plan,https://www.mufap.com.pk/Upload/WebDoc/IndustryStatictics/PKRV2402202624710.csv,2026-09-29T18:47:15+00:00,PKRV2402202624710.csv,data/raw/mufap/pkrv/PKRV2402202624710.csv,csv,37416e7a6c2a932f0b6db9cfaced6d6288dbb1cf0951b87e08dd08a6f721b847,327,SUCCESS,observation_date=2026-02-24; selection_basis=AUTO_READY; content_type=application/octet-stream
PKRV,MUFAP,MUFAP current pricing API approved acquisition plan,https://www.mufap.com.pk/Upload/WebDoc/IndustryStatictics/PKRV2502202624715.csv,2026-09-29T18:47:15+00:00,PKRV2502202624715.csv,data/raw/mufap/pkrv/PKRV2502202624715.csv,csv,92bf9b707c89f290b2bd4f4f8aae895daeca040f640c6e5f4cffa6cfd3ba5afa,330,SUCCESS,observation_date=2026-02-25; selection_basis=AUTO_READY; content_type=application/octet-stream
PKRV,MUFAP,MUFAP current pricing API approved acquisition plan,https://www.mufap.com.pk/Upload/WebDoc/IndustryStatictics/PKRV2602202624720.csv,2026-09-29T18:47:15+00:00,PKRV2602202624720.csv,data/raw/mufap/pkrv/PKRV2602202624720.csv,csv,5d863b7e14270222f10b6f738800d55408a95c6d2a27c692329007b3a7f87565,331,SUCCESS,observation_date=2026-02-26; selection_basis=AUTO_READY; content_type=application/octet-stream
PKRV,MUFAP,MUFAP current pricing API approved acquisition plan,https://www.mufap.com.pk/Upload/WebDoc/IndustryStatictics/PKRV2702202624728.csv,2026-09-29T18:47:15+00:00,PKRV2702202624728.csv,data/raw/mufap/pkrv/PKRV2702202624728.csv,csv,71c0d236b13ca394883c0b9927e1559e0f22cc925a316faf960493eca91f000f,328,SUCCESS,observation_date=2026-02-27; selection_basis=AUTO_READY; content_type=application/octet-stream
PKRV,MUFAP,MUFAP current pricing API approved acquisition plan,https://www.mufap.com.pk/Upload/WebDoc/IndustryStatictics/PKRV0203202624733.csv,2026-09-29T18:47:15+00:00,PKRV0203202624733.csv,data/raw/mufap/pkrv/PKRV0203202624733.csv,csv,20f6e84a18a67277d4d2467ba7e444853f546043dce253af477051fd58c850b9,326,SUCCESS,observation_date=2026-03-02; selection_basis=AUTO_READY; content_type=application/octet-stream
PKRV,MUFAP,MUFAP current pricing API approved acquisition plan,https://www.mufap.com.pk/Upload/WebDoc/IndustryStatictics/PKRV0303202624739.csv,2026-09-29T18:47:15+00:00,PKRV0303202624739.csv,data/raw/mufap/pkrv/PKRV0303202624739.csv,csv,0472399d6c3093a7f3c1c9c9f10e54f9e4dcf0bccc18b38126b961bbeeac3ce2,341,SUCCESS,observation_date=2026-03-03; selection_basis=AUTO_READY; content_type=application/octet-stream
PKRV,MUFAP,MUFAP current pricing API approved acquisition plan,https://www.mufap.com.pk/Upload/WebDoc/IndustryStatictics/PKRV0403202624744.csv,2026-09-29T18:47:16+00:00,PKRV0403202624744.csv,data/raw/mufap/pkrv/PKRV0403202624744.csv,csv,6c09353bfa7df958ec196f43ea4e87fbba274cbc5b7c5c7db52ba095fef88627,326,SUCCESS,observation_date=2026-03-04; selection_basis=AUTO_READY; content_type=application/octet-stream
PKRV,MUFAP,MUFAP current pricing API approved acquisition plan,https://www.mufap.com.pk/Upload/WebDoc/IndustryStatictics/PKRV0503202624750.csv,2026-09-29T18:47:16+00:00,PKRV0503202624750.csv,data/raw/mufap/pkrv/PKRV0503202624750.csv,csv,0cfe075064f68e4a1a2b625a0463fbfb7010a28f3f1eb4c1989dc0335dd6aaff,327,SUCCESS,observation_date=2026-03-05; selection_basis=AUTO_READY; content_type=application/octet-stream
PKRV,MUFAP,MUFAP current pricing API approved acquisition plan,https://www.mufap.com.pk/Upload/WebDoc/IndustryStatictics/PKRV0603202624754.csv,2026-09-29T18:47:16+00:00,PKRV0603202624754.csv,data/raw/mufap/pkrv/PKRV0603202624754.csv,csv,cef6025ee9586912036b394edca8f735ed1d781fa131f9d8a44d16a6d9ef94db,326,SUCCESS,observation_date=2026-03-06; selection_basis=AUTO_READY; content_type=application/octet-stream
PKRV,MUFAP,MUFAP current pricing API approved acquisition plan,https://www.mufap.com.pk/Upload/WebDoc/IndustryStatictics/PKRV0903202624758.csv,2026-09-29T18:47:16+00:00,PKRV0903202624758.csv,data/raw/mufap/pkrv/PKRV0903202624758.csv,csv,a7cefd60f3fccbe8ee29dc29eccedfc1ce9f8d44b35c5a6a39ca2a8054d82042,326,SUCCESS,observation_date=2026-03-09; selection_basis=AUTO_READY; content_type=application/octet-stream
PKRV,MUFAP,MUFAP current pricing API approved acquisition plan,https://www.mufap.com.pk/Upload/WebDoc/IndustryStatictics/PKRV1003202624762.csv,2026-09-29T18:47:16+00:00,PKRV1003202624762.csv,data/raw/mufap/pkrv/PKRV1003202624762.csv,csv,bc5fcc535d508c72b5a6120e6108d42e02bd7f898c14acf69875dd2dade83680,346,SUCCESS,observation_date=2026-03-10; selection_basis=AUTO_READY; content_type=application/octet-stream
PKRV,MUFAP,MUFAP current pricing API approved acquisition plan,https://www.mufap.com.pk/Upload/WebDoc/IndustryStatictics/PKRV1103202624766.csv,2026-09-29T18:47:16+00:00,PKRV1103202624766.csv,data/raw/mufap/pkrv/PKRV1103202624766.csv,csv,4db16f65fb4506ad94b75f9b397da7da7934188bdc9135b6cbfd723113902945,341,SUCCESS,observation_date=2026-03-11; selection_basis=AUTO_READY; content_type=application/octet-stream
PKRV,MUFAP,MUFAP current pricing API approved acquisition plan,https://www.mufap.com.pk/Upload/WebDoc/IndustryStatictics/PKRV1203202624770.csv,2026-09-29T18:47:16+00:00,PKRV1203202624770.csv,data/raw/mufap/pkrv/PKRV1203202624770.csv,csv,872b4ce922b3b0b6130fa2f9546a18dbbeaaabf0ba13139d4f1bbb6b3f0a9962,328,SUCCESS,observation_date=2026-03-12; selection_basis=AUTO_READY; content_type=application/octet-stream
PKRV,MUFAP,MUFAP current pricing API approved acquisition plan,https://www.mufap.com.pk/Upload/WebDoc/IndustryStatictics/PKRV1303202624775.csv,2026-09-29T18:47:17+00:00,PKRV1303202624775.csv,data/raw/mufap/pkrv/PKRV1303202624775.csv,csv,66613cda9b705679f5e075943050880db58782ca9345813d2814c91d830c5461,328,SUCCESS,observation_date=2026-03-13; selection_basis=AUTO_READY; content_type=application/octet-stream
PKRV,MUFAP,MUFAP current pricing API approved acquisition plan,https://www.mufap.com.pk/Upload/WebDoc/IndustryStatictics/PKRV1603202624780.csv,2026-09-29T18:47:17+00:00,PKRV1603202624780.csv,data/raw/mufap/pkrv/PKRV1603202624780.csv,csv,eb61d4eb7c98a54b83f12523ca4dea1712aefbc24d7ca6c384b700bc100bcf06,327,SUCCESS,observation_date=2026-03-16; selection_basis=AUTO_READY; content_type=application/octet-stream
PKRV,MUFAP,MUFAP current pricing API approved acquisition plan,https://www.mufap.com.pk/Upload/WebDoc/IndustryStatictics/PKRV1703202624785.csv,2026-09-29T18:47:17+00:00,PKRV1703202624785.csv,data/raw/mufap/pkrv/PKRV1703202624785.csv,csv,f348ff4c3f90c6926fe54ec55eec8032239f3d41c2fbfe3035a2de0d107c20f9,327,SUCCESS,observation_date=2026-03-17; selection_basis=AUTO_READY; content_type=application/octet-stream
PKRV,MUFAP,MUFAP current pricing API approved acquisition plan,https://www.mufap.com.pk/Upload/WebDoc/IndustryStatictics/PKRV1803202624793.xls,2026-09-29T18:47:17+00:00,PKRV1803202624793.xls,data/raw/mufap/pkrv/PKRV1803202624793.xls,xls,5e7d2bee7450fbbbefb30cc9fe5263fcdf01754e0f430f5162d93dcc990fdfd3,7588,SUCCESS,observation_date=2026-03-18; selection_basis=ANOMALY_RESOLUTION; content_type=application/vnd.ms-excel
PKRV,MUFAP,MUFAP current pricing API approved acquisition plan,https://www.mufap.com.pk/Upload/WebDoc/IndustryStatictics/PKRV1903202624797.csv,2026-09-29T18:47:17+00:00,PKRV1903202624797.csv,data/raw/mufap/pkrv/PKRV1903202624797.csv,csv,8e8cdbeca2bf09f69bf50a7a43093e4fa589ca8f67bacecdb7bb377a99978eff,328,SUCCESS,observation_date=2026-03-19; selection_basis=AUTO_READY; content_type=application/octet-stream
PKRV,MUFAP,MUFAP current pricing API approved acquisition plan,https://www.mufap.com.pk/Upload/WebDoc/IndustryStatictics/PKRV2403202624802.csv,2026-09-29T18:47:17+00:00,PKRV2403202624802.csv,data/raw/mufap/pkrv/PKRV2403202624802.csv,csv,8a5a3bdf5d87c96485ada1e6a31ee0ec68de9f64eef8d5146403775af599b6c1,335,SUCCESS,observation_date=2026-03-24; selection_basis=AUTO_READY; content_type=application/octet-stream
PKRV,MUFAP,MUFAP current pricing API approved acquisition plan,https://www.mufap.com.pk/Upload/WebDoc/IndustryStatictics/PKRV2503202624809.csv,2026-09-29T18:47:17+00:00,PKRV2503202624809.csv,data/raw/mufap/pkrv/PKRV2503202624809.csv,csv,abda05a17e5a3438e02b54eb9c95e3215cd2dce0f1aa61616dc40c611d97def7,335,SUCCESS,observation_date=2026-03-25; selection_basis=AUTO_READY; content_type=application/octet-stream
PKRV,MUFAP,MUFAP current pricing API approved acquisition plan,https://www.mufap.com.pk/Upload/WebDoc/IndustryStatictics/PKRV2603202624816.csv,2026-09-29T18:47:18+00:00,PKRV2603202624816.csv,data/raw/mufap/pkrv/PKRV2603202624816.csv,csv,704f76befc6510a1c12402a0798c12b453b6e9e357fb54920a22e413a2001dc7,326,SUCCESS,observation_date=2026-03-26; selection_basis=AUTO_READY; content_type=application/octet-stream
PKRV,MUFAP,MUFAP current pricing API approved acquisition plan,https://www.mufap.com.pk/Upload/WebDoc/IndustryStatictics/PKRV2703202624821.csv,2026-09-29T18:47:18+00:00,PKRV2703202624821.csv,data/raw/mufap/pkrv/PKRV2703202624821.csv,csv,a9cde6e24a8027252dea71781e4f672f19f92769460b8be85e027eaa94b10880,328,SUCCESS,observation_date=2026-03-27; selection_basis=AUTO_READY; content_type=application/octet-stream
PKRV,MUFAP,MUFAP current pricing API approved acquisition plan,https://www.mufap.com.pk/Upload/WebDoc/IndustryStatictics/PKRV3003202624826.csv,2026-09-29T18:47:18+00:00,PKRV3003202624826.csv,data/raw/mufap/pkrv/PKRV3003202624826.csv,csv,7b652aef2f704d8fa7db5d4712aac9ea372a1255f7eef05f3ccee1d00b8ed410,326,SUCCESS,observation_date=2026-03-30; selection_basis=AUTO_READY; content_type=application/octet-stream
PKRV,MUFAP,MUFAP current pricing API approved acquisition plan,https://www.mufap.com.pk/Upload/WebDoc/IndustryStatictics/PKRV3103202624831.csv,2026-09-29T18:47:18+00:00,PKRV3103202624831.csv,data/raw/mufap/pkrv/PKRV3103202624831.csv,csv,f8e89b8ace90bc58d04d851af567600dd5fbb2c43d1f25a3e0aeaf1d80ec00ab,332,SUCCESS,observation_date=2026-03-31; selection_basis=AUTO_READY; content_type=application/octet-stream
PKRV,MUFAP,MUFAP current pricing API approved acquisition plan,https://www.mufap.com.pk/Upload/WebDoc/IndustryStatictics/PKRV0104202624836.csv,2026-09-29T18:47:18+00:00,PKRV0104202624836.csv,data/raw/mufap/pkrv/PKRV0104202624836.csv,csv,d691d2b671cd7595435412cf8ad6861e0497c7e0c2c692d30cba46875016c205,345,SUCCESS,observation_date=2026-04-01; selection_basis=AUTO_READY; content_type=application/octet-stream
PKRV,MUFAP,MUFAP current pricing API approved acquisition plan,https://www.mufap.com.pk/Upload/WebDoc/IndustryStatictics/PKRV0204202624839.csv,2026-09-29T18:47:18+00:00,PKRV0204202624839.csv,data/raw/mufap/pkrv/PKRV0204202624839.csv,csv,0e433af8e0c6ef53e3e8fc87c6adbe226b9b3a9b6b575f1943dd2d376a3193ea,334,SUCCESS,observation_date=2026-04-02; selection_basis=AUTO_READY; content_type=application/octet-stream
PKRV,MUFAP,MUFAP current pricing API approved acquisition plan,https://www.mufap.com.pk/Upload/WebDoc/IndustryStatictics/PKRV0304202624852.csv,2026-09-29T18:47:19+00:00,PKRV0304202624852.csv,data/raw/mufap/pkrv/PKRV0304202624852.csv,csv,5d0ef78c6d7d7695ac2b8a2b1f560cdcf160cc1d424127cc66ca3d97c9716a47,329,SUCCESS,observation_date=2026-04-03; selection_basis=AUTO_READY; content_type=application/octet-stream
PKRV,MUFAP,MUFAP current pricing API approved acquisition plan,https://www.mufap.com.pk/Upload/WebDoc/IndustryStatictics/PKRV0604202624856.csv,2026-09-29T18:47:19+00:00,PKRV0604202624856.csv,data/raw/mufap/pkrv/PKRV0604202624856.csv,csv,030b8d97c3b4783579a521bbff1738bbb0c258b3c67fd018fd0a8150338139c7,326,SUCCESS,observation_date=2026-04-06; selection_basis=AUTO_READY; content_type=application/octet-stream
PKRV,MUFAP,MUFAP current pricing API approved acquisition plan,https://www.mufap.com.pk/Upload/WebDoc/IndustryStatictics/PKRV0704202624859.csv,2026-09-29T18:47:19+00:00,PKRV0704202624859.csv,data/raw/mufap/pkrv/PKRV0704202624859.csv,csv,65e41b48caadf7e3c31079a72faa9b68cfb1b91a0e2337530574afb87887e61a,342,SUCCESS,observation_date=2026-04-07; selection_basis=AUTO_READY; content_type=application/octet-stream
PKRV,MUFAP,MUFAP current pricing API approved acquisition plan,https://www.mufap.com.pk/Upload/WebDoc/IndustryStatictics/PKRV0804202624869.csv,2026-09-29T18:47:19+00:00,PKRV0804202624869.csv,data/raw/mufap/pkrv/PKRV0804202624869.csv,csv,27d56f88f44072a70bf974a87e27e10f9437178bfef886d63f4faa79e41eae0e,346,SUCCESS,observation_date=2026-04-08; selection_basis=AUTO_READY; content_type=application/octet-stream
PKRV,MUFAP,MUFAP current pricing API approved acquisition plan,https://www.mufap.com.pk/Upload/WebDoc/IndustryStatictics/PKRV0904202624870.csv,2026-09-29T18:47:19+00:00,PKRV0904202624870.csv,data/raw/mufap/pkrv/PKRV0904202624870.csv,csv,6355354890522cf5f643a2bc639bc954ab5404662e02d16156ca968fff3b89c8,331,SUCCESS,observation_date=2026-04-09; selection_basis=AUTO_READY; content_type=application/octet-stream
PKRV,MUFAP,MUFAP current pricing API approved acquisition plan,https://www.mufap.com.pk/Upload/WebDoc/IndustryStatictics/PKRV1004202624875.csv,2026-09-29T18:47:19+00:00,PKRV1004202624875.csv,data/raw/mufap/pkrv/PKRV1004202624875.csv,csv,2732f19df944b033ac47035bb6b34ad8415f789c294a159e5b5349c2ab6f7cd8,345,SUCCESS,observation_date=2026-04-10; selection_basis=AUTO_READY; content_type=application/octet-stream
PKRV,MUFAP,MUFAP current pricing API approved acquisition plan,https://www.mufap.com.pk/Upload/WebDoc/IndustryStatictics/PKRV1304202624880.csv,2026-09-29T18:47:20+00:00,PKRV1304202624880.csv,data/raw/mufap/pkrv/PKRV1304202624880.csv,csv,27ae3e587affe9ee05067519e4cc0824d6810a3237d60dd2200362428b3d581b,326,SUCCESS,observation_date=2026-04-13; selection_basis=AUTO_READY; content_type=application/octet-stream
PKRV,MUFAP,MUFAP current pricing API approved acquisition plan,https://www.mufap.com.pk/Upload/WebDoc/IndustryStatictics/PKRV1404202624886.csv,2026-09-29T18:47:20+00:00,PKRV1404202624886.csv,data/raw/mufap/pkrv/PKRV1404202624886.csv,csv,15a0ecbcb0b826f6ffc54648005843fa9cf59c68fdae6c8f047ed605d8476e1c,343,SUCCESS,observation_date=2026-04-14; selection_basis=AUTO_READY; content_type=application/octet-stream
PKRV,MUFAP,MUFAP current pricing API approved acquisition plan,https://www.mufap.com.pk/Upload/WebDoc/IndustryStatictics/PKRV1504202624891.csv,2026-09-29T18:47:20+00:00,PKRV1504202624891.csv,data/raw/mufap/pkrv/PKRV1504202624891.csv,csv,77224fe3a324e167fe82e7db30b5a48097d7f727f3872f82eca535d81987622b,346,SUCCESS,observation_date=2026-04-15; selection_basis=AUTO_READY; content_type=application/octet-stream
PKRV,MUFAP,MUFAP current pricing API approved acquisition plan,https://www.mufap.com.pk/Upload/WebDoc/IndustryStatictics/PKRV1604202624902.csv,2026-09-29T18:47:20+00:00,PKRV1604202624902.csv,data/raw/mufap/pkrv/PKRV1604202624902.csv,csv,6b4c7884f8a86fb69a3e6fd1c02d0decfd68aad7226c2d19b79d32f13cdc3531,340,SUCCESS,observation_date=2026-04-16; selection_basis=AUTO_READY; content_type=application/octet-stream
PKRV,MUFAP,MUFAP current pricing API approved acquisition plan,https://www.mufap.com.pk/Upload/WebDoc/IndustryStatictics/PKRV1704202624919.csv,2026-09-29T18:47:20+00:00,PKRV1704202624919.csv,data/raw/mufap/pkrv/PKRV1704202624919.csv,csv,9dd8b1b115d22d20511dbfff421acf05673683fa2cf9402a82a973902fa87682,331,SUCCESS,observation_date=2026-04-17; selection_basis=AUTO_READY; content_type=application/octet-stream
PKRV,MUFAP,MUFAP current pricing API approved acquisition plan,https://www.mufap.com.pk/Upload/WebDoc/IndustryStatictics/PKRV2004202624925.csv,2026-09-29T18:47:20+00:00,PKRV2004202624925.csv,data/raw/mufap/pkrv/PKRV2004202624925.csv,csv,1b736b9e8f98352e7f5134506d1bcfb2799a1af481ccec0f26d6c5d2a2b0c1a4,331,SUCCESS,observation_date=2026-04-20; selection_basis=AUTO_READY; content_type=application/octet-stream
PKRV,MUFAP,MUFAP current pricing API approved acquisition plan,https://www.mufap.com.pk/Upload/WebDoc/IndustryStatictics/PKRV2104202624930.csv,2026-09-29T18:47:21+00:00,PKRV2104202624930.csv,data/raw/mufap/pkrv/PKRV2104202624930.csv,csv,74c7a749e286ecfe6a93b351839c263dd619bbde7ffb88cfb54530b89372a2c4,343,SUCCESS,observation_date=2026-04-21; selection_basis=AUTO_READY; content_type=application/octet-stream
PKRV,MUFAP,MUFAP current pricing API approved acquisition plan,https://www.mufap.com.pk/Upload/WebDoc/IndustryStatictics/PKRV2204202624935.csv,2026-09-29T18:47:21+00:00,PKRV2204202624935.csv,data/raw/mufap/pkrv/PKRV2204202624935.csv,csv,3bbc50e68e2ca6975b7d7b6f3015129fef7067193d8f0eafb7a55d136f939070,329,SUCCESS,observation_date=2026-04-22; selection_basis=AUTO_READY; content_type=application/octet-stream
PKRV,MUFAP,MUFAP current pricing API approved acquisition plan,https://www.mufap.com.pk/Upload/WebDoc/IndustryStatictics/PKRV2304202624941.csv,2026-09-29T18:47:21+00:00,PKRV2304202624941.csv,data/raw/mufap/pkrv/PKRV2304202624941.csv,csv,36882f76f553b70c53460d1b993b41bf51363755f193b3d07d19e27d216a4755,328,SUCCESS,observation_date=2026-04-23; selection_basis=AUTO_READY; content_type=application/octet-stream
PKRV,MUFAP,MUFAP current pricing API approved acquisition plan,https://www.mufap.com.pk/Upload/WebDoc/IndustryStatictics/PKRV2404202624946.csv,2026-09-29T18:47:21+00:00,PKRV2404202624946.csv,data/raw/mufap/pkrv/PKRV2404202624946.csv,csv,be42e3f15774f79283b83200e4a7ac6d49879599462a44ec617a02e78802b659,326,SUCCESS,observation_date=2026-04-24; selection_basis=AUTO_READY; content_type=application/octet-stream
PKRV,MUFAP,MUFAP current pricing API approved acquisition plan,https://www.mufap.com.pk/Upload/WebDoc/IndustryStatictics/PKRV2704202624951.csv,2026-09-29T18:47:21+00:00,PKRV2704202624951.csv,data/raw/mufap/pkrv/PKRV2704202624951.csv,csv,2531c0be1b81d896a3d350e5a27a4d068b07fab08f42985c2d32371415535de9,326,SUCCESS,observation_date=2026-04-27; selection_basis=AUTO_READY; content_type=application/octet-stream
PKRV,MUFAP,MUFAP current pricing API approved acquisition plan,https://www.mufap.com.pk/Upload/WebDoc/IndustryStatictics/PKRV2804202624958.csv,2026-09-29T18:47:21+00:00,PKRV2804202624958.csv,data/raw/mufap/pkrv/PKRV2804202624958.csv,csv,27262a525bccf149325f444855bdb63b775c6fe357950d3c8c766c2734385692,326,SUCCESS,observation_date=2026-04-28; selection_basis=AUTO_READY; content_type=application/octet-stream
PKRV,MUFAP,MUFAP current pricing API approved acquisition plan,https://www.mufap.com.pk/Upload/WebDoc/IndustryStatictics/PKRV2904202624964.csv,2026-09-29T18:47:21+00:00,PKRV2904202624964.csv,data/raw/mufap/pkrv/PKRV2904202624964.csv,csv,8b2bbc3fc6131a122f468b2bfaca662ef737601521338fc82dbb7f0a91613fe5,343,SUCCESS,observation_date=2026-04-29; selection_basis=AUTO_READY; content_type=application/octet-stream
PKRV,MUFAP,MUFAP current pricing API approved acquisition plan,https://www.mufap.com.pk/Upload/WebDoc/IndustryStatictics/PKRV3004202624969.csv,2026-09-29T18:47:22+00:00,PKRV3004202624969.csv,data/raw/mufap/pkrv/PKRV3004202624969.csv,csv,a53d9a3a3703b2d8be89445d321ac08a69479c5b48784290d5feaadd20f5e726,327,SUCCESS,observation_date=2026-04-30; selection_basis=AUTO_READY; content_type=application/octet-stream
PKRV,MUFAP,MUFAP current pricing API approved acquisition plan,https://www.mufap.com.pk/Upload/WebDoc/IndustryStatictics/PKRV0405202624975.csv,2026-09-29T18:47:22+00:00,PKRV0405202624975.csv,data/raw/mufap/pkrv/PKRV0405202624975.csv,csv,33964942251ad49344bd468e6a4548c1eb331ae02a77862cee4da17f3dd439e3,334,SUCCESS,observation_date=2026-05-04; selection_basis=AUTO_READY; content_type=application/octet-stream
PKRV,MUFAP,MUFAP current pricing API approved acquisition plan,https://www.mufap.com.pk/Upload/WebDoc/IndustryStatictics/PKRV0505202624979.csv,2026-09-29T18:47:22+00:00,PKRV0505202624979.csv,data/raw/mufap/pkrv/PKRV0505202624979.csv,csv,3103bd9f2c0b78b62d672b331a5803752ecea4f0d48d3d03a41aa796bba1fc03,338,SUCCESS,observation_date=2026-05-05; selection_basis=AUTO_READY; content_type=application/octet-stream
PKRV,MUFAP,MUFAP current pricing API approved acquisition plan,https://www.mufap.com.pk/Upload/WebDoc/IndustryStatictics/PKRV0605202624987.csv,2026-09-29T18:47:22+00:00,PKRV0605202624987.csv,data/raw/mufap/pkrv/PKRV0605202624987.csv,csv,c5b049974baccddfe6dbee6f30901788817ad01553edf3f9ef6c84d8675955d9,341,SUCCESS,observation_date=2026-05-06; selection_basis=AUTO_READY; content_type=application/octet-stream
PKRV,MUFAP,MUFAP current pricing API approved acquisition plan,https://www.mufap.com.pk/Upload/WebDoc/IndustryStatictics/PKRV0705202624991.csv,2026-09-29T18:47:22+00:00,PKRV0705202624991.csv,data/raw/mufap/pkrv/PKRV0705202624991.csv,csv,9eab67be2ebdcac3dff6ad4e46b0a2e8efccbb0e2e387c7eab93d7aac85babe0,342,SUCCESS,observation_date=2026-05-07; selection_basis=AUTO_READY; content_type=application/octet-stream
PKRV,MUFAP,MUFAP current pricing API approved acquisition plan,https://www.mufap.com.pk/Upload/WebDoc/IndustryStatictics/PKRV0805202624996.csv,2026-09-29T18:47:22+00:00,PKRV0805202624996.csv,data/raw/mufap/pkrv/PKRV0805202624996.csv,csv,5855c388bac2c033daf8e277a2dc22166b43096f742a0d4bbe71c745f775fc58,329,SUCCESS,observation_date=2026-05-08; selection_basis=AUTO_READY; content_type=application/octet-stream
PKRV,MUFAP,MUFAP current pricing API approved acquisition plan,https://www.mufap.com.pk/Upload/WebDoc/IndustryStatictics/PKRV1105202625002.csv,2026-09-29T18:47:23+00:00,PKRV1105202625002.csv,data/raw/mufap/pkrv/PKRV1105202625002.csv,csv,54f87cbeed8edd8104114201f27a2b2f24757f084db00bc73771f100a3f52389,326,SUCCESS,observation_date=2026-05-11; selection_basis=AUTO_READY; content_type=application/octet-stream
PKRV,MUFAP,MUFAP current pricing API approved acquisition plan,https://www.mufap.com.pk/Upload/WebDoc/IndustryStatictics/PKRV1205202625007.csv,2026-09-29T18:47:23+00:00,PKRV1205202625007.csv,data/raw/mufap/pkrv/PKRV1205202625007.csv,csv,08675a2e2cc62292e1574dd5f45f9056557f9e5c1ea394aa2461bee3f026c46e,326,SUCCESS,observation_date=2026-05-12; selection_basis=AUTO_READY; content_type=application/octet-stream
PKRV,MUFAP,MUFAP current pricing API approved acquisition plan,https://www.mufap.com.pk/Upload/WebDoc/IndustryStatictics/PKRV1305202625014.csv,2026-09-29T18:47:23+00:00,PKRV1305202625014.csv,data/raw/mufap/pkrv/PKRV1305202625014.csv,csv,53fc92d572a4d745a9bd75b61b97d61732684dc5eb75204445c83a34df433926,326,SUCCESS,observation_date=2026-05-13; selection_basis=AUTO_READY; content_type=application/octet-stream
PKRV,MUFAP,MUFAP current pricing API approved acquisition plan,https://www.mufap.com.pk/Upload/WebDoc/IndustryStatictics/PKRV1405202625020.csv,2026-09-29T18:47:23+00:00,PKRV1405202625020.csv,data/raw/mufap/pkrv/PKRV1405202625020.csv,csv,f0e2407b6abf4327ec554c6c771bec301efaaf098b355b61a5051905a5ea5a2d,328,SUCCESS,observation_date=2026-05-14; selection_basis=AUTO_READY; content_type=application/octet-stream
PKRV,MUFAP,MUFAP current pricing API approved acquisition plan,https://www.mufap.com.pk/Upload/WebDoc/IndustryStatictics/PKRV1505202625026.csv,2026-09-29T18:47:23+00:00,PKRV1505202625026.csv,data/raw/mufap/pkrv/PKRV1505202625026.csv,csv,27402b9ee76f9589eeaab3d52f4354aa6c3c1f535be63a243e3bcaaad164fc57,326,SUCCESS,observation_date=2026-05-15; selection_basis=AUTO_READY; content_type=application/octet-stream
PKRV,MUFAP,MUFAP current pricing API approved acquisition plan,https://www.mufap.com.pk/Upload/WebDoc/IndustryStatictics/PKRV1805202625030.csv,2026-09-29T18:47:23+00:00,PKRV1805202625030.csv,data/raw/mufap/pkrv/PKRV1805202625030.csv,csv,216f7a055f5007402d6a5fb986e70789ef087add38380c7de4005baa4a2b771d,327,SUCCESS,observation_date=2026-05-18; selection_basis=AUTO_READY; content_type=application/octet-stream
PKRV,MUFAP,MUFAP current pricing API approved acquisition plan,https://www.mufap.com.pk/Upload/WebDoc/IndustryStatictics/PKRV1905202625036.csv,2026-09-29T18:47:23+00:00,PKRV1905202625036.csv,data/raw/mufap/pkrv/PKRV1905202625036.csv,csv,9f8557a457100548872525d30844b6b85940d37edf09e2d00bddf2294a497c80,335,SUCCESS,observation_date=2026-05-19; selection_basis=AUTO_READY; content_type=application/octet-stream
PKRV,MUFAP,MUFAP current pricing API approved acquisition plan,https://www.mufap.com.pk/Upload/WebDoc/IndustryStatictics/PKRV2005202625041.csv,2026-09-29T18:47:24+00:00,PKRV2005202625041.csv,data/raw/mufap/pkrv/PKRV2005202625041.csv,csv,cf8df4cc6eee21c61003797ad3501e8825f7772f6f5ce3055580d6ce02e0c256,328,SUCCESS,observation_date=2026-05-20; selection_basis=AUTO_READY; content_type=application/octet-stream
PKRV,MUFAP,MUFAP current pricing API approved acquisition plan,https://www.mufap.com.pk/Upload/WebDoc/IndustryStatictics/PKRV2105202625045.csv,2026-09-29T18:47:24+00:00,PKRV2105202625045.csv,data/raw/mufap/pkrv/PKRV2105202625045.csv,csv,1447c0e34cfe53a4f5d08c4adbb7765bbcfd6d1a4a7416107b2de10be68b86e1,339,SUCCESS,observation_date=2026-05-21; selection_basis=AUTO_READY; content_type=application/octet-stream
PKRV,MUFAP,MUFAP current pricing API approved acquisition plan,https://www.mufap.com.pk/Upload/WebDoc/IndustryStatictics/PKRV2205202625052.csv,2026-09-29T18:47:24+00:00,PKRV2205202625052.csv,data/raw/mufap/pkrv/PKRV2205202625052.csv,csv,cc9b274a21b34bf6c7e0b99a84c3a23c18dc8dc24f7dc8a19edf63c27274fd53,330,SUCCESS,observation_date=2026-05-22; selection_basis=AUTO_READY; content_type=application/octet-stream
PKRV,MUFAP,MUFAP current pricing API approved acquisition plan,https://www.mufap.com.pk/Upload/WebDoc/IndustryStatictics/PKRV2505202625057.csv,2026-09-29T18:47:24+00:00,PKRV2505202625057.csv,data/raw/mufap/pkrv/PKRV2505202625057.csv,csv,c8facccc435767674b1ef25449e9d1da7891c4c08614049f70b865659cfab598,344,SUCCESS,observation_date=2026-05-25; selection_basis=AUTO_READY; content_type=application/octet-stream
PKRV,MUFAP,MUFAP current pricing API approved acquisition plan,https://www.mufap.com.pk/Upload/WebDoc/IndustryStatictics/PKRV2905202625062.csv,2026-09-29T18:47:24+00:00,PKRV2905202625062.csv,data/raw/mufap/pkrv/PKRV2905202625062.csv,csv,8ae10476773d9c2c770ef6da415a3fa9295147228688737e513d39412d5c294e,346,SUCCESS,observation_date=2026-05-29; selection_basis=AUTO_READY; content_type=application/octet-stream
PKRV,MUFAP,MUFAP current pricing API approved acquisition plan,https://www.mufap.com.pk/Upload/WebDoc/IndustryStatictics/PKRV0106202625069.csv,2026-09-29T18:47:24+00:00,PKRV0106202625069.csv,data/raw/mufap/pkrv/PKRV0106202625069.csv,csv,159dc3d9ef805dbc65a2a66da2f6a220964120fadd86d06722a9694d121f297d,331,SUCCESS,observation_date=2026-06-01; selection_basis=AUTO_READY; content_type=application/octet-stream
PKRV,MUFAP,MUFAP current pricing API approved acquisition plan,https://www.mufap.com.pk/Upload/WebDoc/IndustryStatictics/PKRV0206202625075.csv,2026-09-29T18:47:24+00:00,PKRV0206202625075.csv,data/raw/mufap/pkrv/PKRV0206202625075.csv,csv,683d813e26a34b26f9101732ed4778886c4d0615060919b9c381991c07d97127,329,SUCCESS,observation_date=2026-06-02; selection_basis=AUTO_READY; content_type=application/octet-stream
PKRV,MUFAP,MUFAP current pricing API approved acquisition plan,https://www.mufap.com.pk/Upload/WebDoc/IndustryStatictics/PKRV0306202625080.csv,2026-09-29T18:47:25+00:00,PKRV0306202625080.csv,data/raw/mufap/pkrv/PKRV0306202625080.csv,csv,8d46d73da872f7d84bfe1e53a3c22b976535243336a9d9e1ab1c52205af4f429,327,SUCCESS,observation_date=2026-06-03; selection_basis=AUTO_READY; content_type=application/octet-stream
PKRV,MUFAP,MUFAP current pricing API approved acquisition plan,https://www.mufap.com.pk/Upload/WebDoc/IndustryStatictics/PKRV0406202625088.csv,2026-09-29T18:47:25+00:00,PKRV0406202625088.csv,data/raw/mufap/pkrv/PKRV0406202625088.csv,csv,3ebf4c9c2514a84c10440c0db7c6bd9b593e077d13ad8587ad188aa32207c25f,333,SUCCESS,observation_date=2026-06-04; selection_basis=AUTO_READY; content_type=application/octet-stream
PKRV,MUFAP,MUFAP current pricing API approved acquisition plan,https://www.mufap.com.pk/Upload/WebDoc/IndustryStatictics/PKRV0506202625093.csv,2026-09-29T18:47:25+00:00,PKRV0506202625093.csv,data/raw/mufap/pkrv/PKRV0506202625093.csv,csv,756be2939bf06db60a62c8a81f9e233b16e912ee2e1f6bcb00212dc6f5133065,338,SUCCESS,observation_date=2026-06-05; selection_basis=AUTO_READY; content_type=application/octet-stream
PKRV,MUFAP,MUFAP current pricing API approved acquisition plan,https://www.mufap.com.pk/Upload/WebDoc/IndustryStatictics/PKRV0806202625098.csv,2026-09-29T18:47:25+00:00,PKRV0806202625098.csv,data/raw/mufap/pkrv/PKRV0806202625098.csv,csv,0d0747f1ef798d28e60545eaf316f85473c8b20f14fe481f7e77374c2d6abd99,331,SUCCESS,observation_date=2026-06-08; selection_basis=AUTO_READY; content_type=application/octet-stream
PKRV,MUFAP,MUFAP current pricing API approved acquisition plan,https://www.mufap.com.pk/Upload/WebDoc/IndustryStatictics/PKRV0906202625103.csv,2026-09-29T18:47:25+00:00,PKRV0906202625103.csv,data/raw/mufap/pkrv/PKRV0906202625103.csv,csv,67e1b075d269f373316c3972ec86ddc1f48c3285eb8f36a69268650a6bd49d42,494,SUCCESS,observation_date=2026-06-09; selection_basis=AUTO_READY; content_type=application/octet-stream
PKRV,MUFAP,MUFAP current pricing API approved acquisition plan,https://www.mufap.com.pk/Upload/WebDoc/IndustryStatictics/PKRV1006202625108.csv,2026-09-29T18:47:25+00:00,PKRV1006202625108.csv,data/raw/mufap/pkrv/PKRV1006202625108.csv,csv,886101a333acd0debeeecde4c78dbb7b97d2ce9546e7cc29be0bc50c54166fab,334,SUCCESS,observation_date=2026-06-10; selection_basis=AUTO_READY; content_type=application/octet-stream
PKRV,MUFAP,MUFAP current pricing API approved acquisition plan,https://www.mufap.com.pk/Upload/WebDoc/IndustryStatictics/PKRV1106202625113.csv,2026-09-29T18:47:25+00:00,PKRV1106202625113.csv,data/raw/mufap/pkrv/PKRV1106202625113.csv,csv,e606fac9f6fe5727cb6a7d6088caf0863fdc0c70c0bba804ec172ae038afeba0,332,SUCCESS,observation_date=2026-06-11; selection_basis=AUTO_READY; content_type=application/octet-stream
PKRV,MUFAP,MUFAP current pricing API approved acquisition plan,https://www.mufap.com.pk/Upload/WebDoc/IndustryStatictics/PKRV1206202625118.csv,2026-09-29T18:47:26+00:00,PKRV1206202625118.csv,data/raw/mufap/pkrv/PKRV1206202625118.csv,csv,14dc216b51325fa723add0fd00b3543fbcce6c5e432073b896454cdba029ec1b,348,SUCCESS,observation_date=2026-06-12; selection_basis=AUTO_READY; content_type=application/octet-stream
PKRV,MUFAP,MUFAP current pricing API approved acquisition plan,https://www.mufap.com.pk/Upload/WebDoc/IndustryStatictics/PKRV1506202625124.csv,2026-09-29T18:47:26+00:00,PKRV1506202625124.csv,data/raw/mufap/pkrv/PKRV1506202625124.csv,csv,63ad343dfefd10c7a324fc04e4a3e6b5462a8742b9f1f3f3d2314a6fd38f4c8c,350,SUCCESS,observation_date=2026-06-15; selection_basis=AUTO_READY; content_type=application/octet-stream
PKRV,MUFAP,MUFAP current pricing API approved acquisition plan,https://www.mufap.com.pk/Upload/WebDoc/IndustryStatictics/PKRV1606202625129.csv,2026-09-29T18:47:26+00:00,PKRV1606202625129.csv,data/raw/mufap/pkrv/PKRV1606202625129.csv,csv,fdaf0b5f5e732697df32db82a1c5c594d8b478948d2857d3d9f2553579f9d509,348,SUCCESS,observation_date=2026-06-16; selection_basis=AUTO_READY; content_type=application/octet-stream
PKRV,MUFAP,MUFAP current pricing API approved acquisition plan,https://www.mufap.com.pk/Upload/WebDoc/IndustryStatictics/PKRV1706202625134.csv,2026-09-29T18:47:26+00:00,PKRV1706202625134.csv,data/raw/mufap/pkrv/PKRV1706202625134.csv,csv,440690da10b924d910577b3d33fa659f184abd227c5308e7cb1b5b73ed2508e0,349,SUCCESS,observation_date=2026-06-17; selection_basis=AUTO_READY; content_type=application/octet-stream
PKRV,MUFAP,MUFAP current pricing API approved acquisition plan,https://www.mufap.com.pk/Upload/WebDoc/IndustryStatictics/PKRV1806202625139.csv,2026-09-29T18:47:26+00:00,PKRV1806202625139.csv,data/raw/mufap/pkrv/PKRV1806202625139.csv,csv,429bf88a14941f1ea51cfa57588d891c2acbf92baf812ff2dee4b4b66ded19be,346,SUCCESS,observation_date=2026-06-18; selection_basis=AUTO_READY; content_type=application/octet-stream
PKRV,MUFAP,MUFAP current pricing API approved acquisition plan,https://www.mufap.com.pk/Upload/WebDoc/IndustryStatictics/PKRV1906202625147.csv,2026-09-29T18:47:26+00:00,PKRV1906202625147.csv,data/raw/mufap/pkrv/PKRV1906202625147.csv,csv,b84cc9d67e6010d7be58578d62e20688a338678c4d7bed1bddc902914b2ab216,331,SUCCESS,observation_date=2026-06-19; selection_basis=AUTO_READY; content_type=application/octet-stream
PKRV,MUFAP,MUFAP current pricing API approved acquisition plan,https://www.mufap.com.pk/Upload/WebDoc/IndustryStatictics/PKRV2206202625151.csv,2026-09-29T18:47:27+00:00,PKRV2206202625151.csv,data/raw/mufap/pkrv/PKRV2206202625151.csv,csv,12ae0f1830ce02f2bf2027b4a546f5cd38207e0404fc406a751b835078ab597b,335,SUCCESS,observation_date=2026-06-22; selection_basis=AUTO_READY; content_type=application/octet-stream
PKRV,MUFAP,MUFAP current pricing API approved acquisition plan,https://www.mufap.com.pk/Upload/WebDoc/IndustryStatictics/PKRV2306202625156.csv,2026-09-29T18:47:27+00:00,PKRV2306202625156.csv,data/raw/mufap/pkrv/PKRV2306202625156.csv,csv,e8e69f3e2fc324002c9d526fc5e548476525ac568aef3f8082c470c890a36539,347,SUCCESS,observation_date=2026-06-23; selection_basis=AUTO_READY; content_type=application/octet-stream
PKRV,MUFAP,MUFAP current pricing API approved acquisition plan,https://www.mufap.com.pk/Upload/WebDoc/IndustryStatictics/PKRV2406202625161.csv,2026-09-29T18:47:27+00:00,PKRV2406202625161.csv,data/raw/mufap/pkrv/PKRV2406202625161.csv,csv,225283d2a39a53c0d082aadaa1d734cae8f17ee7f9a581fbc499cf27b9be2028,349,SUCCESS,observation_date=2026-06-24; selection_basis=AUTO_READY; content_type=application/octet-stream
PKRV,MUFAP,MUFAP current pricing API approved acquisition plan,https://www.mufap.com.pk/Upload/WebDoc/IndustryStatictics/PKRV2906202625166.csv,2026-09-29T18:47:27+00:00,PKRV2906202625166.csv,data/raw/mufap/pkrv/PKRV2906202625166.csv,csv,465682eb76409fc30372cb7c0d29f657832ddf85c5e4c7cbe995298453ad4103,342,SUCCESS,observation_date=2026-06-29; selection_basis=AUTO_READY; content_type=application/octet-stream
PKRV,MUFAP,MUFAP current pricing API approved acquisition plan,https://www.mufap.com.pk/Upload/WebDoc/IndustryStatictics/PKRV3006202625172.csv,2026-09-29T18:47:27+00:00,PKRV3006202625172.csv,data/raw/mufap/pkrv/PKRV3006202625172.csv,csv,d7f8ad014ab3e1bf459c68fc4f7c091a64098382f36aa08a02b1e28d74ba748a,334,SUCCESS,observation_date=2026-06-30; selection_basis=AUTO_READY; content_type=application/octet-stream
PKRV,MUFAP,MUFAP current pricing API approved acquisition plan,https://www.mufap.com.pk/Upload/WebDoc/IndustryStatictics/PKRV0207202625180.csv,2026-09-29T18:47:27+00:00,PKRV0207202625180.csv,data/raw/mufap/pkrv/PKRV0207202625180.csv,csv,e1e53d8b88b0ae177061e0273a3dc79ba997914f274ae9c2147c5646d98f36c8,349,SUCCESS,observation_date=2026-07-02; selection_basis=AUTO_READY; content_type=application/octet-stream
PKRV,MUFAP,MUFAP current pricing API approved acquisition plan,https://www.mufap.com.pk/Upload/WebDoc/IndustryStatictics/PKRV0307202625188.csv,2026-09-29T18:47:28+00:00,PKRV0307202625188.csv,data/raw/mufap/pkrv/PKRV0307202625188.csv,csv,a45970e2a4a7099b2a21a4b836c29aab39a557fb60937427c9c90c81f86eec6c,349,SUCCESS,observation_date=2026-07-03; selection_basis=AUTO_READY; content_type=application/octet-stream
PKRV,MUFAP,MUFAP current pricing API approved acquisition plan,https://www.mufap.com.pk/Upload/WebDoc/IndustryStatictics/PKRV0607202625192.csv,2026-09-29T18:47:28+00:00,PKRV0607202625192.csv,data/raw/mufap/pkrv/PKRV0607202625192.csv,csv,b5f1be56865bc12892d550c270232c312b3aa0239dca051f0238445c8486fa3d,344,SUCCESS,observation_date=2026-07-06; selection_basis=AUTO_READY; content_type=application/octet-stream
PKRV,MUFAP,MUFAP current pricing API approved acquisition plan,https://www.mufap.com.pk/Upload/WebDoc/IndustryStatictics/PKRV0707202625196.csv,2026-09-29T18:47:28+00:00,PKRV0707202625196.csv,data/raw/mufap/pkrv/PKRV0707202625196.csv,csv,a3c4b2e398ed450f3ec071ce722ef7a2b12dfca097c8a2cc199bda392d162da1,332,SUCCESS,observation_date=2026-07-07; selection_basis=AUTO_READY; content_type=application/octet-stream
PKRV,MUFAP,MUFAP current pricing API approved acquisition plan,https://www.mufap.com.pk/Upload/WebDoc/IndustryStatictics/PKRV0807202625200.csv,2026-09-29T18:47:28+00:00,PKRV0807202625200.csv,data/raw/mufap/pkrv/PKRV0807202625200.csv,csv,9ee581451fbfb1bb230f1b76a71c220e8b52e76e9b3545ccf7842b4ca27b7597,331,SUCCESS,observation_date=2026-07-08; selection_basis=AUTO_READY; content_type=application/octet-stream
PKRV,MUFAP,MUFAP current pricing API approved acquisition plan,https://www.mufap.com.pk/Upload/WebDoc/IndustryStatictics/PKRV0907202625205.csv,2026-09-29T18:47:28+00:00,PKRV0907202625205.csv,data/raw/mufap/pkrv/PKRV0907202625205.csv,csv,942a65230ea2b40a09ee15ee557ec19a3b2612ca77416ebb39a3bc4df1052b1f,348,SUCCESS,observation_date=2026-07-09; selection_basis=AUTO_READY; content_type=application/octet-stream
PKRV,MUFAP,MUFAP current pricing API approved acquisition plan,https://www.mufap.com.pk/Upload/WebDoc/IndustryStatictics/PKRV1007202625209.csv,2026-09-29T18:47:28+00:00,PKRV1007202625209.csv,data/raw/mufap/pkrv/PKRV1007202625209.csv,csv,85213e713ae0708640d33464c08059dc85dcb394a9799f1b47a4f5baae728a19,328,SUCCESS,observation_date=2026-07-10; selection_basis=AUTO_READY; content_type=application/octet-stream
PKRV,MUFAP,MUFAP current pricing API approved acquisition plan,https://www.mufap.com.pk/Upload/WebDoc/IndustryStatictics/PKRV1307202625213.csv,2026-09-29T18:47:28+00:00,PKRV1307202625213.csv,data/raw/mufap/pkrv/PKRV1307202625213.csv,csv,fd2b0ae4dc9ed2d91b73c89f99ad0e08e66122d92898f06a4c2de8c7e1adc94c,326,SUCCESS,observation_date=2026-07-13; selection_basis=AUTO_READY; content_type=application/octet-stream
PKRV,MUFAP,MUFAP current pricing API approved acquisition plan,https://www.mufap.com.pk/Upload/WebDoc/IndustryStatictics/PKRV1407202625217.csv,2026-09-29T18:47:29+00:00,PKRV1407202625217.csv,data/raw/mufap/pkrv/PKRV1407202625217.csv,csv,6575431bd1f302778ed9524feb7597be5947a1a23fab873c72163e66fa0994e8,326,SUCCESS,observation_date=2026-07-14; selection_basis=AUTO_READY; content_type=application/octet-stream
PKRV,MUFAP,MUFAP current pricing API approved acquisition plan,https://www.mufap.com.pk/Upload/WebDoc/IndustryStatictics/PKRV1507202625225.csv,2026-09-29T18:47:29+00:00,PKRV1507202625225.csv,data/raw/mufap/pkrv/PKRV1507202625225.csv,csv,b030632a9fefb87f9e6514e23c75293347f8bdd8f7ba350b9d34723eef75003a,338,SUCCESS,observation_date=2026-07-15; selection_basis=AUTO_READY; content_type=application/octet-stream
PKRV,MUFAP,MUFAP current pricing API approved acquisition plan,https://www.mufap.com.pk/Upload/WebDoc/IndustryStatictics/PKRV1607202625228.csv,2026-09-29T18:47:29+00:00,PKRV1607202625228.csv,data/raw/mufap/pkrv/PKRV1607202625228.csv,csv,78f0ce9760cd9d357d2543d7f5d566fd05f3dda1dd4bde4625d1035870d4cc27,341,SUCCESS,observation_date=2026-07-16; selection_basis=AUTO_READY; content_type=application/octet-stream
PKRV,MUFAP,MUFAP current pricing API approved acquisition plan,https://www.mufap.com.pk/Upload/WebDoc/IndustryStatictics/PKRV1707202625232.csv,2026-09-29T18:47:29+00:00,PKRV1707202625232.csv,data/raw/mufap/pkrv/PKRV1707202625232.csv,csv,538de50dd0b27327e4c1db1174ed224869c50c78b80b703127193b2f9e91ba0b,327,SUCCESS,observation_date=2026-07-17; selection_basis=AUTO_READY; content_type=application/octet-stream
PKRV,MUFAP,MUFAP current pricing API approved acquisition plan,https://www.mufap.com.pk/Upload/WebDoc/IndustryStatictics/PKRV2007202625236.csv,2026-09-29T18:47:29+00:00,PKRV2007202625236.csv,data/raw/mufap/pkrv/PKRV2007202625236.csv,csv,1209a3f783296fd4b6092bbc59c99d566e15a03381d7de6706a08a5b76858cbc,329,SUCCESS,observation_date=2026-07-20; selection_basis=AUTO_READY; content_type=application/octet-stream
PKRV,MUFAP,MUFAP current pricing API approved acquisition plan,https://www.mufap.com.pk/Upload/WebDoc/IndustryStatictics/PKRV2107202625240.csv,2026-09-29T18:47:29+00:00,PKRV2107202625240.csv,data/raw/mufap/pkrv/PKRV2107202625240.csv,csv,4e0898e1f96dba8ebbfa2f5de3682b03062b459a723ea2b0df1b3fd5488bce72,330,SUCCESS,observation_date=2026-07-21; selection_basis=AUTO_READY; content_type=application/octet-stream
PKRV,MUFAP,MUFAP current pricing API approved acquisition plan,https://www.mufap.com.pk/Upload/WebDoc/IndustryStatictics/PKRV2207202625244.csv,2026-09-29T18:47:29+00:00,PKRV2207202625244.csv,data/raw/mufap/pkrv/PKRV2207202625244.csv,csv,9821d836e46eebc0307bafda9690fdebd250211f930d45fd869820d6b4cb3a0c,326,SUCCESS,observation_date=2026-07-22; selection_basis=AUTO_READY; content_type=application/octet-stream
PKRV,MUFAP,MUFAP current pricing API approved acquisition plan,https://www.mufap.com.pk/Upload/WebDoc/IndustryStatictics/PKRV2307202625249.csv,2026-09-29T18:47:30+00:00,PKRV2307202625249.csv,data/raw/mufap/pkrv/PKRV2307202625249.csv,csv,2b26933c5c2ebca98f95e4810cb0011746fd5f5f0bb2363e5d84441ea79c6019,330,SUCCESS,observation_date=2026-07-23; selection_basis=AUTO_READY; content_type=application/octet-stream
PKRV,MUFAP,MUFAP current pricing API approved acquisition plan,https://www.mufap.com.pk/Upload/WebDoc/IndustryStatictics/PKRV2407202625253.csv,2026-09-29T18:47:30+00:00,PKRV2407202625253.csv,data/raw/mufap/pkrv/PKRV2407202625253.csv,csv,013fe498689da97c120733ff5f8b0239222f78c003fe8355941bd79b60d1fd1e,328,SUCCESS,observation_date=2026-07-24; selection_basis=AUTO_READY; content_type=application/octet-stream
PKRV,MUFAP,MUFAP current pricing API approved acquisition plan,https://www.mufap.com.pk/Upload/WebDoc/IndustryStatictics/PKRV2707202625257.csv,2026-09-29T18:47:30+00:00,PKRV2707202625257.csv,data/raw/mufap/pkrv/PKRV2707202625257.csv,csv,00e24ef5f45d4b7f988c65b01b7826147641fd294be739906e0e274c27227394,345,SUCCESS,observation_date=2026-07-27; selection_basis=AUTO_READY; content_type=application/octet-stream
PKRV,MUFAP,MUFAP current pricing API approved acquisition plan,https://www.mufap.com.pk/Upload/WebDoc/IndustryStatictics/PKRV2807202625262.csv,2026-09-29T18:47:30+00:00,PKRV2807202625262.csv,data/raw/mufap/pkrv/PKRV2807202625262.csv,csv,993bc30db3779ff45261eabba42976296ce1ce7d4325873272cd380158af0f95,331,SUCCESS,observation_date=2026-07-28; selection_basis=AUTO_READY; content_type=application/octet-stream
PKRV,MUFAP,MUFAP current pricing API approved acquisition plan,https://www.mufap.com.pk/Upload/WebDoc/IndustryStatictics/PKRV2907202625270.csv,2026-09-29T18:47:30+00:00,PKRV2907202625270.csv,data/raw/mufap/pkrv/PKRV2907202625270.csv,csv,0f91e159ad40c7312eca181a8dd9645c56cb02b9bb2a4e7fa8f152adb16507b7,327,SUCCESS,observation_date=2026-07-29; selection_basis=AUTO_READY; content_type=application/octet-stream
PKRV,MUFAP,MUFAP current pricing API approved acquisition plan,https://www.mufap.com.pk/Upload/WebDoc/IndustryStatictics/PKRV3007202625274.csv,2026-09-29T18:47:30+00:00,PKRV3007202625274.csv,data/raw/mufap/pkrv/PKRV3007202625274.csv,csv,992ec92c8bc18af4d8998a98c12bc94ee45307802635cd981d8976cb33c30bb6,330,SUCCESS,observation_date=2026-07-30; selection_basis=AUTO_READY; content_type=application/octet-stream
PKRV,MUFAP,MUFAP current pricing API approved acquisition plan,https://www.mufap.com.pk/Upload/WebDoc/IndustryStatictics/PKRV3107202625280.csv,2026-09-29T18:47:30+00:00,PKRV3107202625280.csv,data/raw/mufap/pkrv/PKRV3107202625280.csv,csv,3321c08dd453a09c6ccd808c820689afb26a87bac10c5628b190162faf160111,341,SUCCESS,observation_date=2026-07-31; selection_basis=AUTO_READY; content_type=application/octet-stream
PKRV,MUFAP,MUFAP current pricing API approved acquisition plan,https://www.mufap.com.pk/Upload/WebDoc/IndustryStatictics/PKRV0308202625284.csv,2026-09-29T18:47:31+00:00,PKRV0308202625284.csv,data/raw/mufap/pkrv/PKRV0308202625284.csv,csv,b8c71384aa72f9caacd49ebb0b51f65a893506b42826e1e8dfb8095abdc5765a,326,SUCCESS,observation_date=2026-08-03; selection_basis=AUTO_READY; content_type=application/octet-stream
PKRV,MUFAP,MUFAP current pricing API approved acquisition plan,https://www.mufap.com.pk/Upload/WebDoc/IndustryStatictics/PKRV0408202625288.csv,2026-09-29T18:47:31+00:00,PKRV0408202625288.csv,data/raw/mufap/pkrv/PKRV0408202625288.csv,csv,17c5dc6c064a95480bb55295b217206a1158159ea6896760e4c4dd49a000c616,326,SUCCESS,observation_date=2026-08-04; selection_basis=AUTO_READY; content_type=application/octet-stream
PKRV,MUFAP,MUFAP current pricing API approved acquisition plan,https://www.mufap.com.pk/Upload/WebDoc/IndustryStatictics/PKRV0508202625296.csv,2026-09-29T18:47:31+00:00,PKRV0508202625296.csv,data/raw/mufap/pkrv/PKRV0508202625296.csv,csv,a2c2aea4704a3eaed0e0f0b7121f7b47a8d35c2b0cdc2e8b2cd33e7266d0b9d8,338,SUCCESS,observation_date=2026-08-05; selection_basis=AUTO_READY; content_type=application/octet-stream
PKRV,MUFAP,MUFAP current pricing API approved acquisition plan,https://www.mufap.com.pk/Upload/WebDoc/IndustryStatictics/PKRV0608202625300.csv,2026-09-29T18:47:31+00:00,PKRV0608202625300.csv,data/raw/mufap/pkrv/PKRV0608202625300.csv,csv,8c9ae0daedd54104bbcddf6000b9d78616d41e4bb698f9475b810e4fd6458028,334,SUCCESS,observation_date=2026-08-06; selection_basis=AUTO_READY; content_type=application/octet-stream
PKRV,MUFAP,MUFAP current pricing API approved acquisition plan,https://www.mufap.com.pk/Upload/WebDoc/IndustryStatictics/PKRV0708202625309.csv,2026-09-29T18:47:31+00:00,PKRV0708202625309.csv,data/raw/mufap/pkrv/PKRV0708202625309.csv,csv,05cae2745305b61f9cfde1ae758e03d15a3410f5b70f482402fff7fce9da93e4,331,SUCCESS,observation_date=2026-08-07; selection_basis=AUTO_READY; content_type=application/octet-stream
PKRV,MUFAP,MUFAP current pricing API approved acquisition plan,https://www.mufap.com.pk/Upload/WebDoc/IndustryStatictics/PKRV1008202625313.csv,2026-09-29T18:47:31+00:00,PKRV1008202625313.csv,data/raw/mufap/pkrv/PKRV1008202625313.csv,csv,373228e80de676e7d6e1387fcdb1d41ec748f15007e3d7553c1d44c5edf5af59,331,SUCCESS,observation_date=2026-08-10; selection_basis=AUTO_READY; content_type=application/octet-stream
PKRV,MUFAP,MUFAP current pricing API approved acquisition plan,https://www.mufap.com.pk/Upload/WebDoc/IndustryStatictics/PKRV1108202625317.csv,2026-09-29T18:47:32+00:00,PKRV1108202625317.csv,data/raw/mufap/pkrv/PKRV1108202625317.csv,csv,6f9116c42522f90d9a4c1cfcd17910ebf980fd46f3f6a5d9b11b95b0f9e0837c,326,SUCCESS,observation_date=2026-08-11; selection_basis=AUTO_READY; content_type=application/octet-stream
PKRV,MUFAP,MUFAP current pricing API approved acquisition plan,https://www.mufap.com.pk/Upload/WebDoc/IndustryStatictics/PKRV1208202625322.csv,2026-09-29T18:47:32+00:00,PKRV1208202625322.csv,data/raw/mufap/pkrv/PKRV1208202625322.csv,csv,4f86d72f6eba5a42c0b0f5fa8157699c267c69e3b5ef7c178836d424fc7c4047,335,SUCCESS,observation_date=2026-08-12; selection_basis=AUTO_READY; content_type=application/octet-stream
PKRV,MUFAP,MUFAP current pricing API approved acquisition plan,https://www.mufap.com.pk/Upload/WebDoc/IndustryStatictics/PKRV1308202625328.csv,2026-09-29T18:47:32+00:00,PKRV1308202625328.csv,data/raw/mufap/pkrv/PKRV1308202625328.csv,csv,ae312b2e722a9e0ca8b3e21d8859faa52f33fca8cf4bd5c21b55ddaadd2eba1d,332,SUCCESS,observation_date=2026-08-13; selection_basis=AUTO_READY; content_type=application/octet-stream
PKRV,MUFAP,MUFAP current pricing API approved acquisition plan,https://www.mufap.com.pk/Upload/WebDoc/IndustryStatictics/PKRV1708202625333.csv,2026-09-29T18:47:32+00:00,PKRV1708202625333.csv,data/raw/mufap/pkrv/PKRV1708202625333.csv,csv,fc1779b5d01d7f42bc1985dc8bc5d09a91a46afc5d7b498fd4be1e4a617e845b,327,SUCCESS,observation_date=2026-08-17; selection_basis=AUTO_READY; content_type=application/octet-stream
PKRV,MUFAP,MUFAP current pricing API approved acquisition plan,https://www.mufap.com.pk/Upload/WebDoc/IndustryStatictics/PKRV1808202625338.csv,2026-09-29T18:47:32+00:00,PKRV1808202625338.csv,data/raw/mufap/pkrv/PKRV1808202625338.csv,csv,9589642a8a6b73a5c69a5d68cf3faf137ef21a257d61c726cc8a1088c154241f,326,SUCCESS,observation_date=2026-08-18; selection_basis=AUTO_READY; content_type=application/octet-stream
PKRV,MUFAP,MUFAP current pricing API approved acquisition plan,https://www.mufap.com.pk/Upload/WebDoc/IndustryStatictics/PKRV1908202625343.csv,2026-09-29T18:47:32+00:00,PKRV1908202625343.csv,data/raw/mufap/pkrv/PKRV1908202625343.csv,csv,b577695d7d4737ea59fee29ae3e22edff3f61545a592a5bd291bc471282b2fe2,328,SUCCESS,observation_date=2026-08-19; selection_basis=AUTO_READY; content_type=application/octet-stream
PKRV,MUFAP,MUFAP current pricing API approved acquisition plan,https://www.mufap.com.pk/Upload/WebDoc/IndustryStatictics/PKRV2008202625349.csv,2026-09-29T18:47:33+00:00,PKRV2008202625349.csv,data/raw/mufap/pkrv/PKRV2008202625349.csv,csv,77a34dcee3c1b1fa33e3ae47cbef76f90bddece0f1da63d8e83a57544e3c9411,333,SUCCESS,observation_date=2026-08-20; selection_basis=AUTO_READY; content_type=application/octet-stream
PKRV,MUFAP,MUFAP current pricing API approved acquisition plan,https://www.mufap.com.pk/Upload/WebDoc/IndustryStatictics/PKRV2108202625356.csv,2026-09-29T18:47:33+00:00,PKRV2108202625356.csv,data/raw/mufap/pkrv/PKRV2108202625356.csv,csv,a3f0da52e74daf4b606437ea127b51fdbedf9faa50089dcffa91218deff47210,330,SUCCESS,observation_date=2026-08-21; selection_basis=AUTO_READY; content_type=application/octet-stream
PKRV,MUFAP,MUFAP current pricing API approved acquisition plan,https://www.mufap.com.pk/Upload/WebDoc/IndustryStatictics/PKRV2408202625361.csv,2026-09-29T18:47:33+00:00,PKRV2408202625361.csv,data/raw/mufap/pkrv/PKRV2408202625361.csv,csv,983dfdc4739c21250ad7398c4b33ddddb81ed567b490c80bf36290a02a2e8ab3,336,SUCCESS,observation_date=2026-08-24; selection_basis=AUTO_READY; content_type=application/octet-stream
PKRV,MUFAP,MUFAP current pricing API approved acquisition plan,https://www.mufap.com.pk/Upload/WebDoc/IndustryStatictics/PKRV2508202625366.csv,2026-09-29T18:47:33+00:00,PKRV2508202625366.csv,data/raw/mufap/pkrv/PKRV2508202625366.csv,csv,ebf988fdec49e43f2abe218ac19c56261c32778ed57d5b36ea373b91c71e24d4,343,SUCCESS,observation_date=2026-08-25; selection_basis=AUTO_READY; content_type=application/octet-stream
PKRV,MUFAP,MUFAP current pricing API approved acquisition plan,https://www.mufap.com.pk/Upload/WebDoc/IndustryStatictics/PKRV2708202625371.csv,2026-09-29T18:47:33+00:00,PKRV2708202625371.csv,data/raw/mufap/pkrv/PKRV2708202625371.csv,csv,b8e5135aa864cbc946dc3bde2b862f036b2e3b536595493e59a58a5a06a00675,338,SUCCESS,observation_date=2026-08-27; selection_basis=AUTO_READY; content_type=application/octet-stream
PKRV,MUFAP,MUFAP current pricing API approved acquisition plan,https://www.mufap.com.pk/Upload/WebDoc/IndustryStatictics/PKRV2808202625379.csv,2026-09-29T18:47:33+00:00,PKRV2808202625379.csv,data/raw/mufap/pkrv/PKRV2808202625379.csv,csv,3f00c9b5a227bcabbee9f5083e7be84c67aed9e66b85c93237a207b4c114b0dc,329,SUCCESS,observation_date=2026-08-28; selection_basis=AUTO_READY; content_type=application/octet-stream
PKRV,MUFAP,MUFAP current pricing API approved acquisition plan,https://www.mufap.com.pk/Upload/WebDoc/IndustryStatictics/PKRV3108202625386.csv,2026-09-29T18:47:34+00:00,PKRV3108202625386.csv,data/raw/mufap/pkrv/PKRV3108202625386.csv,csv,40cafaaf31fb6e0933aaf536c4ab5cd42a343be04d5c13406df7c0acdb9ab99c,327,SUCCESS,observation_date=2026-08-31; selection_basis=AUTO_READY; content_type=application/octet-stream
PKRV,MUFAP,MUFAP current pricing API approved acquisition plan,https://www.mufap.com.pk/Upload/WebDoc/IndustryStatictics/PKRV0109202625388.csv,2026-09-29T18:47:34+00:00,PKRV0109202625388.csv,data/raw/mufap/pkrv/PKRV0109202625388.csv,csv,12ebc6533cf79f4c0490bafae5aaf76c59d311c336eec65fcd592ae7756855e9,329,SUCCESS,observation_date=2026-09-01; selection_basis=AUTO_READY; content_type=application/octet-stream
PKRV,MUFAP,MUFAP current pricing API approved acquisition plan,https://www.mufap.com.pk/Upload/WebDoc/IndustryStatictics/PKRV0209202625398.csv,2026-09-29T18:47:34+00:00,PKRV0209202625398.csv,data/raw/mufap/pkrv/PKRV0209202625398.csv,csv,8ba187812cdb6282e3374c93bda05606a9848f1eaf13cf8387290907a21f4985,330,SUCCESS,observation_date=2026-09-02; selection_basis=AUTO_READY; content_type=application/octet-stream
PKRV,MUFAP,MUFAP current pricing API approved acquisition plan,https://www.mufap.com.pk/Upload/WebDoc/IndustryStatictics/PKRV0309202625402.csv,2026-09-29T18:47:34+00:00,PKRV0309202625402.csv,data/raw/mufap/pkrv/PKRV0309202625402.csv,csv,6cfd6807ff3fbb469c2a55318f74c7efa776e25583e81ab2bfb7eca2dfd4e8d1,333,SUCCESS,observation_date=2026-09-03; selection_basis=AUTO_READY; content_type=application/octet-stream
PKRV,MUFAP,MUFAP current pricing API approved acquisition plan,https://www.mufap.com.pk/Upload/WebDoc/IndustryStatictics/PKRV0409202625409.csv,2026-09-29T18:47:34+00:00,PKRV0409202625409.csv,data/raw/mufap/pkrv/PKRV0409202625409.csv,csv,5f28029ce76166758089bf97b00fd14d87667dbd3e7900b5193ecbdde925c7a2,333,SUCCESS,observation_date=2026-09-04; selection_basis=AUTO_READY; content_type=application/octet-stream
PKRV,MUFAP,MUFAP current pricing API approved acquisition plan,https://www.mufap.com.pk/Upload/WebDoc/IndustryStatictics/PKRV0709202625411.csv,2026-09-29T18:47:34+00:00,PKRV0709202625411.csv,data/raw/mufap/pkrv/PKRV0709202625411.csv,csv,19af573e3612e42ea76122bd1fa8ebd1a47404267e54c48a8cb6af00c6262273,334,SUCCESS,observation_date=2026-09-07; selection_basis=AUTO_READY; content_type=application/octet-stream
PKRV,MUFAP,MUFAP current pricing API approved acquisition plan,https://www.mufap.com.pk/Upload/WebDoc/IndustryStatictics/PKRV0809202625416.csv,2026-09-29T18:47:34+00:00,PKRV0809202625416.csv,data/raw/mufap/pkrv/PKRV0809202625416.csv,csv,abfb6ed57516df75f8f365c77930c9d93026d9ee932cbb408f8daa9cf1b8f671,328,SUCCESS,observation_date=2026-09-08; selection_basis=AUTO_READY; content_type=application/octet-stream
PKRV,MUFAP,MUFAP current pricing API approved acquisition plan,https://www.mufap.com.pk/Upload/WebDoc/IndustryStatictics/PKRV0909202625421.csv,2026-09-29T18:47:35+00:00,PKRV0909202625421.csv,data/raw/mufap/pkrv/PKRV0909202625421.csv,csv,cb598f73455e8d44bae1070cfcebe26e0eb53c07b9dfd75a2bdb4811565c39d8,326,SUCCESS,observation_date=2026-09-09; selection_basis=AUTO_READY; content_type=application/octet-stream
PKRV,MUFAP,MUFAP current pricing API approved acquisition plan,https://www.mufap.com.pk/Upload/WebDoc/IndustryStatictics/PKRV1009202625424.csv,2026-09-29T18:47:35+00:00,PKRV1009202625424.csv,data/raw/mufap/pkrv/PKRV1009202625424.csv,csv,a48376f638228601feaa99c3ee90b0a40920d50daad0b7430022246ed23eb6f3,326,SUCCESS,observation_date=2026-09-10; selection_basis=AUTO_READY; content_type=application/octet-stream
PKRV,MUFAP,MUFAP current pricing API approved acquisition plan,https://www.mufap.com.pk/Upload/WebDoc/IndustryStatictics/PKRV1109202625429.csv,2026-09-29T18:47:35+00:00,PKRV1109202625429.csv,data/raw/mufap/pkrv/PKRV1109202625429.csv,csv,dbce128919c480306d56719ce1be5ba80f3e0fc6b73b4e0cae921d769683d76b,326,SUCCESS,observation_date=2026-09-11; selection_basis=AUTO_READY; content_type=application/octet-stream
PKRV,MUFAP,MUFAP current pricing API approved acquisition plan,https://www.mufap.com.pk/Upload/WebDoc/IndustryStatictics/PKRV1409202625435.csv,2026-09-29T18:47:35+00:00,PKRV1409202625435.csv,data/raw/mufap/pkrv/PKRV1409202625435.csv,csv,2739a3496245b1e5d8f298862a4d75b8571738b17b7228453a3af8dd45f4561b,330,SUCCESS,observation_date=2026-09-14; selection_basis=AUTO_READY; content_type=application/octet-stream
PKRV,MUFAP,MUFAP current pricing API approved acquisition plan,https://www.mufap.com.pk/Upload/WebDoc/IndustryStatictics/PKRV1509202625439.csv,2026-09-29T18:47:35+00:00,PKRV1509202625439.csv,data/raw/mufap/pkrv/PKRV1509202625439.csv,csv,6547c509b778717b646f70a5707d3703ebb7d9397124b5b85c62d59478b28856,340,SUCCESS,observation_date=2026-09-15; selection_basis=AUTO_READY; content_type=application/octet-stream
PKRV,MUFAP,MUFAP current pricing API approved acquisition plan,https://www.mufap.com.pk/Upload/WebDoc/IndustryStatictics/PKRV1609202625443.csv,2026-09-29T18:47:35+00:00,PKRV1609202625443.csv,data/raw/mufap/pkrv/PKRV1609202625443.csv,csv,0311bfd3722c04d3bd80fb61cb14dab7ee5eadd8f8ea91a4a4818d0c4be30149,332,SUCCESS,observation_date=2026-09-16; selection_basis=AUTO_READY; content_type=application/octet-stream
PKRV,MUFAP,MUFAP current pricing API approved acquisition plan,https://www.mufap.com.pk/Upload/WebDoc/IndustryStatictics/PKRV1709202625447.csv,2026-09-29T18:47:36+00:00,PKRV1709202625447.csv,data/raw/mufap/pkrv/PKRV1709202625447.csv,csv,14687b781ea5d62e09a2f9874eded4d30f2fdc5ae5ed768fba102b95960de28e,335,SUCCESS,observation_date=2026-09-17; selection_basis=AUTO_READY; content_type=application/octet-stream
PKRV,MUFAP,MUFAP current pricing API approved acquisition plan,https://www.mufap.com.pk/Upload/WebDoc/IndustryStatictics/PKRV1809202625450.csv,2026-09-29T18:47:36+00:00,PKRV1809202625450.csv,data/raw/mufap/pkrv/PKRV1809202625450.csv,csv,773cd59b47b6acd7929c8232b276995c5ad8f652638850061c3e28852af17744,333,SUCCESS,observation_date=2026-09-18; selection_basis=AUTO_READY; content_type=application/octet-stream
PKRV,MUFAP,MUFAP current pricing API approved acquisition plan,https://www.mufap.com.pk/Upload/WebDoc/IndustryStatictics/PKRV2109202625454.csv,2026-09-29T18:47:36+00:00,PKRV2109202625454.csv,data/raw/mufap/pkrv/PKRV2109202625454.csv,csv,ec847b1969a9ed052c0839f18e8e0ba7e6a6cb8774f55047d8d4c67b0460da4d,326,SUCCESS,observation_date=2026-09-21; selection_basis=AUTO_READY; content_type=application/octet-stream
PKRV,MUFAP,MUFAP current pricing API approved acquisition plan,https://www.mufap.com.pk/Upload/WebDoc/IndustryStatictics/PKRV2209202625458.csv,2026-09-29T18:47:36+00:00,PKRV2209202625458.csv,data/raw/mufap/pkrv/PKRV2209202625458.csv,csv,9d069a290e68928eea14cbbfea96ccc138246a0fcdd22895299a3391e7e982d7,337,SUCCESS,observation_date=2026-09-22; selection_basis=AUTO_READY; content_type=application/octet-stream
PKRV,MUFAP,MUFAP current pricing API approved acquisition plan,https://www.mufap.com.pk/Upload/WebDoc/IndustryStatictics/PKRV2309202625465.csv,2026-09-29T18:47:36+00:00,PKRV2309202625465.csv,data/raw/mufap/pkrv/PKRV2309202625465.csv,csv,4d1705c14d0f09518ace2391cbb3d4e7b25b4baca8dc9086b8c7eb594c256347,338,SUCCESS,observation_date=2026-09-23; selection_basis=AUTO_READY; content_type=application/octet-stream
PKRV,MUFAP,MUFAP current pricing API approved acquisition plan,https://www.mufap.com.pk/Upload/WebDoc/IndustryStatictics/PKRV2409202625469.csv,2026-09-29T18:47:36+00:00,PKRV2409202625469.csv,data/raw/mufap/pkrv/PKRV2409202625469.csv,csv,fa49b2d9850248741d7be629cfd7ff5443490a3b89569bdaae8ee57fd6220c26,327,SUCCESS,observation_date=2026-09-24; selection_basis=AUTO_READY; content_type=application/octet-stream
PKRV,MUFAP,MUFAP current pricing API approved acquisition plan,https://www.mufap.com.pk/Upload/WebDoc/IndustryStatictics/PKRV2509202625476.csv,2026-09-29T18:47:36+00:00,PKRV2509202625476.csv,data/raw/mufap/pkrv/PKRV2509202625476.csv,csv,368a0d574ed548c33c7c7857a1e583445fce8625a89c0789148f33631567b79b,326,SUCCESS,observation_date=2026-09-25; selection_basis=AUTO_READY; content_type=application/octet-stream
PKRV,MUFAP,MUFAP current pricing API approved acquisition plan,https://www.mufap.com.pk/Upload/WebDoc/IndustryStatictics/PKRV2809202625481.csv,2026-09-29T18:47:37+00:00,PKRV2809202625481.csv,data/raw/mufap/pkrv/PKRV2809202625481.csv,csv,9dcaef1ed7a06d0ab3b995e65d2f70e3fd10c80047122a8cabe5301f13dea729,326,SUCCESS,observation_date=2026-09-28; selection_basis=AUTO_READY; content_type=application/octet-stream
